method,seed,evaluation_count,sweep,slot_count,unique_slot_phenotypes,largest_phenotype_slot_fraction,normalized_slot_entropy,adjacent_same_phenotype_fraction
moead,1,20,0,20,20,0.05,1.0,0.0
moead,1,40,1,20,4,0.5,0.38124903652801373,0.7894736842105263
moead,1,60,2,20,5,0.5,0.3883428386300494,0.7894736842105263
moead,1,80,3,20,2,0.5,0.23137821315975918,0.9473684210526315
moead,1,100,4,20,4,0.45,0.38759165114098093,0.8421052631578947
moead,1,120,5,20,2,0.5,0.23137821315975918,0.9473684210526315
moead,1,140,6,20,3,0.45,0.3562046930214503,0.8947368421052632
moead,1,160,7,20,5,0.45,0.44308460910809977,0.7894736842105263
moead,1,180,8,20,4,0.45,0.3398935755842477,0.8421052631578947
moead,1,200,9,20,7,0.2,0.6267330020522787,0.6842105263157895
moead,1,220,10,20,6,0.25,0.5705687986494469,0.7368421052631579
moead,1,240,11,20,6,0.25,0.5606802378785669,0.7368421052631579
moead,1,260,12,20,8,0.2,0.6586040494376154,0.631578947368421
moead,1,280,13,20,7,0.35,0.5788179354530016,0.631578947368421
moead,1,300,14,20,7,0.25,0.5925512852639037,0.6842105263157895
moead,1,320,15,20,10,0.25,0.7181289526146633,0.5263157894736842
moead,1,340,16,20,6,0.25,0.5606802378785668,0.6842105263157895
moead,1,360,17,20,7,0.35,0.5700847093836408,0.6842105263157895
moead,1,380,18,20,6,0.35,0.515075840682328,0.7368421052631579
moead,1,400,19,20,9,0.25,0.6862579052293265,0.5789473684210527
moead,1,420,20,20,10,0.25,0.7181289526146633,0.5263157894736842
moead,1,440,21,20,10,0.2,0.7192842873161823,0.5263157894736842
moead,1,460,22,20,3,0.6,0.29974164673650916,0.8947368421052632
moead,1,480,23,20,4,0.5,0.3899822625973746,0.8421052631578947
moead,1,500,24,20,4,0.45,0.3691551106844369,0.8421052631578947
moead,1,520,25,20,5,0.5,0.3883428386300494,0.7894736842105263
moead,1,540,26,20,3,0.5,0.28563589437200343,0.8947368421052632
moead,1,560,27,20,7,0.45,0.5223866338269074,0.6842105263157895
moead,1,580,28,20,6,0.5,0.4681289526146632,0.7368421052631579
moead,1,600,29,20,7,0.45,0.5367912290735225,0.6842105263157895
moead,1,620,30,20,9,0.45,0.5918000977748352,0.5789473684210527
moead,1,640,31,20,9,0.45,0.5918000977748352,0.5789473684210527
moead,1,660,32,20,6,0.45,0.44260051984229365,0.7368421052631579
moead,1,680,33,20,4,0.45,0.41994678779212385,0.8421052631578947
moead,1,700,34,20,4,0.45,0.41994678779212385,0.8421052631578947
moead,1,720,35,20,5,0.45,0.44308460910809977,0.7894736842105263
moead,1,740,36,20,6,0.45,0.4806270256706907,0.7368421052631579
moead,1,760,37,20,6,0.45,0.4806270256706907,0.7368421052631579
moead,1,780,38,20,6,0.45,0.4806270256706907,0.7368421052631579
moead,1,800,39,20,6,0.45,0.4806270256706907,0.7368421052631579
moead,1,820,40,20,6,0.45,0.4806270256706907,0.7368421052631579
moead,1,840,41,20,6,0.45,0.4806270256706907,0.7368421052631579
moead,1,860,42,20,5,0.45,0.43550671774025795,0.7894736842105263
moead,1,880,43,20,6,0.45,0.4806270256706907,0.7368421052631579
moead,1,900,44,20,6,0.45,0.4806270256706907,0.7368421052631579
moead,1,920,45,20,7,0.45,0.5124980730560275,0.6842105263157895
moead,1,940,46,20,8,0.25,0.6156891065798796,0.631578947368421
moead,1,960,47,20,8,0.25,0.6156891065798796,0.631578947368421
moead,1,980,48,20,7,0.3,0.5705687986494469,0.6842105263157895
moead,1,1000,49,20,5,0.45,0.44308460910809977,0.7894736842105263
moead,1,1020,50,20,5,0.45,0.3922929320004128,0.7894736842105263
moead,1,1040,51,20,6,0.4,0.444692288416578,0.7368421052631579
moead,1,1060,52,20,6,0.4,0.444692288416578,0.7368421052631579
moead,1,1080,53,20,7,0.4,0.5197771215417599,0.6842105263157895
moead,1,1100,54,20,6,0.4,0.4718620549424829,0.7368421052631579
moead,1,1120,55,20,6,0.4,0.44469228841657804,0.7368421052631579
moead,1,1140,56,20,4,0.45,0.3398935755842477,0.8421052631578947
moead,1,1160,57,20,4,0.45,0.3398935755842477,0.8421052631578947
moead,1,1180,58,20,4,0.45,0.3398935755842477,0.8421052631578947
moead,1,1200,59,20,4,0.45,0.3398935755842477,0.8421052631578947
moead,1,1220,60,20,5,0.45,0.3922929320004128,0.7894736842105263
moead,1,1240,61,20,6,0.4,0.4718620549424829,0.7368421052631579
moead,1,1260,62,20,6,0.4,0.4718620549424829,0.7368421052631579
moead,1,1280,63,20,6,0.4,0.4718620549424829,0.7368421052631579
moead,1,1300,64,20,6,0.4,0.4718620549424829,0.7368421052631579
moead,1,1320,65,20,6,0.4,0.444692288416578,0.7368421052631579
moead,1,1340,66,20,6,0.4,0.444692288416578,0.7368421052631579
moead,1,1360,67,20,6,0.4,0.444692288416578,0.7368421052631579
moead,1,1380,68,20,6,0.4,0.444692288416578,0.7368421052631579
moead,1,1400,69,20,6,0.4,0.4718620549424829,0.7368421052631579
moead,1,1420,70,20,6,0.4,0.4718620549424829,0.7368421052631579
moead,1,1440,71,20,6,0.4,0.4718620549424829,0.7368421052631579
moead,1,1460,72,20,7,0.4,0.4949998762584588,0.6842105263157895
moead,1,1480,73,20,7,0.4,0.4949998762584588,0.6842105263157895
moead,1,1500,74,20,7,0.4,0.4949998762584588,0.6842105263157895
moead,1,1520,75,20,7,0.4,0.4949998762584588,0.6842105263157895
moead,1,1540,76,20,7,0.4,0.4949998762584588,0.6842105263157895
moead,1,1560,77,20,7,0.4,0.4949998762584588,0.6842105263157895
moead,1,1580,78,20,7,0.4,0.4949998762584588,0.6842105263157895
moead,1,1600,79,20,7,0.4,0.4949998762584588,0.6842105263157895
moead,1,1620,80,20,7,0.4,0.4949998762584588,0.6842105263157895
moead,1,1640,81,20,7,0.4,0.4949998762584588,0.6842105263157895
moead,1,1660,82,20,6,0.4,0.4718620549424829,0.7368421052631579
moead,1,1680,83,20,5,0.4,0.43999100755714615,0.7894736842105263
moead,1,1700,84,20,6,0.4,0.4718620549424829,0.6842105263157895
moead,1,1720,85,20,7,0.4,0.4949998762584588,0.6842105263157895
moead,1,1740,86,20,8,0.4,0.5429149428577359,0.631578947368421
moead,1,1760,87,20,6,0.4,0.444692288416578,0.7368421052631579
moead,1,1780,88,20,6,0.4,0.444692288416578,0.7368421052631579
moead,1,1800,89,20,6,0.4,0.444692288416578,0.7368421052631579
moead,1,1820,90,20,6,0.4,0.444692288416578,0.7368421052631579
moead,1,1840,91,20,6,0.4,0.444692288416578,0.7368421052631579
moead,1,1860,92,20,6,0.4,0.444692288416578,0.7368421052631579
moead,1,1880,93,20,6,0.4,0.444692288416578,0.7368421052631579
moead,1,1900,94,20,6,0.4,0.444692288416578,0.7368421052631579
moead,1,1920,95,20,7,0.4,0.5197771215417599,0.6842105263157895
moead,1,1940,96,20,8,0.4,0.5429149428577359,0.631578947368421
moead,1,1960,97,20,8,0.4,0.5429149428577359,0.631578947368421
moead,1,1980,98,20,8,0.4,0.5429149428577359,0.631578947368421
moead,1,2000,99,20,8,0.4,0.5429149428577359,0.631578947368421
moead,1,2020,100,20,7,0.4,0.4949998762584588,0.6842105263157895
moead,1,2040,101,20,6,0.4,0.444692288416578,0.7368421052631579
moead,1,2060,102,20,7,0.4,0.49499987625845876,0.6842105263157895
moead,1,2080,103,20,7,0.4,0.49499987625845876,0.6842105263157895
moead,1,2100,104,20,7,0.4,0.49499987625845876,0.6842105263157895
moead,1,2120,105,20,6,0.4,0.47186205494248284,0.7368421052631579
moead,1,2140,106,20,6,0.4,0.47186205494248284,0.7368421052631579
moead,1,2160,107,20,7,0.35,0.5221696427843637,0.6842105263157895
moead,1,2180,108,20,6,0.4,0.47186205494248284,0.7368421052631579
moead,1,2200,109,20,6,0.4,0.47186205494248284,0.7368421052631579
moead,1,2220,110,20,6,0.4,0.47186205494248284,0.7368421052631579
moead,1,2240,111,20,6,0.4,0.47186205494248284,0.7368421052631579
moead,1,2260,112,20,6,0.4,0.47186205494248284,0.7368421052631579
moead,1,2280,113,20,6,0.4,0.47186205494248284,0.7368421052631579
moead,1,2300,114,20,8,0.35,0.5920671959980977,0.631578947368421
moead,1,2320,115,20,8,0.35,0.5920671959980977,0.631578947368421
moead,1,2340,116,20,8,0.35,0.5920671959980977,0.631578947368421
moead,1,2360,117,20,7,0.35,0.5601961486127608,0.6842105263157895
moead,1,2380,118,20,7,0.35,0.5601961486127608,0.6842105263157895
moead,1,2400,119,20,8,0.35,0.5920671959980975,0.631578947368421
moead,1,2420,120,20,8,0.35,0.5833339699287367,0.631578947368421
moead,1,2440,121,20,7,0.35,0.538213661998304,0.6842105263157895
moead,1,2460,122,20,6,0.35,0.4902985953990269,0.7368421052631579
moead,1,2480,123,20,6,0.35,0.4902985953990269,0.7368421052631579
moead,1,2500,124,20,4,0.45,0.38759165114098093,0.8421052631578947
moead,1,2520,125,20,4,0.45,0.3691551106844369,0.8421052631578947
moead,1,2540,126,20,5,0.4,0.4215544671006021,0.7894736842105263
moead,1,2560,127,20,5,0.4,0.4215544671006021,0.7894736842105263
moead,1,2580,128,20,6,0.4,0.5141057523645058,0.7368421052631579
moead,1,2600,129,20,6,0.4,0.5141057523645058,0.7368421052631579
moead,1,2620,130,20,6,0.4,0.5141057523645058,0.7368421052631579
moead,1,2640,131,20,6,0.4,0.5141057523645058,0.7368421052631579
moead,1,2660,132,20,6,0.4,0.5141057523645058,0.7368421052631579
moead,1,2680,133,20,6,0.4,0.5141057523645058,0.7368421052631579
moead,1,2700,134,20,6,0.4,0.5141057523645058,0.7368421052631579
moead,1,2720,135,20,6,0.35,0.4990318214683878,0.7368421052631579
moead,1,2740,136,20,5,0.4,0.44872423362650693,0.7894736842105263
moead,1,2760,137,20,7,0.4,0.49499987625845876,0.6842105263157895
moead,1,2780,138,20,8,0.4,0.5648974294721928,0.631578947368421
moead,1,2800,139,20,8,0.4,0.5648974294721928,0.631578947368421
moead,1,2820,140,20,7,0.4,0.5197771215417599,0.6842105263157895
moead,1,2840,141,20,7,0.4,0.5197771215417599,0.6842105263157895
moead,1,2860,142,20,7,0.4,0.5197771215417599,0.6842105263157895
moead,1,2880,143,20,7,0.4,0.5197771215417599,0.6842105263157895
moead,1,2900,144,20,6,0.4,0.4879060741564232,0.7368421052631579
moead,1,2920,145,20,6,0.4,0.4879060741564232,0.7368421052631579
moead,1,2940,146,20,7,0.35,0.5601961486127608,0.6842105263157895
moead,1,2960,147,20,8,0.35,0.6019557567689776,0.631578947368421
moead,1,2980,148,20,8,0.35,0.6019557567689776,0.631578947368421
moead,1,3000,149,20,8,0.35,0.6019557567689776,0.631578947368421
moead,1,3020,150,20,8,0.35,0.6019557567689776,0.631578947368421
moead,1,3040,151,20,7,0.35,0.538213661998304,0.6842105263157895
moead,1,3060,152,20,7,0.35,0.538213661998304,0.6842105263157895
moead,1,3080,153,20,7,0.35,0.538213661998304,0.6842105263157895
moead,1,3100,154,20,7,0.35,0.538213661998304,0.6842105263157895
moead,1,3120,155,20,7,0.35,0.538213661998304,0.6842105263157895
moead,1,3140,156,20,7,0.35,0.538213661998304,0.6842105263157895
moead,1,3160,157,20,7,0.35,0.538213661998304,0.6842105263157895
moead,1,3180,158,20,7,0.35,0.538213661998304,0.6842105263157895
moead,1,3200,159,20,7,0.3,0.5629909072816051,0.6842105263157895
moead,1,3220,160,20,8,0.3,0.586128728597581,0.631578947368421
moead,1,3240,161,20,8,0.3,0.586128728597581,0.631578947368421
moead,1,3260,162,20,9,0.3,0.6312490365280138,0.5789473684210527
moead,1,3280,163,20,7,0.3,0.5629909072816051,0.6842105263157895
moead,1,3300,164,20,7,0.35,0.538213661998304,0.6842105263157895
moead,1,3320,165,20,8,0.35,0.5700847093836409,0.631578947368421
moead,1,3340,166,20,9,0.35,0.6338268041543144,0.5789473684210527
moead,1,3360,167,20,9,0.3,0.6179997759829179,0.5789473684210527
moead,1,3380,168,20,8,0.35,0.5700847093836409,0.631578947368421
moead,1,3400,169,20,7,0.35,0.538213661998304,0.6842105263157895
moead,1,3420,170,20,7,0.35,0.538213661998304,0.6842105263157895
moead,1,3440,171,20,8,0.3,0.6179997759829179,0.631578947368421
moead,1,3460,172,20,8,0.3,0.6179997759829179,0.631578947368421
moead,1,3480,173,20,7,0.35,0.538213661998304,0.6842105263157895
moead,1,3500,174,20,7,0.35,0.538213661998304,0.6842105263157895
moead,1,3520,175,20,7,0.35,0.538213661998304,0.6842105263157895
moead,1,3540,176,20,7,0.35,0.538213661998304,0.6842105263157895
moead,1,3560,177,20,7,0.35,0.538213661998304,0.6842105263157895
moead,1,3580,178,20,8,0.3,0.6179997759829179,0.631578947368421
moead,1,3600,179,20,8,0.3,0.6179997759829179,0.631578947368421
moead,1,3620,180,20,8,0.3,0.6179997759829179,0.631578947368421
moead,1,3640,181,20,8,0.3,0.6179997759829179,0.631578947368421
moead,1,3660,182,20,7,0.35,0.538213661998304,0.6842105263157895
moead,1,3680,183,20,7,0.35,0.538213661998304,0.6842105263157895
moead,1,3700,184,20,7,0.35,0.538213661998304,0.6842105263157895
moead,1,3720,185,20,7,0.35,0.5469468880676648,0.6842105263157895
moead,1,3740,186,20,8,0.35,0.5700847093836409,0.631578947368421
moead,1,3760,187,20,8,0.35,0.5700847093836409,0.631578947368421
moead,1,3780,188,20,7,0.4,0.5197771215417598,0.6842105263157895
moead,1,3800,189,20,7,0.4,0.5197771215417598,0.6842105263157895
moead,1,3820,190,20,7,0.4,0.5197771215417598,0.6842105263157895
moead,1,3840,191,20,7,0.4,0.5197771215417598,0.6842105263157895
moead,1,3860,192,20,7,0.4,0.5197771215417598,0.6842105263157895
moead,1,3880,193,20,7,0.4,0.5197771215417598,0.6842105263157895
moead,1,3900,194,20,7,0.4,0.5197771215417598,0.6842105263157895
moead,1,3920,195,20,7,0.4,0.5197771215417598,0.6842105263157895
moead,1,3940,196,20,7,0.4,0.5197771215417598,0.6842105263157895
moead,1,3960,197,20,7,0.4,0.5197771215417598,0.6842105263157895
moead,1,3980,198,20,6,0.5,0.43625790522932645,0.7368421052631579
moead,1,4000,199,20,7,0.5,0.5,0.6842105263157895
moead,1,4020,200,20,7,0.5,0.5,0.6842105263157895
moead,1,4040,201,20,7,0.5,0.5,0.6842105263157895
moead,1,4060,202,20,7,0.5,0.5,0.6842105263157895
moead,1,4080,203,20,7,0.5,0.5,0.6842105263157895
moead,1,4100,204,20,7,0.5,0.5,0.6842105263157895
moead,1,4120,205,20,8,0.4,0.5835192163124335,0.631578947368421
moead,1,4140,206,20,6,0.4,0.4718620549424829,0.7368421052631579
moead,1,4160,207,20,6,0.4,0.4718620549424829,0.7368421052631579
moead,1,4180,208,20,6,0.4,0.4718620549424829,0.7368421052631579
moead,1,4200,209,20,6,0.4,0.4718620549424829,0.7368421052631579
moead,1,4220,210,20,6,0.4,0.4718620549424829,0.7368421052631579
moead,1,4240,211,20,6,0.4,0.4718620549424829,0.7368421052631579
moead,1,4260,212,20,6,0.4,0.4718620549424829,0.7368421052631579
moead,1,4280,213,20,6,0.4,0.4718620549424829,0.7368421052631579
moead,1,4300,214,20,6,0.4,0.4718620549424829,0.7368421052631579
moead,1,4320,215,20,6,0.4,0.4718620549424829,0.7368421052631579
moead,1,4340,216,20,6,0.4,0.4718620549424829,0.7368421052631579
moead,1,4360,217,20,6,0.4,0.4718620549424829,0.7368421052631579
moead,1,4380,218,20,6,0.4,0.4718620549424829,0.7368421052631579
moead,1,4400,219,20,6,0.4,0.4718620549424829,0.7368421052631579
moead,1,4420,220,20,5,0.4,0.4215544671006021,0.7894736842105263
moead,1,4440,221,20,5,0.4,0.4215544671006021,0.7894736842105263
moead,1,4460,222,20,6,0.4,0.4718620549424829,0.7368421052631579
moead,1,4480,223,20,6,0.4,0.4718620549424829,0.7368421052631579
moead,1,4500,224,20,6,0.35,0.5006712454357131,0.7368421052631579
moead,1,4520,225,20,6,0.35,0.5226537320501699,0.7368421052631579
moead,1,4540,226,20,6,0.4,0.4954839655242649,0.7368421052631579
moead,1,4560,227,20,6,0.4,0.4954839655242649,0.7368421052631579
moead,1,4580,228,20,6,0.4,0.4954839655242649,0.7368421052631579
moead,1,4600,229,20,4,0.5,0.33803525078816854,0.8421052631578947
moead,1,4620,230,20,4,0.5,0.33803525078816854,0.8421052631578947
moead,1,4640,231,20,4,0.5,0.33803525078816854,0.8421052631578947
moead,1,4660,232,20,4,0.5,0.33803525078816854,0.8421052631578947
moead,1,4680,233,20,4,0.5,0.33803525078816854,0.8421052631578947
moead,1,4700,234,20,4,0.5,0.33803525078816854,0.8421052631578947
moead,1,4720,235,20,5,0.45,0.3922929320004128,0.7894736842105263
moead,1,4740,236,20,5,0.45,0.3922929320004128,0.7894736842105263
moead,1,4760,237,20,6,0.45,0.44260051984229365,0.7368421052631579
moead,1,4780,238,20,6,0.45,0.44260051984229365,0.7368421052631579
moead,1,4800,239,20,6,0.45,0.44260051984229365,0.7368421052631579
moead,1,4820,240,20,4,0.55,0.33241332349240066,0.8421052631578947
moead,1,4840,241,20,4,0.55,0.33241332349240066,0.8421052631578947
moead,1,4860,242,20,4,0.55,0.33241332349240066,0.8421052631578947
moead,1,4880,243,20,4,0.5,0.38124903652801373,0.7894736842105263
moead,1,4900,244,20,5,0.5,0.41312008391335053,0.7894736842105263
moead,1,4920,245,20,5,0.5,0.41312008391335053,0.7894736842105263
moead,1,4940,246,20,5,0.5,0.41312008391335053,0.7894736842105263
moead,1,4960,247,20,5,0.5,0.41312008391335053,0.7894736842105263
moead,1,4980,248,20,5,0.5,0.41312008391335053,0.7894736842105263
moead,1,5000,249,20,5,0.5,0.41312008391335053,0.7894736842105263
moead,1,5020,250,20,5,0.5,0.41312008391335053,0.7894736842105263
moead,1,5040,251,20,5,0.5,0.41312008391335053,0.7894736842105263
moead,1,5060,252,20,5,0.5,0.41312008391335053,0.7894736842105263
moead,1,5080,253,20,5,0.5,0.41312008391335053,0.7894736842105263
moead,1,5100,254,20,5,0.5,0.41312008391335053,0.7894736842105263
moead,1,5120,255,20,5,0.5,0.41312008391335053,0.7894736842105263
moead,1,5140,256,20,5,0.5,0.41312008391335053,0.7894736842105263
moead,1,5160,257,20,5,0.5,0.41312008391335053,0.7894736842105263
moead,1,5180,258,20,5,0.5,0.41312008391335053,0.7894736842105263
moead,1,5200,259,20,5,0.5,0.41312008391335053,0.7894736842105263
moead,1,5220,260,20,5,0.5,0.41312008391335053,0.7894736842105263
moead,1,5240,261,20,5,0.5,0.41312008391335053,0.7894736842105263
moead,1,5260,262,20,5,0.5,0.41312008391335053,0.7894736842105263
moead,1,5280,263,20,5,0.5,0.41312008391335053,0.7894736842105263
moead,1,5300,264,20,5,0.5,0.41312008391335053,0.7894736842105263
moead,1,5320,265,20,5,0.5,0.41312008391335053,0.7894736842105263
moead,1,5340,266,20,5,0.5,0.41312008391335053,0.7894736842105263
moead,1,5360,267,20,5,0.5,0.41312008391335053,0.7894736842105263
moead,1,5380,268,20,4,0.5,0.3652050173140735,0.8421052631578947
moead,1,5400,269,20,4,0.5,0.3652050173140735,0.8421052631578947
moead,1,5420,270,20,4,0.5,0.3652050173140735,0.8421052631578947
moead,1,5440,271,20,4,0.5,0.3652050173140735,0.8421052631578947
moead,1,5460,272,20,4,0.5,0.3652050173140735,0.8421052631578947
moead,1,5480,273,20,5,0.45,0.43550671774025795,0.7894736842105263
moead,1,5500,274,20,5,0.45,0.43550671774025795,0.7894736842105263
moead,1,5520,275,20,5,0.45,0.43550671774025795,0.7894736842105263
moead,1,5540,276,20,5,0.45,0.43550671774025795,0.7894736842105263
moead,1,5560,277,20,5,0.45,0.43550671774025795,0.7894736842105263
moead,1,5580,278,20,5,0.45,0.43550671774025795,0.7894736842105263
moead,1,5600,279,20,6,0.45,0.4673777651255948,0.7368421052631579
moead,1,5620,280,20,7,0.35,0.5469468880676649,0.631578947368421
moead,1,5640,281,20,7,0.4,0.4949998762584588,0.6842105263157895
moead,1,5660,282,20,7,0.4,0.4949998762584588,0.6842105263157895
moead,1,5680,283,20,7,0.4,0.4949998762584588,0.6842105263157895
moead,1,5700,284,20,7,0.4,0.4949998762584588,0.6842105263157895
moead,1,5720,285,20,8,0.35,0.5453074641003396,0.631578947368421
moead,1,5740,286,20,8,0.35,0.5453074641003396,0.631578947368421
moead,1,5760,287,20,8,0.35,0.5453074641003396,0.631578947368421
moead,1,5780,288,20,8,0.35,0.5453074641003396,0.631578947368421
moead,1,5800,289,20,8,0.35,0.5453074641003396,0.631578947368421
moead,1,5820,290,20,8,0.35,0.5453074641003396,0.631578947368421
moead,1,5840,291,20,8,0.35,0.5453074641003396,0.631578947368421
moead,1,5860,292,20,8,0.35,0.5453074641003396,0.631578947368421
moead,1,5880,293,20,8,0.35,0.5453074641003396,0.631578947368421
moead,1,5900,294,20,8,0.35,0.5453074641003396,0.631578947368421
moead,1,5920,295,20,8,0.35,0.5453074641003396,0.631578947368421
moead,1,5940,296,20,7,0.35,0.538213661998304,0.6842105263157895
moead,1,5960,297,20,8,0.35,0.5700847093836409,0.631578947368421
moead,1,5980,298,20,8,0.35,0.5700847093836409,0.631578947368421
moead,1,6000,299,20,8,0.35,0.5700847093836409,0.631578947368421
moead,1,6020,300,20,7,0.35,0.538213661998304,0.6842105263157895
moead,1,6040,301,20,7,0.35,0.538213661998304,0.6842105263157895
moead,1,6060,302,20,8,0.35,0.5700847093836409,0.631578947368421
moead,1,6080,303,20,8,0.35,0.5700847093836409,0.631578947368421
moead,1,6100,304,20,8,0.35,0.5700847093836409,0.631578947368421
moead,1,6120,305,20,8,0.35,0.5700847093836409,0.631578947368421
moead,1,6140,306,20,8,0.35,0.5700847093836409,0.631578947368421
moead,1,6160,307,20,8,0.35,0.5700847093836409,0.631578947368421
moead,1,6180,308,20,8,0.35,0.5700847093836409,0.631578947368421
moead,1,6200,309,20,8,0.35,0.5700847093836409,0.631578947368421
moead,1,6220,310,20,8,0.35,0.5700847093836409,0.631578947368421
moead,1,6240,311,20,8,0.35,0.5700847093836409,0.631578947368421
moead,1,6260,312,20,8,0.35,0.5700847093836409,0.631578947368421
moead,1,6280,313,20,8,0.35,0.5700847093836409,0.631578947368421
moead,1,6300,314,20,8,0.35,0.5700847093836409,0.631578947368421
moead,1,6320,315,20,8,0.35,0.5700847093836409,0.631578947368421
moead,1,6340,316,20,8,0.35,0.5700847093836409,0.631578947368421
moead,1,6360,317,20,8,0.35,0.5700847093836409,0.631578947368421
moead,1,6380,318,20,8,0.35,0.5700847093836409,0.631578947368421
moead,1,6400,319,20,8,0.35,0.5700847093836409,0.631578947368421
moead,1,6420,320,20,8,0.35,0.5700847093836409,0.631578947368421
moead,1,6440,321,20,8,0.35,0.5700847093836409,0.631578947368421
moead,1,6460,322,20,8,0.35,0.5700847093836409,0.631578947368421
moead,1,6480,323,20,8,0.35,0.5700847093836409,0.631578947368421
moead,1,6500,324,20,8,0.35,0.5700847093836409,0.631578947368421
moead,1,6520,325,20,8,0.35,0.5700847093836409,0.631578947368421
moead,1,6540,326,20,8,0.35,0.5700847093836409,0.631578947368421
moead,1,6560,327,20,8,0.35,0.5700847093836409,0.631578947368421
moead,1,6580,328,20,8,0.35,0.5700847093836409,0.631578947368421
moead,1,6600,329,20,8,0.35,0.5700847093836409,0.631578947368421
moead,1,6620,330,20,8,0.35,0.5700847093836409,0.631578947368421
moead,1,6640,331,20,8,0.35,0.5700847093836409,0.631578947368421
moead,1,6660,332,20,8,0.35,0.5700847093836409,0.631578947368421
moead,1,6680,333,20,8,0.35,0.5700847093836409,0.631578947368421
moead,1,6700,334,20,8,0.35,0.5700847093836409,0.631578947368421
moead,1,6720,335,20,8,0.35,0.5700847093836409,0.631578947368421
moead,1,6740,336,20,8,0.35,0.5700847093836409,0.631578947368421
moead,1,6760,337,20,8,0.35,0.5700847093836409,0.631578947368421
moead,1,6780,338,20,8,0.35,0.5700847093836409,0.631578947368421
moead,1,6800,339,20,8,0.35,0.5700847093836409,0.631578947368421
moead,1,6820,340,20,8,0.35,0.5700847093836409,0.631578947368421
moead,1,6840,341,20,8,0.35,0.5700847093836409,0.631578947368421
moead,1,6860,342,20,8,0.35,0.5700847093836409,0.631578947368421
moead,1,6880,343,20,8,0.35,0.5700847093836409,0.631578947368421
moead,1,6900,344,20,8,0.35,0.5700847093836409,0.631578947368421
moead,1,6920,345,20,8,0.35,0.5700847093836409,0.631578947368421
moead,1,6940,346,20,8,0.35,0.5700847093836409,0.631578947368421
moead,1,6960,347,20,8,0.35,0.5700847093836409,0.631578947368421
moead,1,6980,348,20,8,0.35,0.5700847093836409,0.631578947368421
moead,1,7000,349,20,8,0.35,0.5700847093836409,0.631578947368421
moead,1,7020,350,20,8,0.35,0.5700847093836409,0.631578947368421
moead,1,7040,351,20,8,0.35,0.5700847093836409,0.631578947368421
moead,1,7060,352,20,8,0.35,0.5700847093836409,0.631578947368421
moead,1,7080,353,20,8,0.35,0.5700847093836409,0.631578947368421
moead,1,7100,354,20,8,0.35,0.5700847093836409,0.631578947368421
moead,1,7120,355,20,7,0.4,0.5197771215417599,0.6842105263157895
moead,1,7140,356,20,7,0.4,0.5197771215417599,0.6842105263157895
moead,1,7160,357,20,7,0.4,0.5197771215417599,0.6842105263157895
moead,1,7180,358,20,7,0.4,0.5197771215417599,0.6842105263157895
moead,1,7200,359,20,7,0.4,0.5197771215417599,0.6842105263157895
moead,1,7220,360,20,7,0.4,0.5197771215417599,0.6842105263157895
moead,1,7240,361,20,7,0.4,0.5197771215417599,0.6842105263157895
moead,1,7260,362,20,7,0.4,0.5197771215417599,0.6842105263157895
moead,1,7280,363,20,7,0.4,0.5197771215417599,0.6842105263157895
moead,1,7300,364,20,7,0.4,0.5197771215417599,0.6842105263157895
moead,1,7320,365,20,7,0.4,0.5197771215417599,0.6842105263157895
moead,1,7340,366,20,7,0.4,0.5197771215417599,0.6842105263157895
moead,1,7360,367,20,7,0.4,0.5197771215417599,0.6842105263157895
moead,1,7380,368,20,7,0.4,0.5197771215417599,0.6842105263157895
moead,1,7400,369,20,7,0.4,0.5197771215417599,0.6842105263157895
moead,1,7420,370,20,7,0.4,0.5197771215417599,0.6842105263157895
moead,1,7440,371,20,7,0.4,0.5197771215417599,0.6842105263157895
moead,1,7460,372,20,7,0.4,0.5197771215417599,0.6842105263157895
moead,1,7480,373,20,7,0.4,0.5197771215417599,0.6842105263157895
moead,1,7500,374,20,7,0.4,0.5197771215417599,0.6842105263157895
moead,1,7520,375,20,7,0.4,0.5197771215417599,0.6842105263157895
moead,1,7540,376,20,6,0.4,0.444692288416578,0.7368421052631579
moead,1,7560,377,20,7,0.4,0.4949998762584588,0.6842105263157895
moead,1,7580,378,20,5,0.45,0.3922929320004128,0.7894736842105263
moead,1,7600,379,20,5,0.45,0.3922929320004128,0.7894736842105263
moead,1,7620,380,20,5,0.45,0.3922929320004128,0.7894736842105263
moead,1,7640,381,20,5,0.45,0.3922929320004128,0.7894736842105263
moead,1,7660,382,20,5,0.45,0.3922929320004128,0.7894736842105263
moead,1,7680,383,20,5,0.45,0.3922929320004128,0.7894736842105263
moead,1,7700,384,20,5,0.45,0.3922929320004128,0.7894736842105263
moead,1,7720,385,20,5,0.45,0.3922929320004128,0.7894736842105263
moead,1,7740,386,20,5,0.45,0.3922929320004128,0.7894736842105263
moead,1,7760,387,20,5,0.45,0.3922929320004128,0.7894736842105263
moead,1,7780,388,20,6,0.4,0.4718620549424829,0.7368421052631579
moead,1,7800,389,20,6,0.4,0.4718620549424829,0.7368421052631579
moead,1,7820,390,20,6,0.4,0.4718620549424829,0.7368421052631579
moead,1,7840,391,20,5,0.45,0.3922929320004128,0.7894736842105263
moead,1,7860,392,20,7,0.4,0.5197771215417599,0.6842105263157895
moead,1,7880,393,20,7,0.4,0.5197771215417599,0.6842105263157895
moead,1,7900,394,20,7,0.4,0.5197771215417599,0.6842105263157895
moead,1,7920,395,20,7,0.4,0.5197771215417599,0.6842105263157895
moead,1,7940,396,20,7,0.4,0.5197771215417599,0.6842105263157895
moead,1,7960,397,20,7,0.4,0.5197771215417599,0.6842105263157895
moead,1,7980,398,20,8,0.35,0.5700847093836409,0.631578947368421
moead,1,8000,399,20,8,0.35,0.5700847093836409,0.631578947368421
moead,1,8020,400,20,8,0.35,0.5700847093836409,0.631578947368421
moead,1,8040,401,20,8,0.35,0.5700847093836409,0.631578947368421
moead,1,8060,402,20,8,0.35,0.5700847093836409,0.631578947368421
moead,1,8080,403,20,8,0.35,0.5700847093836409,0.631578947368421
moead,1,8100,404,20,8,0.35,0.5700847093836409,0.631578947368421
moead,1,8120,405,20,8,0.35,0.5700847093836409,0.631578947368421
moead,1,8140,406,20,8,0.35,0.5700847093836409,0.631578947368421
moead,1,8160,407,20,8,0.35,0.5700847093836409,0.631578947368421
moead,1,8180,408,20,8,0.35,0.5700847093836409,0.631578947368421
moead,1,8200,409,20,8,0.35,0.5700847093836409,0.631578947368421
moead,1,8220,410,20,8,0.35,0.5700847093836409,0.631578947368421
moead,1,8240,411,20,7,0.4,0.4949998762584588,0.6842105263157895
moead,1,8260,412,20,7,0.4,0.4949998762584588,0.6842105263157895
moead,1,8280,413,20,7,0.4,0.4949998762584588,0.6842105263157895
moead,1,8300,414,20,7,0.4,0.4949998762584588,0.6842105263157895
moead,1,8320,415,20,7,0.4,0.4949998762584588,0.6842105263157895
moead,1,8340,416,20,7,0.4,0.4949998762584588,0.6842105263157895
moead,1,8360,417,20,7,0.4,0.4949998762584588,0.6842105263157895
moead,1,8380,418,20,7,0.4,0.4949998762584588,0.6842105263157895
moead,1,8400,419,20,7,0.4,0.4949998762584588,0.6842105263157895
moead,1,8420,420,20,7,0.4,0.4949998762584588,0.6842105263157895
moead,1,8440,421,20,7,0.4,0.4949998762584588,0.6842105263157895
moead,1,8460,422,20,7,0.4,0.4949998762584588,0.6842105263157895
moead,1,8480,423,20,7,0.4,0.4949998762584588,0.6842105263157895
moead,1,8500,424,20,7,0.4,0.4949998762584588,0.6842105263157895
moead,1,8520,425,20,8,0.35,0.5700847093836409,0.631578947368421
moead,1,8540,426,20,7,0.4,0.4949998762584588,0.6842105263157895
moead,1,8560,427,20,7,0.4,0.4949998762584588,0.6842105263157895
moead,1,8580,428,20,8,0.35,0.5700847093836409,0.631578947368421
moead,1,8600,429,20,7,0.4,0.4949998762584588,0.6842105263157895
moead,1,8620,430,20,7,0.4,0.4949998762584588,0.6842105263157895
moead,1,8640,431,20,7,0.4,0.4949998762584588,0.6842105263157895
moead,1,8660,432,20,7,0.4,0.4949998762584588,0.6842105263157895
moead,1,8680,433,20,7,0.4,0.4949998762584588,0.6842105263157895
moead,1,8700,434,20,7,0.4,0.4949998762584588,0.6842105263157895
moead,1,8720,435,20,7,0.4,0.4949998762584588,0.6842105263157895
moead,1,8740,436,20,7,0.4,0.4949998762584588,0.6842105263157895
moead,1,8760,437,20,7,0.4,0.4949998762584588,0.6842105263157895
moead,1,8780,438,20,7,0.4,0.4949998762584588,0.6842105263157895
moead,1,8800,439,20,7,0.4,0.4949998762584588,0.6842105263157895
moead,1,8820,440,20,7,0.4,0.4949998762584588,0.6842105263157895
moead,1,8840,441,20,7,0.4,0.4949998762584588,0.6842105263157895
moead,1,8860,442,20,7,0.4,0.4949998762584588,0.6842105263157895
moead,1,8880,443,20,7,0.4,0.4949998762584588,0.6842105263157895
moead,1,8900,444,20,7,0.4,0.4949998762584588,0.6842105263157895
moead,1,8920,445,20,7,0.4,0.4949998762584588,0.6842105263157895
moead,1,8940,446,20,7,0.4,0.4949998762584588,0.6842105263157895
moead,1,8960,447,20,7,0.4,0.4949998762584588,0.6842105263157895
moead,1,8980,448,20,7,0.4,0.4949998762584588,0.6842105263157895
moead,1,9000,449,20,7,0.4,0.4949998762584588,0.6842105263157895
moead,1,9020,450,20,7,0.4,0.4949998762584588,0.6842105263157895
moead,1,9040,451,20,7,0.4,0.4949998762584588,0.6842105263157895
moead,1,9060,452,20,7,0.4,0.4949998762584588,0.6842105263157895
moead,1,9080,453,20,7,0.4,0.4949998762584588,0.6842105263157895
moead,1,9100,454,20,7,0.4,0.4949998762584588,0.6842105263157895
moead,1,9120,455,20,7,0.4,0.4949998762584588,0.6842105263157895
moead,1,9140,456,20,7,0.4,0.4949998762584588,0.6842105263157895
moead,1,9160,457,20,7,0.4,0.4949998762584588,0.6842105263157895
moead,1,9180,458,20,7,0.4,0.4949998762584588,0.6842105263157895
moead,1,9200,459,20,7,0.4,0.4949998762584588,0.6842105263157895
moead,1,9220,460,20,7,0.4,0.4949998762584588,0.6842105263157895
moead,1,9240,461,20,7,0.4,0.4949998762584588,0.6842105263157895
moead,1,9260,462,20,7,0.4,0.4949998762584588,0.6842105263157895
moead,1,9280,463,20,7,0.4,0.4949998762584588,0.6842105263157895
moead,1,9300,464,20,7,0.4,0.4949998762584588,0.6842105263157895
moead,1,9320,465,20,7,0.4,0.4949998762584588,0.6842105263157895
moead,1,9340,466,20,6,0.4,0.4718620549424829,0.7368421052631579
moead,1,9360,467,20,6,0.4,0.4718620549424829,0.7368421052631579
moead,1,9380,468,20,6,0.4,0.4718620549424829,0.7368421052631579
moead,1,9400,469,20,6,0.4,0.4718620549424829,0.7368421052631579
moead,1,9420,470,20,6,0.4,0.4718620549424829,0.7368421052631579
moead,1,9440,471,20,6,0.4,0.4718620549424829,0.7368421052631579
moead,1,9460,472,20,6,0.4,0.4718620549424829,0.7368421052631579
moead,1,9480,473,20,6,0.4,0.4718620549424829,0.7368421052631579
moead,1,9500,474,20,6,0.4,0.4718620549424829,0.7368421052631579
moead,1,9520,475,20,6,0.4,0.4718620549424829,0.7368421052631579
moead,1,9540,476,20,6,0.4,0.4718620549424829,0.7368421052631579
moead,1,9560,477,20,7,0.4,0.4949998762584588,0.6842105263157895
moead,1,9580,478,20,7,0.4,0.4949998762584588,0.6842105263157895
moead,1,9600,479,20,7,0.4,0.4949998762584588,0.6842105263157895
moead,1,9620,480,20,7,0.4,0.4949998762584588,0.6842105263157895
moead,1,9640,481,20,7,0.4,0.4949998762584588,0.6842105263157895
moead,1,9660,482,20,7,0.4,0.4949998762584588,0.6842105263157895
moead,1,9680,483,20,7,0.4,0.4949998762584588,0.6842105263157895
moead,1,9700,484,20,7,0.4,0.4949998762584588,0.6842105263157895
moead,1,9720,485,20,7,0.4,0.4949998762584588,0.6842105263157895
moead,1,9740,486,20,7,0.4,0.4949998762584588,0.6842105263157895
moead,1,9760,487,20,7,0.4,0.4949998762584588,0.6842105263157895
moead,1,9780,488,20,7,0.4,0.4949998762584588,0.6842105263157895
moead,1,9800,489,20,7,0.4,0.4949998762584588,0.6842105263157895
moead,1,9820,490,20,7,0.4,0.4949998762584588,0.6842105263157895
moead,1,9840,491,20,7,0.4,0.4949998762584588,0.6842105263157895
moead,1,9860,492,20,7,0.4,0.4949998762584588,0.6842105263157895
moead,1,9880,493,20,7,0.4,0.4949998762584588,0.6842105263157895
moead,1,9900,494,20,7,0.4,0.4949998762584588,0.6842105263157895
moead,1,9920,495,20,7,0.4,0.4949998762584588,0.6842105263157895
moead,1,9940,496,20,7,0.4,0.4949998762584588,0.6842105263157895
moead,1,9960,497,20,7,0.4,0.4949998762584588,0.6842105263157895
moead,1,9980,498,20,7,0.4,0.4949998762584588,0.6842105263157895
moead,1,10000,499,20,7,0.4,0.4949998762584588,0.6842105263157895
moead,2,20,0,20,20,0.05,1.0,0.0
moead,2,40,1,20,4,0.5,0.38124903652801373,0.8421052631578947
moead,2,60,2,20,4,0.35,0.43528972669771426,0.8421052631578947
moead,2,80,3,20,4,0.5,0.40323152314247057,0.8421052631578947
moead,2,100,4,20,4,0.5,0.40323152314247057,0.7894736842105263
moead,2,120,5,20,2,0.5,0.23137821315975918,0.9473684210526315
moead,2,140,6,20,3,0.7,0.2733249774858828,0.8421052631578947
moead,2,160,7,20,4,0.5,0.38882692789585555,0.8421052631578947
moead,2,180,8,20,5,0.35,0.4907826846648331,0.7894736842105263
moead,2,200,9,20,5,0.35,0.467160774083051,0.7894736842105263
moead,2,220,10,20,5,0.35,0.4907826846648331,0.7894736842105263
moead,2,240,11,20,5,0.4,0.4780175133855432,0.7894736842105263
moead,2,260,12,20,7,0.35,0.5700847093836408,0.6842105263157895
moead,2,280,13,20,5,0.4,0.448724233626507,0.7894736842105263
moead,2,300,14,20,2,0.5,0.23137821315975918,0.9473684210526315
moead,2,320,15,20,3,0.7,0.26765360830862855,0.8421052631578947
moead,2,340,16,20,3,0.7,0.26765360830862855,0.8421052631578947
moead,2,360,17,20,3,0.7,0.26765360830862855,0.8421052631578947
moead,2,380,18,20,4,0.45,0.39796430117766707,0.8421052631578947
moead,2,400,19,20,7,0.35,0.5469468880676648,0.6842105263157895
moead,2,420,20,20,7,0.35,0.5689293746821216,0.6842105263157895
moead,2,440,21,20,7,0.35,0.5689293746821216,0.6842105263157895
moead,2,460,22,20,7,0.35,0.5689293746821216,0.6842105263157895
moead,2,480,23,20,7,0.35,0.5689293746821216,0.6842105263157895
moead,2,500,24,20,7,0.35,0.5689293746821216,0.6842105263157895
moead,2,520,25,20,4,0.4,0.4305865360520723,0.8421052631578947
moead,2,540,26,20,4,0.4,0.4272258362778563,0.8421052631578947
moead,2,560,27,20,4,0.45,0.3691551106844369,0.7894736842105263
moead,2,580,28,20,6,0.45,0.48936025174005154,0.6842105263157895
moead,2,600,29,20,6,0.4,0.4718620549424829,0.6842105263157895
moead,2,620,30,20,5,0.4,0.43999100755714615,0.7368421052631579
moead,2,640,31,20,6,0.4,0.50988856077088,0.6842105263157895
moead,2,660,32,20,5,0.4,0.43999100755714615,0.7368421052631579
moead,2,680,33,20,5,0.4,0.43999100755714615,0.7368421052631579
moead,2,700,34,20,5,0.4,0.43999100755714615,0.7368421052631579
moead,2,720,35,20,5,0.4,0.43999100755714615,0.7368421052631579
moead,2,740,36,20,5,0.45,0.41946269852631773,0.7894736842105263
moead,2,760,37,20,5,0.45,0.41946269852631773,0.7894736842105263
moead,2,780,38,20,4,0.45,0.38759165114098093,0.8421052631578947
moead,2,800,39,20,4,0.45,0.38759165114098093,0.8421052631578947
moead,2,820,40,20,4,0.45,0.38759165114098093,0.8421052631578947
moead,2,840,41,20,5,0.45,0.41946269852631773,0.7894736842105263
moead,2,860,42,20,5,0.45,0.41946269852631773,0.7894736842105263
moead,2,880,43,20,5,0.45,0.41946269852631773,0.7894736842105263
moead,2,900,44,20,5,0.45,0.41946269852631773,0.7894736842105263
moead,2,920,45,20,5,0.45,0.41946269852631773,0.7894736842105263
moead,2,940,46,20,5,0.45,0.41946269852631773,0.7894736842105263
moead,2,960,47,20,5,0.4,0.448724233626507,0.7894736842105263
moead,2,980,48,20,5,0.4,0.448724233626507,0.7894736842105263
moead,2,1000,49,20,6,0.4,0.4718620549424829,0.7368421052631579
moead,2,1020,50,20,6,0.4,0.4718620549424829,0.7368421052631579
moead,2,1040,51,20,7,0.35,0.5221696427843637,0.6842105263157895
moead,2,1060,52,20,7,0.35,0.5221696427843637,0.6842105263157895
moead,2,1080,53,20,7,0.35,0.5221696427843637,0.6842105263157895
moead,2,1100,54,20,7,0.35,0.5221696427843637,0.6842105263157895
moead,2,1120,55,20,7,0.35,0.5221696427843637,0.6842105263157895
moead,2,1140,56,20,7,0.35,0.5221696427843637,0.6842105263157895
moead,2,1160,57,20,7,0.35,0.5221696427843637,0.6842105263157895
moead,2,1180,58,20,7,0.35,0.5221696427843637,0.6842105263157895
moead,2,1200,59,20,7,0.35,0.5221696427843637,0.6842105263157895
moead,2,1220,60,20,8,0.35,0.5700847093836409,0.631578947368421
moead,2,1240,61,20,8,0.35,0.5700847093836409,0.631578947368421
moead,2,1260,62,20,8,0.35,0.5700847093836409,0.631578947368421
moead,2,1280,63,20,8,0.35,0.5700847093836409,0.631578947368421
moead,2,1300,64,20,9,0.35,0.5932225306996167,0.5789473684210527
moead,2,1320,65,20,9,0.35,0.5932225306996167,0.5789473684210527
moead,2,1340,66,20,9,0.35,0.5932225306996167,0.5789473684210527
moead,2,1360,67,20,9,0.35,0.5932225306996167,0.5789473684210527
moead,2,1380,68,20,9,0.35,0.5932225306996167,0.5789473684210527
moead,2,1400,69,20,9,0.35,0.5932225306996167,0.5789473684210527
moead,2,1420,70,20,9,0.35,0.5932225306996167,0.5789473684210527
moead,2,1440,71,20,9,0.35,0.5932225306996167,0.5789473684210527
moead,2,1460,72,20,9,0.35,0.5932225306996167,0.5789473684210527
moead,2,1480,73,20,9,0.35,0.5932225306996167,0.5789473684210527
moead,2,1500,74,20,9,0.35,0.5932225306996167,0.5789473684210527
moead,2,1520,75,20,9,0.35,0.5932225306996167,0.5789473684210527
moead,2,1540,76,20,9,0.35,0.5932225306996167,0.5789473684210527
moead,2,1560,77,20,9,0.35,0.5932225306996167,0.5789473684210527
moead,2,1580,78,20,9,0.35,0.5932225306996167,0.5789473684210527
moead,2,1600,79,20,9,0.35,0.5932225306996167,0.5789473684210527
moead,2,1620,80,20,9,0.35,0.5932225306996167,0.5789473684210527
moead,2,1640,81,20,9,0.35,0.5932225306996167,0.5789473684210527
moead,2,1660,82,20,9,0.35,0.5932225306996167,0.5789473684210527
moead,2,1680,83,20,8,0.35,0.5453074641003396,0.631578947368421
moead,2,1700,84,20,8,0.35,0.5453074641003396,0.631578947368421
moead,2,1720,85,20,7,0.35,0.5221696427843637,0.6842105263157895
moead,2,1740,86,20,7,0.35,0.5221696427843637,0.6842105263157895
moead,2,1760,87,20,7,0.35,0.5221696427843637,0.6842105263157895
moead,2,1780,88,20,7,0.35,0.5221696427843637,0.6842105263157895
moead,2,1800,89,20,7,0.35,0.5221696427843637,0.6842105263157895
moead,2,1820,90,20,7,0.35,0.5221696427843637,0.6842105263157895
moead,2,1840,91,20,7,0.35,0.5221696427843637,0.6842105263157895
moead,2,1860,92,20,7,0.35,0.5221696427843637,0.6842105263157895
moead,2,1880,93,20,7,0.35,0.5221696427843637,0.6842105263157895
moead,2,1900,94,20,7,0.35,0.5221696427843637,0.6842105263157895
moead,2,1920,95,20,7,0.35,0.5221696427843637,0.6842105263157895
moead,2,1940,96,20,7,0.35,0.5221696427843637,0.6842105263157895
moead,2,1960,97,20,7,0.35,0.5221696427843637,0.6842105263157895
moead,2,1980,98,20,7,0.35,0.5221696427843637,0.6842105263157895
moead,2,2000,99,20,7,0.35,0.5221696427843637,0.6842105263157895
moead,2,2020,100,20,7,0.35,0.5221696427843637,0.6842105263157895
moead,2,2040,101,20,7,0.35,0.5221696427843637,0.6842105263157895
moead,2,2060,102,20,7,0.35,0.5221696427843637,0.6842105263157895
moead,2,2080,103,20,7,0.35,0.5221696427843637,0.6842105263157895
moead,2,2100,104,20,7,0.35,0.5221696427843637,0.6842105263157895
moead,2,2120,105,20,7,0.35,0.5221696427843637,0.6842105263157895
moead,2,2140,106,20,6,0.35,0.4902985953990269,0.7368421052631579
moead,2,2160,107,20,6,0.35,0.4902985953990269,0.7368421052631579
moead,2,2180,108,20,6,0.35,0.4902985953990269,0.7368421052631579
moead,2,2200,109,20,6,0.4,0.4718620549424829,0.7368421052631579
moead,2,2220,110,20,7,0.4,0.4949998762584588,0.6842105263157895
moead,2,2240,111,20,7,0.4,0.4949998762584588,0.6842105263157895
moead,2,2260,112,20,7,0.4,0.4949998762584588,0.6842105263157895
moead,2,2280,113,20,7,0.4,0.4949998762584588,0.6842105263157895
moead,2,2300,114,20,7,0.4,0.4949998762584588,0.6842105263157895
moead,2,2320,115,20,5,0.5,0.3883428386300494,0.7894736842105263
moead,2,2340,116,20,5,0.5,0.3883428386300494,0.7894736842105263
moead,2,2360,117,20,5,0.5,0.3883428386300494,0.7894736842105263
moead,2,2380,118,20,6,0.35,0.5006712454357131,0.7368421052631579
moead,2,2400,119,20,6,0.4,0.4718620549424829,0.7368421052631579
moead,2,2420,120,20,7,0.4,0.4949998762584588,0.6842105263157895
moead,2,2440,121,20,8,0.4,0.5747859902430726,0.631578947368421
moead,2,2460,122,20,7,0.4,0.4949998762584588,0.6842105263157895
moead,2,2480,123,20,7,0.4,0.4949998762584588,0.6842105263157895
moead,2,2500,124,20,7,0.4,0.5516481689270967,0.6842105263157895
moead,2,2520,125,20,6,0.4,0.4718620549424829,0.7368421052631579
moead,2,2540,126,20,6,0.4,0.4718620549424829,0.7368421052631579
moead,2,2560,127,20,6,0.4,0.4718620549424829,0.7368421052631579
moead,2,2580,128,20,6,0.45,0.44260051984229365,0.7368421052631579
moead,2,2600,129,20,6,0.45,0.44260051984229365,0.7368421052631579
moead,2,2620,130,20,6,0.45,0.44260051984229365,0.7368421052631579
moead,2,2640,131,20,6,0.45,0.44260051984229365,0.7368421052631579
moead,2,2660,132,20,7,0.4,0.5197771215417599,0.6842105263157895
moead,2,2680,133,20,7,0.4,0.5197771215417599,0.6842105263157895
moead,2,2700,134,20,8,0.4,0.5429149428577359,0.631578947368421
moead,2,2720,135,20,8,0.4,0.5429149428577359,0.631578947368421
moead,2,2740,136,20,7,0.4,0.4949998762584588,0.6842105263157895
moead,2,2760,137,20,7,0.4,0.4949998762584588,0.6842105263157895
moead,2,2780,138,20,7,0.4,0.4949998762584588,0.6842105263157895
moead,2,2800,139,20,7,0.4,0.4949998762584588,0.6842105263157895
moead,2,2820,140,20,7,0.4,0.4949998762584588,0.6842105263157895
moead,2,2840,141,20,6,0.4,0.44469228841657804,0.7368421052631579
moead,2,2860,142,20,7,0.4,0.4949998762584588,0.6842105263157895
moead,2,2880,143,20,7,0.4,0.4949998762584588,0.6842105263157895
moead,2,2900,144,20,8,0.3,0.5937066199654228,0.631578947368421
moead,2,2920,145,20,8,0.3,0.5937066199654228,0.631578947368421
moead,2,2940,146,20,8,0.3,0.5937066199654228,0.631578947368421
moead,2,2960,147,20,9,0.3,0.6498708233682545,0.5789473684210527
moead,2,2980,148,20,9,0.3,0.6498708233682545,0.5789473684210527
moead,2,3000,149,20,9,0.3,0.6312490365280137,0.5789473684210527
moead,2,3020,150,20,9,0.3,0.6312490365280137,0.5789473684210527
moead,2,3040,151,20,10,0.3,0.6730086446842305,0.5263157894736842
moead,2,3060,152,20,8,0.4,0.5429149428577359,0.631578947368421
moead,2,3080,153,20,8,0.4,0.5429149428577359,0.631578947368421
moead,2,3100,154,20,8,0.4,0.5429149428577359,0.631578947368421
moead,2,3120,155,20,8,0.4,0.5429149428577359,0.631578947368421
moead,2,3140,156,20,9,0.35,0.5932225306996166,0.5789473684210527
moead,2,3160,157,20,9,0.35,0.5932225306996166,0.5789473684210527
moead,2,3180,158,20,9,0.35,0.5932225306996166,0.5789473684210527
moead,2,3200,159,20,9,0.35,0.5932225306996166,0.5789473684210527
moead,2,3220,160,20,9,0.35,0.5932225306996166,0.5789473684210527
moead,2,3240,161,20,9,0.35,0.5932225306996166,0.5789473684210527
moead,2,3260,162,20,9,0.35,0.5932225306996166,0.5789473684210527
moead,2,3280,163,20,9,0.35,0.5932225306996166,0.5789473684210527
moead,2,3300,164,20,9,0.35,0.5932225306996166,0.5789473684210527
moead,2,3320,165,20,9,0.35,0.5932225306996166,0.5789473684210527
moead,2,3340,166,20,9,0.35,0.5932225306996166,0.5789473684210527
moead,2,3360,167,20,9,0.35,0.5932225306996166,0.5789473684210527
moead,2,3380,168,20,9,0.35,0.5932225306996166,0.5789473684210527
moead,2,3400,169,20,9,0.35,0.5932225306996166,0.5789473684210527
moead,2,3420,170,20,9,0.35,0.5932225306996166,0.5789473684210527
moead,2,3440,171,20,9,0.35,0.5932225306996166,0.5789473684210527
moead,2,3460,172,20,9,0.35,0.5932225306996166,0.5789473684210527
moead,2,3480,173,20,9,0.35,0.5932225306996166,0.5789473684210527
moead,2,3500,174,20,9,0.35,0.5932225306996166,0.5789473684210527
moead,2,3520,175,20,9,0.35,0.5932225306996166,0.5789473684210527
moead,2,3540,176,20,9,0.35,0.5932225306996166,0.5789473684210527
moead,2,3560,177,20,8,0.35,0.5453074641003396,0.631578947368421
moead,2,3580,178,20,8,0.35,0.5453074641003396,0.631578947368421
moead,2,3600,179,20,9,0.35,0.6152050173140735,0.5263157894736842
moead,2,3620,180,20,9,0.35,0.6152050173140735,0.5263157894736842
moead,2,3640,181,20,10,0.35,0.6383428386300494,0.5263157894736842
moead,2,3660,182,20,9,0.35,0.5932225306996167,0.5789473684210527
moead,2,3680,183,20,9,0.35,0.5932225306996167,0.5789473684210527
moead,2,3700,184,20,9,0.35,0.5932225306996167,0.5789473684210527
moead,2,3720,185,20,9,0.35,0.5932225306996167,0.5789473684210527
moead,2,3740,186,20,9,0.35,0.5932225306996167,0.5789473684210527
moead,2,3760,187,20,9,0.35,0.5932225306996167,0.5789473684210527
moead,2,3780,188,20,9,0.35,0.5932225306996167,0.5789473684210527
moead,2,3800,189,20,9,0.35,0.5932225306996167,0.5789473684210527
moead,2,3820,190,20,9,0.35,0.5932225306996167,0.5789473684210527
moead,2,3840,191,20,9,0.35,0.5932225306996167,0.5789473684210527
moead,2,3860,192,20,9,0.35,0.5932225306996167,0.5789473684210527
moead,2,3880,193,20,8,0.35,0.5700847093836409,0.631578947368421
moead,2,3900,194,20,8,0.35,0.5700847093836409,0.631578947368421
moead,2,3920,195,20,8,0.35,0.5700847093836409,0.631578947368421
moead,2,3940,196,20,8,0.35,0.5700847093836409,0.631578947368421
moead,2,3960,197,20,8,0.35,0.5700847093836409,0.631578947368421
moead,2,3980,198,20,8,0.35,0.5700847093836409,0.631578947368421
moead,2,4000,199,20,8,0.35,0.5700847093836409,0.631578947368421
moead,2,4020,200,20,8,0.35,0.5700847093836409,0.631578947368421
moead,2,4040,201,20,8,0.35,0.5700847093836409,0.631578947368421
moead,2,4060,202,20,8,0.35,0.5700847093836409,0.631578947368421
moead,2,4080,203,20,8,0.35,0.5700847093836409,0.631578947368421
moead,2,4100,204,20,9,0.3,0.6179997759829178,0.5789473684210527
moead,2,4120,205,20,9,0.3,0.6179997759829178,0.5789473684210527
moead,2,4140,206,20,9,0.3,0.6179997759829178,0.5789473684210527
moead,2,4160,207,20,8,0.3,0.5948619546669419,0.631578947368421
moead,2,4180,208,20,8,0.3,0.5948619546669419,0.631578947368421
moead,2,4200,209,20,8,0.3,0.5948619546669419,0.631578947368421
moead,2,4220,210,20,8,0.3,0.5948619546669419,0.631578947368421
moead,2,4240,211,20,8,0.3,0.5948619546669419,0.631578947368421
moead,2,4260,212,20,8,0.3,0.5948619546669419,0.631578947368421
moead,2,4280,213,20,8,0.3,0.5948619546669419,0.631578947368421
moead,2,4300,214,20,8,0.3,0.5948619546669419,0.631578947368421
moead,2,4320,215,20,8,0.3,0.5948619546669419,0.631578947368421
moead,2,4340,216,20,8,0.3,0.5948619546669419,0.631578947368421
moead,2,4360,217,20,10,0.3,0.6411375972988936,0.5263157894736842
moead,2,4380,218,20,10,0.3,0.6411375972988936,0.5263157894736842
moead,2,4400,219,20,9,0.35,0.5932225306996167,0.5789473684210527
moead,2,4420,220,20,9,0.35,0.5932225306996167,0.5789473684210527
moead,2,4440,221,20,9,0.35,0.5932225306996167,0.5789473684210527
moead,2,4460,222,20,9,0.35,0.5932225306996167,0.5789473684210527
moead,2,4480,223,20,8,0.35,0.5700847093836409,0.631578947368421
moead,2,4500,224,20,8,0.35,0.5700847093836409,0.631578947368421
moead,2,4520,225,20,8,0.35,0.5700847093836409,0.631578947368421
moead,2,4540,226,20,8,0.35,0.5700847093836409,0.631578947368421
moead,2,4560,227,20,8,0.35,0.5700847093836409,0.631578947368421
moead,2,4580,228,20,8,0.35,0.5700847093836409,0.631578947368421
moead,2,4600,229,20,8,0.35,0.5700847093836409,0.631578947368421
moead,2,4620,230,20,8,0.35,0.5700847093836409,0.631578947368421
moead,2,4640,231,20,9,0.35,0.5932225306996167,0.5789473684210527
moead,2,4660,232,20,9,0.35,0.5932225306996167,0.5789473684210527
moead,2,4680,233,20,9,0.35,0.5932225306996167,0.5789473684210527
moead,2,4700,234,20,9,0.35,0.5932225306996167,0.5789473684210527
moead,2,4720,235,20,9,0.3,0.6179997759829178,0.5789473684210527
moead,2,4740,236,20,10,0.3,0.6411375972988936,0.5263157894736842
moead,2,4760,237,20,10,0.3,0.6411375972988936,0.5263157894736842
moead,2,4780,238,20,10,0.3,0.6411375972988936,0.5263157894736842
moead,2,4800,239,20,8,0.3,0.586128728597581,0.631578947368421
moead,2,4820,240,20,9,0.3,0.6179997759829178,0.5789473684210527
moead,2,4840,241,20,9,0.3,0.6179997759829178,0.5789473684210527
moead,2,4860,242,20,9,0.3,0.6179997759829178,0.5789473684210527
moead,2,4880,243,20,9,0.3,0.6179997759829178,0.5789473684210527
moead,2,4900,244,20,9,0.3,0.6179997759829178,0.5789473684210527
moead,2,4920,245,20,9,0.3,0.6179997759829178,0.5789473684210527
moead,2,4940,246,20,9,0.3,0.6179997759829178,0.5789473684210527
moead,2,4960,247,20,8,0.3,0.5948619546669418,0.631578947368421
moead,2,4980,248,20,8,0.3,0.5948619546669418,0.631578947368421
moead,2,5000,249,20,8,0.3,0.5948619546669418,0.631578947368421
moead,2,5020,250,20,9,0.3,0.6179997759829178,0.5789473684210527
moead,2,5040,251,20,9,0.3,0.6179997759829178,0.5789473684210527
moead,2,5060,252,20,9,0.3,0.6179997759829178,0.5789473684210527
moead,2,5080,253,20,9,0.3,0.6179997759829178,0.5789473684210527
moead,2,5100,254,20,9,0.3,0.6179997759829178,0.5789473684210527
moead,2,5120,255,20,9,0.3,0.6179997759829178,0.5789473684210527
moead,2,5140,256,20,9,0.3,0.6179997759829178,0.5789473684210527
moead,2,5160,257,20,9,0.3,0.6179997759829178,0.5789473684210527
moead,2,5180,258,20,9,0.3,0.6179997759829178,0.5789473684210527
moead,2,5200,259,20,9,0.3,0.6179997759829178,0.5789473684210527
moead,2,5220,260,20,9,0.3,0.6179997759829178,0.5789473684210527
moead,2,5240,261,20,9,0.3,0.6179997759829178,0.5789473684210527
moead,2,5260,262,20,9,0.3,0.6179997759829178,0.5789473684210527
moead,2,5280,263,20,10,0.3,0.6411375972988936,0.5263157894736842
moead,2,5300,264,20,10,0.3,0.6411375972988936,0.5263157894736842
moead,2,5320,265,20,10,0.3,0.6411375972988936,0.5263157894736842
moead,2,5340,266,20,10,0.3,0.6411375972988936,0.5263157894736842
moead,2,5360,267,20,10,0.3,0.6411375972988936,0.5263157894736842
moead,2,5380,268,20,10,0.3,0.6411375972988936,0.5263157894736842
moead,2,5400,269,20,10,0.3,0.6411375972988936,0.5263157894736842
moead,2,5420,270,20,10,0.3,0.6411375972988936,0.5263157894736842
moead,2,5440,271,20,10,0.3,0.6411375972988936,0.5263157894736842
moead,2,5460,272,20,9,0.3,0.6179997759829178,0.5789473684210527
moead,2,5480,273,20,9,0.3,0.6179997759829178,0.5789473684210527
moead,2,5500,274,20,9,0.3,0.6179997759829178,0.5789473684210527
moead,2,5520,275,20,9,0.3,0.6179997759829178,0.5789473684210527
moead,2,5540,276,20,9,0.3,0.6179997759829178,0.5789473684210527
moead,2,5560,277,20,9,0.3,0.6179997759829178,0.5789473684210527
moead,2,5580,278,20,9,0.3,0.6179997759829178,0.5789473684210527
moead,2,5600,279,20,9,0.3,0.6179997759829178,0.5789473684210527
moead,2,5620,280,20,9,0.3,0.6179997759829178,0.5789473684210527
moead,2,5640,281,20,9,0.3,0.6179997759829178,0.5789473684210527
moead,2,5660,282,20,9,0.3,0.6179997759829178,0.5789473684210527
moead,2,5680,283,20,9,0.3,0.6179997759829178,0.5789473684210527
moead,2,5700,284,20,11,0.3,0.6862579052293265,0.47368421052631576
moead,2,5720,285,20,11,0.3,0.6862579052293265,0.47368421052631576
moead,2,5740,286,20,11,0.3,0.6862579052293265,0.47368421052631576
moead,2,5760,287,20,11,0.3,0.6862579052293265,0.47368421052631576
moead,2,5780,288,20,12,0.25,0.7313782131597591,0.42105263157894735
moead,2,5800,289,20,11,0.3,0.6862579052293265,0.47368421052631576
moead,2,5820,290,20,11,0.3,0.6862579052293265,0.47368421052631576
moead,2,5840,291,20,11,0.3,0.6862579052293265,0.47368421052631576
moead,2,5860,292,20,11,0.3,0.6862579052293265,0.47368421052631576
moead,2,5880,293,20,11,0.3,0.6862579052293265,0.47368421052631576
moead,2,5900,294,20,11,0.3,0.6862579052293265,0.47368421052631576
moead,2,5920,295,20,11,0.3,0.6862579052293265,0.47368421052631576
moead,2,5940,296,20,11,0.3,0.6862579052293265,0.47368421052631576
moead,2,5960,297,20,11,0.3,0.6862579052293265,0.47368421052631576
moead,2,5980,298,20,11,0.3,0.6862579052293265,0.47368421052631576
moead,2,6000,299,20,11,0.3,0.6862579052293265,0.47368421052631576
moead,2,6020,300,20,11,0.3,0.6862579052293265,0.47368421052631576
moead,2,6040,301,20,11,0.3,0.6862579052293265,0.47368421052631576
moead,2,6060,302,20,11,0.3,0.6862579052293265,0.47368421052631576
moead,2,6080,303,20,11,0.3,0.6862579052293265,0.47368421052631576
moead,2,6100,304,20,11,0.3,0.6862579052293265,0.47368421052631576
moead,2,6120,305,20,10,0.3,0.6631200839133505,0.5263157894736842
moead,2,6140,306,20,10,0.3,0.6631200839133505,0.5263157894736842
moead,2,6160,307,20,10,0.3,0.6631200839133505,0.5263157894736842
moead,2,6180,308,20,11,0.3,0.6862579052293265,0.47368421052631576
moead,2,6200,309,20,11,0.3,0.6862579052293265,0.47368421052631576
moead,2,6220,310,20,11,0.3,0.6862579052293265,0.47368421052631576
moead,2,6240,311,20,11,0.3,0.6862579052293265,0.47368421052631576
moead,2,6260,312,20,11,0.3,0.6862579052293265,0.47368421052631576
moead,2,6280,313,20,11,0.3,0.6862579052293265,0.47368421052631576
moead,2,6300,314,20,10,0.3,0.6411375972988936,0.5263157894736842
moead,2,6320,315,20,10,0.3,0.6411375972988936,0.5263157894736842
moead,2,6340,316,20,10,0.3,0.6411375972988936,0.5263157894736842
moead,2,6360,317,20,10,0.3,0.6411375972988936,0.5263157894736842
moead,2,6380,318,20,10,0.3,0.6411375972988936,0.5263157894736842
moead,2,6400,319,20,10,0.3,0.6411375972988936,0.5263157894736842
moead,2,6420,320,20,11,0.3,0.6862579052293265,0.47368421052631576
moead,2,6440,321,20,11,0.3,0.6862579052293265,0.47368421052631576
moead,2,6460,322,20,11,0.3,0.6862579052293265,0.47368421052631576
moead,2,6480,323,20,11,0.3,0.6862579052293265,0.47368421052631576
moead,2,6500,324,20,11,0.3,0.6862579052293265,0.47368421052631576
moead,2,6520,325,20,11,0.3,0.6862579052293265,0.47368421052631576
moead,2,6540,326,20,11,0.3,0.6862579052293265,0.47368421052631576
moead,2,6560,327,20,11,0.3,0.6862579052293265,0.47368421052631576
moead,2,6580,328,20,11,0.3,0.6862579052293265,0.47368421052631576
moead,2,6600,329,20,10,0.35,0.6383428386300494,0.5263157894736842
moead,2,6620,330,20,10,0.35,0.6383428386300494,0.5263157894736842
moead,2,6640,331,20,10,0.35,0.6383428386300494,0.5263157894736842
moead,2,6660,332,20,10,0.35,0.6383428386300494,0.5263157894736842
moead,2,6680,333,20,10,0.35,0.6383428386300494,0.5263157894736842
moead,2,6700,334,20,10,0.35,0.6383428386300494,0.5263157894736842
moead,2,6720,335,20,10,0.35,0.6383428386300494,0.5263157894736842
moead,2,6740,336,20,10,0.35,0.6383428386300494,0.5263157894736842
moead,2,6760,337,20,10,0.35,0.6383428386300494,0.5263157894736842
moead,2,6780,338,20,10,0.35,0.6383428386300494,0.5263157894736842
moead,2,6800,339,20,10,0.35,0.6383428386300494,0.5263157894736842
moead,2,6820,340,20,10,0.35,0.6383428386300494,0.5263157894736842
moead,2,6840,341,20,10,0.35,0.6383428386300494,0.5263157894736842
moead,2,6860,342,20,10,0.35,0.6383428386300494,0.5263157894736842
moead,2,6880,343,20,10,0.35,0.6383428386300494,0.5263157894736842
moead,2,6900,344,20,10,0.35,0.6383428386300494,0.5263157894736842
moead,2,6920,345,20,10,0.35,0.6383428386300494,0.5263157894736842
moead,2,6940,346,20,10,0.35,0.6383428386300494,0.5263157894736842
moead,2,6960,347,20,10,0.35,0.6383428386300494,0.5263157894736842
moead,2,6980,348,20,10,0.35,0.6383428386300494,0.5263157894736842
moead,2,7000,349,20,10,0.35,0.6383428386300494,0.5263157894736842
moead,2,7020,350,20,10,0.35,0.6383428386300494,0.5263157894736842
moead,2,7040,351,20,10,0.35,0.6383428386300494,0.5263157894736842
moead,2,7060,352,20,10,0.35,0.6383428386300494,0.5263157894736842
moead,2,7080,353,20,10,0.35,0.6383428386300494,0.5263157894736842
moead,2,7100,354,20,10,0.35,0.6383428386300494,0.5263157894736842
moead,2,7120,355,20,10,0.35,0.6383428386300494,0.5263157894736842
moead,2,7140,356,20,10,0.35,0.6383428386300494,0.5263157894736842
moead,2,7160,357,20,10,0.35,0.6383428386300494,0.5263157894736842
moead,2,7180,358,20,10,0.35,0.6383428386300494,0.5263157894736842
moead,2,7200,359,20,10,0.35,0.6383428386300494,0.5263157894736842
moead,2,7220,360,20,10,0.35,0.6383428386300494,0.5263157894736842
moead,2,7240,361,20,10,0.35,0.6383428386300494,0.5263157894736842
moead,2,7260,362,20,10,0.35,0.6383428386300494,0.5263157894736842
moead,2,7280,363,20,10,0.35,0.6383428386300494,0.5263157894736842
moead,2,7300,364,20,10,0.35,0.6383428386300494,0.5263157894736842
moead,2,7320,365,20,10,0.35,0.6383428386300494,0.5263157894736842
moead,2,7340,366,20,10,0.35,0.6383428386300494,0.5263157894736842
moead,2,7360,367,20,10,0.35,0.6383428386300494,0.5263157894736842
moead,2,7380,368,20,10,0.35,0.6383428386300494,0.5263157894736842
moead,2,7400,369,20,10,0.35,0.6383428386300494,0.5263157894736842
moead,2,7420,370,20,10,0.35,0.6383428386300494,0.5263157894736842
moead,2,7440,371,20,10,0.35,0.6383428386300494,0.5263157894736842
moead,2,7460,372,20,10,0.35,0.6383428386300494,0.5263157894736842
moead,2,7480,373,20,10,0.35,0.6383428386300494,0.5263157894736842
moead,2,7500,374,20,10,0.35,0.6383428386300494,0.5263157894736842
moead,2,7520,375,20,10,0.35,0.6383428386300494,0.5263157894736842
moead,2,7540,376,20,10,0.35,0.6383428386300494,0.5263157894736842
moead,2,7560,377,20,10,0.35,0.6383428386300494,0.5263157894736842
moead,2,7580,378,20,10,0.35,0.6383428386300494,0.5263157894736842
moead,2,7600,379,20,10,0.35,0.6383428386300494,0.5263157894736842
moead,2,7620,380,20,9,0.35,0.6152050173140735,0.5789473684210527
moead,2,7640,381,20,9,0.35,0.6152050173140735,0.5789473684210527
moead,2,7660,382,20,9,0.35,0.6152050173140735,0.5789473684210527
moead,2,7680,383,20,9,0.35,0.6152050173140735,0.5789473684210527
moead,2,7700,384,20,9,0.35,0.6152050173140735,0.5789473684210527
moead,2,7720,385,20,9,0.35,0.6152050173140735,0.5789473684210527
moead,2,7740,386,20,9,0.35,0.6152050173140735,0.5789473684210527
moead,2,7760,387,20,9,0.35,0.6152050173140735,0.5789473684210527
moead,2,7780,388,20,9,0.35,0.6152050173140735,0.5789473684210527
moead,2,7800,389,20,9,0.35,0.6152050173140735,0.5789473684210527
moead,2,7820,390,20,9,0.35,0.6152050173140735,0.5789473684210527
moead,2,7840,391,20,10,0.3,0.6631200839133505,0.5263157894736842
moead,2,7860,392,20,9,0.3,0.6399822625973747,0.5789473684210527
moead,2,7880,393,20,10,0.3,0.6631200839133505,0.5263157894736842
moead,2,7900,394,20,10,0.3,0.6631200839133505,0.5263157894736842
moead,2,7920,395,20,10,0.3,0.6631200839133505,0.5263157894736842
moead,2,7940,396,20,11,0.3,0.6862579052293265,0.47368421052631576
moead,2,7960,397,20,11,0.3,0.6862579052293265,0.47368421052631576
moead,2,7980,398,20,11,0.3,0.6862579052293265,0.47368421052631576
moead,2,8000,399,20,11,0.3,0.6862579052293265,0.47368421052631576
moead,2,8020,400,20,11,0.3,0.6862579052293265,0.47368421052631576
moead,2,8040,401,20,11,0.3,0.6862579052293265,0.47368421052631576
moead,2,8060,402,20,11,0.3,0.6862579052293265,0.47368421052631576
moead,2,8080,403,20,11,0.3,0.6862579052293265,0.47368421052631576
moead,2,8100,404,20,11,0.3,0.6862579052293265,0.47368421052631576
moead,2,8120,405,20,11,0.3,0.6862579052293265,0.47368421052631576
moead,2,8140,406,20,11,0.3,0.6862579052293265,0.47368421052631576
moead,2,8160,407,20,11,0.3,0.6862579052293265,0.47368421052631576
moead,2,8180,408,20,11,0.3,0.6862579052293265,0.47368421052631576
moead,2,8200,409,20,11,0.3,0.6862579052293265,0.47368421052631576
moead,2,8220,410,20,7,0.45,0.49051558644157073,0.6842105263157895
moead,2,8240,411,20,7,0.45,0.49051558644157073,0.6842105263157895
moead,2,8260,412,20,7,0.45,0.49051558644157073,0.6842105263157895
moead,2,8280,413,20,7,0.45,0.49051558644157073,0.6842105263157895
moead,2,8300,414,20,7,0.45,0.49051558644157073,0.6842105263157895
moead,2,8320,415,20,7,0.45,0.49051558644157073,0.6842105263157895
moead,2,8340,416,20,7,0.45,0.49051558644157073,0.6842105263157895
moead,2,8360,417,20,7,0.45,0.49051558644157073,0.6842105263157895
moead,2,8380,418,20,7,0.45,0.49051558644157073,0.6842105263157895
moead,2,8400,419,20,7,0.45,0.49051558644157073,0.6842105263157895
moead,2,8420,420,20,7,0.45,0.49051558644157073,0.6842105263157895
moead,2,8440,421,20,7,0.45,0.49051558644157073,0.6842105263157895
moead,2,8460,422,20,7,0.45,0.49051558644157073,0.6842105263157895
moead,2,8480,423,20,7,0.45,0.49051558644157073,0.6842105263157895
moead,2,8500,424,20,7,0.45,0.49051558644157073,0.6842105263157895
moead,2,8520,425,20,7,0.4,0.4949998762584588,0.6842105263157895
moead,2,8540,426,20,7,0.4,0.4949998762584588,0.6842105263157895
moead,2,8560,427,20,7,0.4,0.4949998762584588,0.6842105263157895
moead,2,8580,428,20,7,0.4,0.4949998762584588,0.6842105263157895
moead,2,8600,429,20,7,0.4,0.4949998762584588,0.6842105263157895
moead,2,8620,430,20,7,0.4,0.4949998762584588,0.6842105263157895
moead,2,8640,431,20,7,0.4,0.4949998762584588,0.6842105263157895
moead,2,8660,432,20,7,0.4,0.4949998762584588,0.6842105263157895
moead,2,8680,433,20,7,0.4,0.4949998762584588,0.6842105263157895
moead,2,8700,434,20,6,0.4,0.44469228841657804,0.7368421052631579
moead,2,8720,435,20,6,0.4,0.44469228841657804,0.7368421052631579
moead,2,8740,436,20,6,0.4,0.44469228841657804,0.7368421052631579
moead,2,8760,437,20,6,0.4,0.44469228841657804,0.7368421052631579
moead,2,8780,438,20,6,0.4,0.44469228841657804,0.7368421052631579
moead,2,8800,439,20,6,0.4,0.44469228841657804,0.7368421052631579
moead,2,8820,440,20,6,0.4,0.44469228841657804,0.7368421052631579
moead,2,8840,441,20,6,0.4,0.4718620549424829,0.7368421052631579
moead,2,8860,442,20,6,0.4,0.4718620549424829,0.7368421052631579
moead,2,8880,443,20,8,0.35,0.5700847093836409,0.631578947368421
moead,2,8900,444,20,8,0.35,0.5700847093836409,0.631578947368421
moead,2,8920,445,20,7,0.4,0.5197771215417599,0.6842105263157895
moead,2,8940,446,20,6,0.4,0.4718620549424829,0.7368421052631579
moead,2,8960,447,20,7,0.4,0.4949998762584588,0.6842105263157895
moead,2,8980,448,20,7,0.4,0.4949998762584588,0.6842105263157895
moead,2,9000,449,20,8,0.35,0.5833339699287368,0.631578947368421
moead,2,9020,450,20,6,0.45,0.4806270256706907,0.7368421052631579
moead,2,9040,451,20,6,0.45,0.4806270256706907,0.7368421052631579
moead,2,9060,452,20,6,0.45,0.4806270256706907,0.7368421052631579
moead,2,9080,453,20,6,0.45,0.4806270256706907,0.7368421052631579
moead,2,9100,454,20,8,0.3,0.6081112152120379,0.631578947368421
moead,2,9120,455,20,8,0.3,0.6081112152120379,0.631578947368421
moead,2,9140,456,20,8,0.3,0.6081112152120379,0.631578947368421
moead,2,9160,457,20,8,0.3,0.6081112152120379,0.631578947368421
moead,2,9180,458,20,8,0.3,0.6081112152120379,0.631578947368421
moead,2,9200,459,20,8,0.3,0.6081112152120379,0.631578947368421
moead,2,9220,460,20,8,0.3,0.6081112152120379,0.631578947368421
moead,2,9240,461,20,8,0.3,0.6081112152120379,0.631578947368421
moead,2,9260,462,20,8,0.3,0.6081112152120379,0.631578947368421
moead,2,9280,463,20,8,0.3,0.6081112152120379,0.631578947368421
moead,2,9300,464,20,8,0.3,0.6081112152120379,0.631578947368421
moead,2,9320,465,20,8,0.3,0.6081112152120379,0.631578947368421
moead,2,9340,466,20,8,0.3,0.6081112152120379,0.631578947368421
moead,2,9360,467,20,8,0.3,0.6081112152120379,0.631578947368421
moead,2,9380,468,20,8,0.3,0.6081112152120379,0.631578947368421
moead,2,9400,469,20,8,0.3,0.6081112152120379,0.631578947368421
moead,2,9420,470,20,8,0.3,0.6081112152120379,0.631578947368421
moead,2,9440,471,20,8,0.3,0.6081112152120379,0.631578947368421
moead,2,9460,472,20,8,0.3,0.6081112152120379,0.631578947368421
moead,2,9480,473,20,8,0.3,0.6081112152120379,0.631578947368421
moead,2,9500,474,20,8,0.3,0.6081112152120379,0.631578947368421
moead,2,9520,475,20,8,0.3,0.6081112152120379,0.631578947368421
moead,2,9540,476,20,8,0.3,0.6081112152120379,0.631578947368421
moead,2,9560,477,20,8,0.3,0.586128728597581,0.5789473684210527
moead,2,9580,478,20,8,0.35,0.5833339699287367,0.5789473684210527
moead,2,9600,479,20,9,0.35,0.6250935780849535,0.5789473684210527
moead,2,9620,480,20,9,0.35,0.6250935780849535,0.5789473684210527
moead,2,9640,481,20,9,0.35,0.6250935780849535,0.5789473684210527
moead,2,9660,482,20,9,0.35,0.6250935780849535,0.5789473684210527
moead,2,9680,483,20,8,0.4,0.5747859902430726,0.631578947368421
moead,2,9700,484,20,8,0.4,0.5747859902430726,0.631578947368421
moead,2,9720,485,20,8,0.4,0.5747859902430726,0.631578947368421
moead,2,9740,486,20,8,0.4,0.5747859902430726,0.631578947368421
moead,2,9760,487,20,8,0.4,0.5747859902430726,0.631578947368421
moead,2,9780,488,20,8,0.4,0.5747859902430726,0.631578947368421
moead,2,9800,489,20,8,0.4,0.5747859902430726,0.631578947368421
moead,2,9820,490,20,8,0.4,0.5747859902430726,0.631578947368421
moead,2,9840,491,20,8,0.4,0.5747859902430726,0.631578947368421
moead,2,9860,492,20,7,0.4,0.5372435736804817,0.6842105263157895
moead,2,9880,493,20,7,0.4,0.5372435736804817,0.6842105263157895
moead,2,9900,494,20,7,0.4,0.5372435736804817,0.6842105263157895
moead,2,9920,495,20,8,0.3,0.6123284068056636,0.631578947368421
moead,2,9940,496,20,8,0.35,0.5875511615223625,0.631578947368421
moead,2,9960,497,20,8,0.35,0.5875511615223625,0.631578947368421
moead,2,9980,498,20,7,0.4,0.4949998762584588,0.6842105263157895
moead,2,10000,499,20,7,0.4,0.4949998762584588,0.6842105263157895
moead,3,20,0,20,20,0.05,1.0,0.0
moead,3,40,1,20,3,0.5,0.34370661996542284,0.8947368421052632
moead,3,60,2,20,3,0.5,0.3148974294721926,0.8947368421052632
moead,3,80,3,20,4,0.55,0.37043982932079766,0.8421052631578947
moead,3,100,4,20,3,0.5,0.3148974294721926,0.8947368421052632
moead,3,120,5,20,6,0.5,0.45824039184378323,0.6842105263157895
moead,3,140,6,20,4,0.45,0.3691551106844369,0.8421052631578947
moead,3,160,7,20,3,0.5,0.34370661996542284,0.8947368421052632
moead,3,180,8,20,6,0.3,0.557319538104351,0.7368421052631579
moead,3,200,9,20,5,0.3,0.5023106694030383,0.7894736842105263
moead,3,220,10,20,5,0.45,0.41946269852631773,0.7894736842105263
moead,3,240,11,20,6,0.4,0.50988856077088,0.7368421052631579
moead,3,260,12,20,6,0.3,0.5398530859656291,0.7368421052631579
moead,3,280,13,20,7,0.3,0.5762401678267011,0.6842105263157895
moead,3,300,14,20,6,0.4,0.50988856077088,0.7368421052631579
moead,3,320,15,20,8,0.35,0.6106889828383384,0.631578947368421
moead,3,340,16,20,5,0.45,0.45748920435471474,0.7894736842105263
moead,3,360,17,20,6,0.4,0.5186217868402407,0.7368421052631579
moead,3,380,18,20,7,0.3,0.5937066199654227,0.631578947368421
moead,3,400,19,20,8,0.3,0.6267330020522787,0.631578947368421
moead,3,420,20,20,8,0.35,0.6106889828383384,0.5789473684210527
moead,3,440,21,20,9,0.3,0.6586040494376154,0.5263157894736842
moead,3,460,22,20,8,0.3,0.6123284068056636,0.5789473684210527
moead,3,480,23,20,8,0.25,0.6255776673507596,0.631578947368421
moead,3,500,24,20,8,0.25,0.6255776673507596,0.631578947368421
moead,3,520,25,20,6,0.4,0.4954839655242649,0.7368421052631579
moead,3,540,26,20,6,0.4,0.4879060741564232,0.6842105263157895
moead,3,560,27,20,6,0.4,0.4879060741564232,0.6842105263157895
moead,3,580,28,20,6,0.4,0.48790607415642306,0.7368421052631579
moead,3,600,29,20,5,0.4,0.421554467100602,0.7894736842105263
moead,3,620,30,20,6,0.4,0.4718620549424829,0.7368421052631579
moead,3,640,31,20,6,0.4,0.4718620549424829,0.7368421052631579
moead,3,660,32,20,6,0.4,0.4718620549424829,0.7368421052631579
moead,3,680,33,20,6,0.4,0.4718620549424829,0.7368421052631579
moead,3,700,34,20,6,0.4,0.4718620549424829,0.7368421052631579
moead,3,720,35,20,6,0.4,0.4718620549424829,0.7368421052631579
moead,3,740,36,20,6,0.4,0.4718620549424829,0.7368421052631579
moead,3,760,37,20,7,0.35,0.5469468880676648,0.631578947368421
moead,3,780,38,20,7,0.35,0.5644133402063866,0.6842105263157895
moead,3,800,39,20,7,0.3,0.5705687986494469,0.6842105263157895
moead,3,820,40,20,8,0.45,0.5599290503894985,0.5789473684210527
moead,3,840,41,20,5,0.45,0.435506717740258,0.7894736842105263
moead,3,860,42,20,5,0.45,0.435506717740258,0.7894736842105263
moead,3,880,43,20,4,0.45,0.3398935755842477,0.8421052631578947
moead,3,900,44,20,4,0.45,0.3398935755842477,0.8421052631578947
moead,3,920,45,20,6,0.35,0.5226537320501699,0.7368421052631579
moead,3,940,46,20,4,0.5,0.38882692789585555,0.8421052631578947
moead,3,960,47,20,6,0.5,0.4825335478612783,0.7368421052631579
moead,3,980,48,20,1,1.0,-0.0,1.0
moead,3,1000,49,20,5,0.35,0.4832047932969913,0.7894736842105263
moead,3,1020,50,20,6,0.35,0.515075840682328,0.7368421052631579
moead,3,1040,51,20,8,0.45,0.5686622764588594,0.631578947368421
moead,3,1060,52,20,7,0.25,0.6024398460347836,0.6842105263157895
moead,3,1080,53,20,7,0.25,0.5880352507881687,0.6842105263157895
moead,3,1100,54,20,6,0.5,0.4681289526146632,0.7368421052631579
moead,3,1120,55,20,4,0.5,0.38124903652801373,0.8421052631578947
moead,3,1140,56,20,7,0.3,0.5804573594203268,0.631578947368421
moead,3,1160,57,20,5,0.5,0.4351025705278073,0.7894736842105263
moead,3,1180,58,20,4,0.5,0.3888269278958555,0.7894736842105263
moead,3,1200,59,20,7,0.3,0.5705687986494469,0.631578947368421
moead,3,1220,60,20,7,0.35,0.5788179354530016,0.6842105263157895
moead,3,1240,61,20,8,0.2,0.6673372755069763,0.631578947368421
moead,3,1260,62,20,7,0.45,0.5455244551428834,0.6842105263157895
moead,3,1280,63,20,3,0.7,0.24903182146838776,0.8947368421052632
moead,3,1300,64,20,3,0.7,0.24903182146838776,0.8947368421052632
moead,3,1320,65,20,5,0.45,0.45748920435471474,0.7368421052631579
moead,3,1340,66,20,7,0.3,0.5849733938960618,0.631578947368421
moead,3,1360,67,20,5,0.35,0.509404471505074,0.7894736842105263
moead,3,1380,68,20,5,0.5,0.4449911312986873,0.7894736842105263
moead,3,1400,69,20,5,0.35,0.509404471505074,0.7894736842105263
moead,3,1420,70,20,5,0.35,0.509404471505074,0.7894736842105263
moead,3,1440,71,20,7,0.3,0.5762401678267011,0.6842105263157895
moead,3,1460,72,20,7,0.3,0.5762401678267011,0.6842105263157895
moead,3,1480,73,20,6,0.35,0.5325422928210498,0.7368421052631579
moead,3,1500,74,20,7,0.35,0.5844893046302558,0.6842105263157895
moead,3,1520,75,20,7,0.2,0.6210616328750245,0.6842105263157895
moead,3,1540,76,20,5,0.35,0.4907826846648331,0.7894736842105263
moead,3,1560,77,20,7,0.35,0.5601961486127608,0.6842105263157895
moead,3,1580,78,20,9,0.25,0.6862579052293265,0.5263157894736842
moead,3,1600,79,20,7,0.3,0.5948619546669419,0.631578947368421
moead,3,1620,80,20,8,0.3,0.6081112152120378,0.631578947368421
moead,3,1640,81,20,6,0.3,0.557319538104351,0.7368421052631579
moead,3,1660,82,20,7,0.25,0.6069558805105186,0.631578947368421
moead,3,1680,83,20,6,0.35,0.515075840682328,0.7368421052631579
moead,3,1700,84,20,7,0.3,0.6035951807363027,0.631578947368421
moead,3,1720,85,20,8,0.3,0.6354662281216397,0.631578947368421
moead,3,1740,86,20,8,0.3,0.6354662281216397,0.631578947368421
moead,3,1760,87,20,8,0.3,0.6354662281216397,0.631578947368421
moead,3,1780,88,20,9,0.25,0.6718533099827114,0.5789473684210527
moead,3,1800,89,20,10,0.2,0.736750739454904,0.5263157894736842
moead,3,1820,90,20,10,0.2,0.736750739454904,0.5263157894736842
moead,3,1840,91,20,7,0.5,0.5231378213159759,0.6842105263157895
moead,3,1860,92,20,7,0.5,0.5231378213159759,0.6842105263157895
moead,3,1880,93,20,10,0.25,0.7037243573680482,0.5263157894736842
moead,3,1900,94,20,11,0.2,0.75988856077088,0.47368421052631576
moead,3,1920,95,20,12,0.2,0.7830263820868558,0.42105263157894735
moead,3,1940,96,20,12,0.2,0.7830263820868558,0.42105263157894735
moead,3,1960,97,20,13,0.15,0.8205687986494469,0.3684210526315789
moead,3,1980,98,20,14,0.15,0.8437066199654227,0.3157894736842105
moead,3,2000,99,20,12,0.15,0.7974309773334709,0.42105263157894735
moead,3,2020,100,20,12,0.15,0.7974309773334709,0.42105263157894735
moead,3,2040,101,20,14,0.15,0.8437066199654227,0.21052631578947367
moead,3,2060,102,20,13,0.15,0.8293020247188077,0.3157894736842105
moead,3,2080,103,20,13,0.2,0.8061642034028318,0.3684210526315789
moead,3,2100,104,20,11,0.35,0.6945070420328813,0.47368421052631576
moead,3,2120,105,20,13,0.15,0.811835572580086,0.3684210526315789
moead,3,2140,106,20,13,0.15,0.8205687986494469,0.3684210526315789
moead,3,2160,107,20,13,0.15,0.811835572580086,0.3684210526315789
moead,3,2180,108,20,12,0.15,0.78869775126411,0.42105263157894735
moead,3,2200,109,20,14,0.15,0.8437066199654227,0.3157894736842105
moead,3,2220,110,20,14,0.15,0.8437066199654227,0.3157894736842105
moead,3,2240,111,20,14,0.15,0.8437066199654227,0.3157894736842105
moead,3,2260,112,20,13,0.15,0.8205687986494469,0.3684210526315789
moead,3,2280,113,20,13,0.15,0.811835572580086,0.3684210526315789
moead,3,2300,114,20,11,0.25,0.7325335478612783,0.42105263157894735
moead,3,2320,115,20,11,0.25,0.7325335478612783,0.42105263157894735
moead,3,2340,116,20,11,0.25,0.7325335478612783,0.42105263157894735
moead,3,2360,117,20,10,0.3,0.6874132399308456,0.47368421052631576
moead,3,2380,118,20,11,0.3,0.7105510612468214,0.47368421052631576
moead,3,2400,119,20,11,0.3,0.7105510612468214,0.47368421052631576
moead,3,2420,120,20,11,0.3,0.7105510612468214,0.47368421052631576
moead,3,2440,121,20,11,0.3,0.7105510612468214,0.47368421052631576
moead,3,2460,122,20,11,0.25,0.7325335478612783,0.47368421052631576
moead,3,2480,123,20,9,0.2,0.6817418707535915,0.5789473684210527
moead,3,2500,124,20,9,0.3,0.6586040494376154,0.5789473684210527
moead,3,2520,125,20,8,0.4,0.5979238115590485,0.631578947368421
moead,3,2540,126,20,8,0.35,0.6106889828383384,0.631578947368421
moead,3,2560,127,20,7,0.25,0.6111730721041446,0.6842105263157895
moead,3,2580,128,20,10,0.25,0.6949911312986874,0.5263157894736842
moead,3,2600,129,20,11,0.2,0.7511553347015192,0.47368421052631576
moead,3,2620,130,20,8,0.3,0.6267330020522787,0.5789473684210527
moead,3,2640,131,20,11,0.15,0.774293156017495,0.3684210526315789
moead,3,2660,132,20,13,0.15,0.8205687986494469,0.3157894736842105
moead,3,2680,133,20,12,0.15,0.8061642034028318,0.42105263157894735
moead,3,2700,134,20,13,0.1,0.8380352507881685,0.3684210526315789
moead,3,2720,135,20,13,0.1,0.8380352507881685,0.3684210526315789
moead,3,2740,136,20,13,0.15,0.8293020247188077,0.3684210526315789
moead,3,2760,137,20,14,0.15,0.8524398460347836,0.3157894736842105
moead,3,2780,138,20,14,0.15,0.8524398460347836,0.3157894736842105
moead,3,2800,139,20,14,0.15,0.8524398460347836,0.3157894736842105
moead,3,2820,140,20,12,0.2,0.7830263820868558,0.42105263157894735
moead,3,2840,141,20,12,0.2,0.7830263820868558,0.42105263157894735
moead,3,2860,142,20,10,0.25,0.6949911312986874,0.5263157894736842
moead,3,2880,143,20,9,0.2,0.6760705015763371,0.5789473684210527
moead,3,2900,144,20,8,0.3,0.6123284068056636,0.631578947368421
moead,3,2920,145,20,8,0.3,0.6123284068056636,0.631578947368421
moead,3,2940,146,20,7,0.4,0.5516481689270967,0.6842105263157895
moead,3,2960,147,20,8,0.4,0.5835192163124335,0.631578947368421
moead,3,2980,148,20,11,0.25,0.7412667739306392,0.47368421052631576
moead,3,3000,149,20,11,0.25,0.7412667739306392,0.47368421052631576
moead,3,3020,150,20,11,0.25,0.7412667739306392,0.47368421052631576
moead,3,3040,151,20,4,0.4,0.41685318624117024,0.8421052631578947
moead,3,3060,152,20,5,0.45,0.4442399438096188,0.7894736842105263
moead,3,3080,153,20,9,0.35,0.6152050173140735,0.5789473684210527
moead,3,3100,154,20,8,0.3,0.6168444412813987,0.631578947368421
moead,3,3120,155,20,9,0.3,0.6642754186148696,0.5789473684210527
moead,3,3140,156,20,10,0.3,0.6874132399308457,0.5263157894736842
moead,3,3160,157,20,12,0.3,0.7511553347015192,0.42105263157894735
moead,3,3180,158,20,9,0.2,0.6673372755069762,0.5789473684210527
moead,3,3200,159,20,8,0.3,0.6179997759829178,0.631578947368421
moead,3,3220,160,20,9,0.35,0.6338268041543144,0.5789473684210527
moead,3,3240,161,20,10,0.25,0.7093957265453024,0.5263157894736842
moead,3,3260,162,20,11,0.2,0.7511553347015192,0.47368421052631576
moead,3,3280,163,20,8,0.5,0.5375424165625909,0.631578947368421
moead,3,3300,164,20,6,0.35,0.5226537320501699,0.7368421052631579
moead,3,3320,165,20,9,0.2,0.6904750968229523,0.5789473684210527
moead,3,3340,166,20,6,0.5,0.4825335478612782,0.7368421052631579
moead,3,3360,167,20,6,0.25,0.5750848331251819,0.7368421052631579
moead,3,3380,168,20,5,0.45,0.45748920435471474,0.7894736842105263
moead,3,3400,169,20,6,0.4,0.5285103476111208,0.7368421052631579
moead,3,3420,170,20,5,0.65,0.3740558016242945,0.7368421052631579
moead,3,3440,171,20,5,0.35,0.47753342411973715,0.7894736842105263
moead,3,3460,172,20,6,0.35,0.5412755188904107,0.7368421052631579
moead,3,3480,173,20,6,0.35,0.5412755188904107,0.7368421052631579
moead,3,3500,174,20,6,0.35,0.5412755188904107,0.7368421052631579
moead,3,3520,175,20,6,0.35,0.5412755188904107,0.7368421052631579
moead,3,3540,176,20,7,0.2,0.6354662281216394,0.6842105263157895
moead,3,3560,177,20,10,0.2,0.7367507394549041,0.5263157894736842
moead,3,3580,178,20,11,0.2,0.7598885607708801,0.47368421052631576
moead,3,3600,179,20,11,0.2,0.7598885607708801,0.47368421052631576
moead,3,3620,180,20,11,0.2,0.7598885607708801,0.47368421052631576
moead,3,3640,181,20,11,0.2,0.7598885607708801,0.47368421052631576
moead,3,3660,182,20,11,0.2,0.7598885607708801,0.47368421052631576
moead,3,3680,183,20,11,0.2,0.7598885607708801,0.47368421052631576
moead,3,3700,184,20,11,0.2,0.7598885607708801,0.47368421052631576
moead,3,3720,185,20,10,0.25,0.7037243573680482,0.5263157894736842
moead,3,3740,186,20,12,0.25,0.773137821315976,0.42105263157894735
moead,3,3760,187,20,12,0.25,0.773137821315976,0.42105263157894735
moead,3,3780,188,20,12,0.25,0.773137821315976,0.42105263157894735
moead,3,3800,189,20,12,0.25,0.773137821315976,0.42105263157894735
moead,3,3820,190,20,12,0.25,0.773137821315976,0.42105263157894735
moead,3,3840,191,20,14,0.2,0.8380352507881687,0.3157894736842105
moead,3,3860,192,20,14,0.2,0.8380352507881687,0.3157894736842105
moead,3,3880,193,20,14,0.2,0.8380352507881687,0.3157894736842105
moead,3,3900,194,20,16,0.2,0.8843108934201206,0.21052631578947367
moead,3,3920,195,20,16,0.2,0.8843108934201206,0.21052631578947367
moead,3,3940,196,20,17,0.15,0.9218533099827115,0.15789473684210525
moead,3,3960,197,20,17,0.15,0.9218533099827115,0.15789473684210525
moead,3,3980,198,20,16,0.2,0.8843108934201206,0.21052631578947367
moead,3,4000,199,20,17,0.1,0.9305865360520724,0.15789473684210525
moead,3,4020,200,20,17,0.1,0.9305865360520724,0.15789473684210525
moead,3,4040,201,20,17,0.1,0.9305865360520724,0.15789473684210525
moead,3,4060,202,20,17,0.1,0.9305865360520724,0.15789473684210525
moead,3,4080,203,20,17,0.1,0.9305865360520724,0.15789473684210525
moead,3,4100,204,20,18,0.1,0.9537243573680483,0.10526315789473684
moead,3,4120,205,20,10,0.3,0.6874132399308456,0.5263157894736842
moead,3,4140,206,20,8,0.25,0.6213604757571338,0.631578947368421
moead,3,4160,207,20,9,0.2,0.6874132399308457,0.5789473684210527
moead,3,4180,208,20,10,0.2,0.7192842873161823,0.5263157894736842
moead,3,4200,209,20,10,0.2,0.7192842873161823,0.5263157894736842
moead,3,4220,210,20,11,0.2,0.75988856077088,0.47368421052631576
moead,3,4240,211,20,11,0.2,0.75988856077088,0.47368421052631576
moead,3,4260,212,20,13,0.15,0.8293020247188077,0.3684210526315789
moead,3,4280,213,20,14,0.1,0.8611730721041445,0.3157894736842105
moead,3,4300,214,20,15,0.1,0.8843108934201204,0.2631578947368421
moead,3,4320,215,20,16,0.1,0.9074487147360965,0.21052631578947367
moead,3,4340,216,20,16,0.1,0.9074487147360965,0.21052631578947367
moead,3,4360,217,20,12,0.15,0.78869775126411,0.3684210526315789
moead,3,4380,218,20,13,0.15,0.8293020247188077,0.3157894736842105
moead,3,4400,219,20,12,0.15,0.7974309773334709,0.3684210526315789
moead,3,4420,220,20,13,0.15,0.8205687986494469,0.3157894736842105
moead,3,4440,221,20,14,0.15,0.8437066199654227,0.2631578947368421
moead,3,4460,222,20,15,0.15,0.8668444412813987,0.2631578947368421
moead,3,4480,223,20,16,0.15,0.8899822625973748,0.21052631578947367
moead,3,4500,224,20,16,0.15,0.8899822625973748,0.21052631578947367
moead,3,4520,225,20,16,0.15,0.8899822625973748,0.21052631578947367
moead,3,4540,226,20,18,0.1,0.9537243573680483,0.10526315789473684
moead,3,4560,227,20,18,0.1,0.9537243573680483,0.10526315789473684
moead,3,4580,228,20,18,0.1,0.9537243573680483,0.10526315789473684
moead,3,4600,229,20,18,0.1,0.9537243573680483,0.10526315789473684
moead,3,4620,230,20,18,0.1,0.9537243573680483,0.10526315789473684
moead,3,4640,231,20,18,0.1,0.9537243573680483,0.10526315789473684
moead,3,4660,232,20,17,0.1,0.9305865360520724,0.15789473684210525
moead,3,4680,233,20,17,0.1,0.9305865360520724,0.15789473684210525
moead,3,4700,234,20,17,0.1,0.9305865360520724,0.15789473684210525
moead,3,4720,235,20,17,0.1,0.9305865360520724,0.15789473684210525
moead,3,4740,236,20,17,0.1,0.9305865360520724,0.15789473684210525
moead,3,4760,237,20,17,0.1,0.9305865360520724,0.15789473684210525
moead,3,4780,238,20,14,0.25,0.8194134639479278,0.3157894736842105
moead,3,4800,239,20,15,0.15,0.8755776673507596,0.2631578947368421
moead,3,4820,240,20,14,0.2,0.8380352507881685,0.3157894736842105
moead,3,4840,241,20,14,0.2,0.8380352507881685,0.3157894736842105
moead,3,4860,242,20,14,0.2,0.8380352507881685,0.3157894736842105
moead,3,4880,243,20,14,0.2,0.8380352507881685,0.3157894736842105
moead,3,4900,244,20,14,0.2,0.8380352507881685,0.3157894736842105
moead,3,4920,245,20,14,0.2,0.8380352507881685,0.3157894736842105
moead,3,4940,246,20,14,0.2,0.8380352507881685,0.3157894736842105
moead,3,4960,247,20,14,0.2,0.8380352507881685,0.3157894736842105
moead,3,4980,248,20,15,0.2,0.8611730721041445,0.2631578947368421
moead,3,5000,249,20,15,0.2,0.8611730721041445,0.2631578947368421
moead,3,5020,250,20,16,0.2,0.8843108934201206,0.21052631578947367
moead,3,5040,251,20,16,0.2,0.8843108934201206,0.21052631578947367
moead,3,5060,252,20,16,0.2,0.8843108934201206,0.21052631578947367
moead,3,5080,253,20,16,0.2,0.8843108934201206,0.21052631578947367
moead,3,5100,254,20,16,0.2,0.8843108934201206,0.21052631578947367
moead,3,5120,255,20,17,0.1,0.9305865360520724,0.15789473684210525
moead,3,5140,256,20,17,0.1,0.9305865360520724,0.15789473684210525
moead,3,5160,257,20,17,0.1,0.9305865360520724,0.15789473684210525
moead,3,5180,258,20,17,0.1,0.9305865360520724,0.15789473684210525
moead,3,5200,259,20,17,0.1,0.9305865360520724,0.15789473684210525
moead,3,5220,260,20,17,0.1,0.9305865360520724,0.15789473684210525
moead,3,5240,261,20,18,0.1,0.9537243573680483,0.10526315789473684
moead,3,5260,262,20,18,0.1,0.9537243573680483,0.10526315789473684
moead,3,5280,263,20,18,0.1,0.9537243573680483,0.10526315789473684
moead,3,5300,264,20,18,0.1,0.9537243573680483,0.10526315789473684
moead,3,5320,265,20,17,0.15,0.9218533099827115,0.15789473684210525
moead,3,5340,266,20,18,0.1,0.9537243573680483,0.10526315789473684
moead,3,5360,267,20,18,0.1,0.9537243573680483,0.10526315789473684
moead,3,5380,268,20,17,0.15,0.9218533099827115,0.15789473684210525
moead,3,5400,269,20,17,0.15,0.9218533099827115,0.15789473684210525
moead,3,5420,270,20,17,0.15,0.9218533099827115,0.15789473684210525
moead,3,5440,271,20,16,0.15,0.8987154886667356,0.21052631578947367
moead,3,5460,272,20,16,0.15,0.8987154886667356,0.21052631578947367
moead,3,5480,273,20,14,0.15,0.8437066199654227,0.3157894736842105
moead,3,5500,274,20,15,0.15,0.8755776673507596,0.2631578947368421
moead,3,5520,275,20,15,0.1,0.8843108934201204,0.2631578947368421
moead,3,5540,276,20,15,0.1,0.8843108934201204,0.2631578947368421
moead,3,5560,277,20,15,0.1,0.8843108934201204,0.2631578947368421
moead,3,5580,278,20,15,0.1,0.8843108934201204,0.2631578947368421
moead,3,5600,279,20,15,0.1,0.8843108934201204,0.2631578947368421
moead,3,5620,280,20,15,0.1,0.8843108934201204,0.2631578947368421
moead,3,5640,281,20,16,0.1,0.9074487147360965,0.21052631578947367
moead,3,5660,282,20,17,0.1,0.9305865360520724,0.15789473684210525
moead,3,5680,283,20,17,0.1,0.9305865360520724,0.15789473684210525
moead,3,5700,284,20,17,0.1,0.9305865360520724,0.15789473684210525
moead,3,5720,285,20,17,0.1,0.9305865360520724,0.15789473684210525
moead,3,5740,286,20,17,0.1,0.9305865360520724,0.15789473684210525
moead,3,5760,287,20,17,0.1,0.9305865360520724,0.15789473684210525
moead,3,5780,288,20,17,0.1,0.9305865360520724,0.15789473684210525
moead,3,5800,289,20,17,0.1,0.9305865360520724,0.15789473684210525
moead,3,5820,290,20,17,0.1,0.9305865360520724,0.15789473684210525
moead,3,5840,291,20,17,0.1,0.9305865360520724,0.15789473684210525
moead,3,5860,292,20,17,0.1,0.9305865360520724,0.15789473684210525
moead,3,5880,293,20,17,0.1,0.9305865360520724,0.15789473684210525
moead,3,5900,294,20,17,0.1,0.9305865360520724,0.15789473684210525
moead,3,5920,295,20,17,0.1,0.9305865360520724,0.15789473684210525
moead,3,5940,296,20,17,0.1,0.9305865360520724,0.15789473684210525
moead,3,5960,297,20,17,0.1,0.9305865360520724,0.15789473684210525
moead,3,5980,298,20,17,0.1,0.9305865360520724,0.15789473684210525
moead,3,6000,299,20,17,0.1,0.9305865360520724,0.15789473684210525
moead,3,6020,300,20,17,0.1,0.9305865360520724,0.15789473684210525
moead,3,6040,301,20,17,0.1,0.9305865360520724,0.15789473684210525
moead,3,6060,302,20,17,0.1,0.9305865360520724,0.15789473684210525
moead,3,6080,303,20,17,0.1,0.9305865360520724,0.15789473684210525
moead,3,6100,304,20,17,0.1,0.9305865360520724,0.15789473684210525
moead,3,6120,305,20,17,0.1,0.9305865360520724,0.15789473684210525
moead,3,6140,306,20,17,0.1,0.9305865360520724,0.15789473684210525
moead,3,6160,307,20,17,0.1,0.9305865360520724,0.15789473684210525
moead,3,6180,308,20,17,0.1,0.9305865360520724,0.15789473684210525
moead,3,6200,309,20,17,0.1,0.9305865360520724,0.15789473684210525
moead,3,6220,310,20,17,0.1,0.9305865360520724,0.15789473684210525
moead,3,6240,311,20,17,0.1,0.9305865360520724,0.15789473684210525
moead,3,6260,312,20,17,0.1,0.9305865360520724,0.15789473684210525
moead,3,6280,313,20,17,0.1,0.9305865360520724,0.15789473684210525
moead,3,6300,314,20,9,0.35,0.5932225306996167,0.5789473684210527
moead,3,6320,315,20,9,0.35,0.6338268041543144,0.5789473684210527
moead,3,6340,316,20,7,0.35,0.5469468880676648,0.6842105263157895
moead,3,6360,317,20,6,0.25,0.5606802378785669,0.7368421052631579
moead,3,6380,318,20,6,0.25,0.5606802378785669,0.7368421052631579
moead,3,6400,319,20,7,0.25,0.6168444412813986,0.6842105263157895
moead,3,6420,320,20,6,0.4,0.5285103476111208,0.7368421052631579
moead,3,6440,321,20,8,0.3,0.6411375972988937,0.631578947368421
moead,3,6460,322,20,9,0.3,0.6642754186148696,0.5789473684210527
moead,3,6480,323,20,9,0.3,0.6642754186148696,0.5789473684210527
moead,3,6500,324,20,9,0.3,0.6642754186148696,0.5789473684210527
moead,3,6520,325,20,9,0.3,0.6642754186148696,0.5789473684210527
moead,3,6540,326,20,9,0.3,0.6642754186148696,0.5789473684210527
moead,3,6560,327,20,10,0.3,0.6961464660002064,0.5263157894736842
moead,3,6580,328,20,10,0.3,0.6961464660002064,0.5263157894736842
moead,3,6600,329,20,10,0.3,0.6961464660002064,0.5263157894736842
moead,3,6620,330,20,10,0.3,0.6961464660002064,0.5263157894736842
moead,3,6640,331,20,10,0.3,0.6961464660002064,0.5263157894736842
moead,3,6660,332,20,10,0.3,0.6961464660002064,0.5263157894736842
moead,3,6680,333,20,10,0.3,0.6961464660002064,0.5263157894736842
moead,3,6700,334,20,11,0.2,0.7511553347015191,0.47368421052631576
moead,3,6720,335,20,11,0.3,0.7192842873161823,0.47368421052631576
moead,3,6740,336,20,12,0.25,0.7644045952466151,0.42105263157894735
moead,3,6760,337,20,10,0.25,0.7093957265453024,0.5263157894736842
moead,3,6780,338,20,10,0.25,0.7093957265453024,0.47368421052631576
moead,3,6800,339,20,10,0.25,0.7181289526146633,0.5263157894736842
moead,3,6820,340,20,12,0.25,0.764404595246615,0.42105263157894735
moead,3,6840,341,20,13,0.25,0.7875424165625908,0.3684210526315789
moead,3,6860,342,20,13,0.25,0.7875424165625908,0.3684210526315789
moead,3,6880,343,20,13,0.25,0.7875424165625908,0.3684210526315789
moead,3,6900,344,20,13,0.25,0.7875424165625908,0.3684210526315789
moead,3,6920,345,20,13,0.25,0.7875424165625908,0.3684210526315789
moead,3,6940,346,20,13,0.25,0.7875424165625908,0.3684210526315789
moead,3,6960,347,20,12,0.25,0.7313782131597591,0.42105263157894735
moead,3,6980,348,20,12,0.25,0.7313782131597591,0.42105263157894735
moead,3,7000,349,20,10,0.45,0.623671145160172,0.5263157894736842
moead,3,7020,350,20,12,0.35,0.726378089418218,0.42105263157894735
moead,3,7040,351,20,12,0.35,0.726378089418218,0.42105263157894735
moead,3,7060,352,20,10,0.35,0.6801024467862662,0.47368421052631576
moead,3,7080,353,20,12,0.35,0.726378089418218,0.42105263157894735
moead,3,7100,354,20,12,0.35,0.726378089418218,0.42105263157894735
moead,3,7120,355,20,13,0.25,0.787542416562591,0.3684210526315789
moead,3,7140,356,20,15,0.25,0.8425512852639038,0.2631578947368421
moead,3,7160,357,20,14,0.25,0.8194134639479278,0.3157894736842105
moead,3,7180,358,20,14,0.25,0.8194134639479278,0.3157894736842105
moead,3,7200,359,20,14,0.25,0.8194134639479278,0.3157894736842105
moead,3,7220,360,20,14,0.25,0.8194134639479278,0.3157894736842105
moead,3,7240,361,20,14,0.25,0.8194134639479278,0.3157894736842105
moead,3,7260,362,20,13,0.25,0.787542416562591,0.3684210526315789
moead,3,7280,363,20,10,0.25,0.6949911312986874,0.5263157894736842
moead,3,7300,364,20,13,0.2,0.8148974294721927,0.3684210526315789
moead,3,7320,365,20,13,0.2,0.8148974294721927,0.3684210526315789
moead,3,7340,366,20,14,0.2,0.8380352507881685,0.3157894736842105
moead,3,7360,367,20,14,0.25,0.8194134639479278,0.3157894736842105
moead,3,7380,368,20,16,0.25,0.8656891065798795,0.21052631578947367
moead,3,7400,369,20,17,0.2,0.9074487147360965,0.15789473684210525
moead,3,7420,370,20,17,0.2,0.9074487147360965,0.15789473684210525
moead,3,7440,371,20,16,0.2,0.8843108934201206,0.21052631578947367
moead,3,7460,372,20,16,0.2,0.8843108934201206,0.21052631578947367
moead,3,7480,373,20,17,0.2,0.9074487147360965,0.15789473684210525
moead,3,7500,374,20,17,0.2,0.9074487147360965,0.15789473684210525
moead,3,7520,375,20,17,0.2,0.9074487147360965,0.15789473684210525
moead,3,7540,376,20,17,0.2,0.9074487147360965,0.15789473684210525
moead,3,7560,377,20,17,0.2,0.9074487147360965,0.15789473684210525
moead,3,7580,378,20,17,0.2,0.9074487147360965,0.15789473684210525
moead,3,7600,379,20,17,0.2,0.9074487147360965,0.15789473684210525
moead,3,7620,380,20,17,0.2,0.9074487147360965,0.15789473684210525
moead,3,7640,381,20,17,0.2,0.9074487147360965,0.15789473684210525
moead,3,7660,382,20,17,0.2,0.9074487147360965,0.15789473684210525
moead,3,7680,383,20,18,0.15,0.9449911312986875,0.10526315789473684
moead,3,7700,384,20,17,0.15,0.9218533099827115,0.15789473684210525
moead,3,7720,385,20,18,0.15,0.9449911312986875,0.10526315789473684
moead,3,7740,386,20,18,0.15,0.9449911312986875,0.10526315789473684
moead,3,7760,387,20,18,0.15,0.9449911312986875,0.10526315789473684
moead,3,7780,388,20,18,0.15,0.9449911312986875,0.10526315789473684
moead,3,7800,389,20,17,0.15,0.9218533099827115,0.15789473684210525
moead,3,7820,390,20,16,0.15,0.8987154886667356,0.21052631578947367
moead,3,7840,391,20,16,0.15,0.8987154886667356,0.21052631578947367
moead,3,7860,392,20,16,0.15,0.8987154886667356,0.21052631578947367
moead,3,7880,393,20,16,0.15,0.8987154886667356,0.21052631578947367
moead,3,7900,394,20,16,0.15,0.8987154886667356,0.21052631578947367
moead,3,7920,395,20,16,0.15,0.8987154886667356,0.21052631578947367
moead,3,7940,396,20,16,0.15,0.8987154886667356,0.21052631578947367
moead,3,7960,397,20,12,0.3,0.7424221086321582,0.42105263157894735
moead,3,7980,398,20,9,0.25,0.6631200839133505,0.5789473684210527
moead,3,8000,399,20,10,0.25,0.7006625004759416,0.5263157894736842
moead,3,8020,400,20,10,0.25,0.7006625004759416,0.5263157894736842
moead,3,8040,401,20,9,0.25,0.6718533099827114,0.5263157894736842
moead,3,8060,402,20,9,0.25,0.6718533099827114,0.5263157894736842
moead,3,8080,403,20,9,0.2,0.6961464660002066,0.5263157894736842
moead,3,8100,404,20,10,0.2,0.7280175133855433,0.5263157894736842
moead,3,8120,405,20,11,0.2,0.75988856077088,0.47368421052631576
moead,3,8140,406,20,13,0.15,0.8293020247188077,0.3684210526315789
moead,3,8160,407,20,12,0.15,0.7974309773334709,0.42105263157894735
moead,3,8180,408,20,12,0.15,0.8061642034028318,0.42105263157894735
moead,3,8200,409,20,12,0.15,0.8061642034028318,0.42105263157894735
moead,3,8220,410,20,12,0.15,0.8061642034028318,0.42105263157894735
moead,3,8240,411,20,13,0.1,0.8380352507881685,0.3684210526315789
moead,3,8260,412,20,13,0.1,0.8380352507881685,0.3684210526315789
moead,3,8280,413,20,14,0.1,0.8611730721041445,0.3157894736842105
moead,3,8300,414,20,14,0.1,0.8611730721041445,0.3157894736842105
moead,3,8320,415,20,14,0.1,0.8611730721041445,0.3157894736842105
moead,3,8340,416,20,14,0.1,0.8611730721041445,0.3157894736842105
moead,3,8360,417,20,14,0.1,0.8611730721041445,0.3157894736842105
moead,3,8380,418,20,17,0.1,0.9305865360520724,0.10526315789473684
moead,3,8400,419,20,18,0.1,0.9537243573680483,0.10526315789473684
moead,3,8420,420,20,18,0.1,0.9537243573680483,0.10526315789473684
moead,3,8440,421,20,18,0.1,0.9537243573680483,0.10526315789473684
moead,3,8460,422,20,18,0.1,0.9537243573680483,0.10526315789473684
moead,3,8480,423,20,18,0.1,0.9537243573680483,0.10526315789473684
moead,3,8500,424,20,10,0.2,0.7136129181389282,0.5263157894736842
moead,3,8520,425,20,9,0.2,0.6817418707535915,0.5789473684210527
moead,3,8540,426,20,11,0.2,0.75988856077088,0.47368421052631576
moead,3,8560,427,20,11,0.2,0.75988856077088,0.47368421052631576
moead,3,8580,428,20,13,0.2,0.8148974294721927,0.3684210526315789
moead,3,8600,429,20,13,0.2,0.8148974294721927,0.3684210526315789
moead,3,8620,430,20,13,0.2,0.8148974294721927,0.3684210526315789
moead,3,8640,431,20,13,0.2,0.8148974294721927,0.3684210526315789
moead,3,8660,432,20,13,0.2,0.8148974294721927,0.3684210526315789
moead,3,8680,433,20,13,0.2,0.8148974294721927,0.3684210526315789
moead,3,8700,434,20,14,0.1,0.8611730721041445,0.3157894736842105
moead,3,8720,435,20,14,0.1,0.8611730721041445,0.3157894736842105
moead,3,8740,436,20,17,0.1,0.9305865360520724,0.15789473684210525
moead,3,8760,437,20,16,0.15,0.8987154886667356,0.21052631578947367
moead,3,8780,438,20,17,0.15,0.9218533099827115,0.15789473684210525
moead,3,8800,439,20,18,0.15,0.9449911312986875,0.10526315789473684
moead,3,8820,440,20,18,0.15,0.9449911312986875,0.10526315789473684
moead,3,8840,441,20,18,0.15,0.9449911312986875,0.10526315789473684
moead,3,8860,442,20,18,0.15,0.9449911312986875,0.10526315789473684
moead,3,8880,443,20,17,0.15,0.9218533099827115,0.15789473684210525
moead,3,8900,444,20,17,0.15,0.9218533099827115,0.15789473684210525
moead,3,8920,445,20,17,0.15,0.9218533099827115,0.15789473684210525
moead,3,8940,446,20,17,0.15,0.9218533099827115,0.15789473684210525
moead,3,8960,447,20,18,0.1,0.9537243573680483,0.10526315789473684
moead,3,8980,448,20,18,0.1,0.9537243573680483,0.10526315789473684
moead,3,9000,449,20,19,0.1,0.9768621786840243,0.05263157894736842
moead,3,9020,450,20,19,0.1,0.9768621786840243,0.05263157894736842
moead,3,9040,451,20,19,0.1,0.9768621786840243,0.05263157894736842
moead,3,9060,452,20,18,0.1,0.9537243573680483,0.10526315789473684
moead,3,9080,453,20,19,0.1,0.9768621786840243,0.05263157894736842
moead,3,9100,454,20,19,0.1,0.9768621786840243,0.05263157894736842
moead,3,9120,455,20,19,0.1,0.9768621786840243,0.05263157894736842
moead,3,9140,456,20,19,0.1,0.9768621786840243,0.05263157894736842
moead,3,9160,457,20,19,0.1,0.9768621786840243,0.05263157894736842
moead,3,9180,458,20,19,0.1,0.9768621786840243,0.05263157894736842
moead,3,9200,459,20,19,0.1,0.9768621786840243,0.05263157894736842
moead,3,9220,460,20,19,0.1,0.9768621786840243,0.05263157894736842
moead,3,9240,461,20,19,0.1,0.9768621786840243,0.05263157894736842
moead,3,9260,462,20,19,0.1,0.9768621786840243,0.05263157894736842
moead,3,9280,463,20,19,0.1,0.9768621786840243,0.05263157894736842
moead,3,9300,464,20,19,0.1,0.9768621786840243,0.05263157894736842
moead,3,9320,465,20,19,0.1,0.9768621786840243,0.05263157894736842
moead,3,9340,466,20,19,0.1,0.9768621786840243,0.05263157894736842
moead,3,9360,467,20,19,0.1,0.9768621786840243,0.05263157894736842
moead,3,9380,468,20,19,0.1,0.9768621786840243,0.05263157894736842
moead,3,9400,469,20,19,0.1,0.9768621786840243,0.05263157894736842
moead,3,9420,470,20,19,0.1,0.9768621786840243,0.05263157894736842
moead,3,9440,471,20,19,0.1,0.9768621786840243,0.05263157894736842
moead,3,9460,472,20,19,0.1,0.9768621786840243,0.05263157894736842
moead,3,9480,473,20,19,0.1,0.9768621786840243,0.05263157894736842
moead,3,9500,474,20,19,0.1,0.9768621786840243,0.05263157894736842
moead,3,9520,475,20,19,0.1,0.9768621786840243,0.05263157894736842
moead,3,9540,476,20,19,0.1,0.9768621786840243,0.05263157894736842
moead,3,9560,477,20,19,0.1,0.9768621786840243,0.05263157894736842
moead,3,9580,478,20,19,0.1,0.9768621786840243,0.05263157894736842
moead,3,9600,479,20,19,0.1,0.9768621786840243,0.05263157894736842
moead,3,9620,480,20,19,0.1,0.9768621786840243,0.05263157894736842
moead,3,9640,481,20,19,0.1,0.9768621786840243,0.05263157894736842
moead,3,9660,482,20,19,0.1,0.9768621786840243,0.05263157894736842
moead,3,9680,483,20,19,0.1,0.9768621786840243,0.05263157894736842
moead,3,9700,484,20,19,0.1,0.9768621786840243,0.05263157894736842
moead,3,9720,485,20,19,0.1,0.9768621786840243,0.05263157894736842
moead,3,9740,486,20,19,0.1,0.9768621786840243,0.05263157894736842
moead,3,9760,487,20,19,0.1,0.9768621786840243,0.05263157894736842
moead,3,9780,488,20,19,0.1,0.9768621786840243,0.05263157894736842
moead,3,9800,489,20,19,0.1,0.9768621786840243,0.05263157894736842
moead,3,9820,490,20,19,0.1,0.9768621786840243,0.05263157894736842
moead,3,9840,491,20,19,0.1,0.9768621786840243,0.05263157894736842
moead,3,9860,492,20,19,0.1,0.9768621786840243,0.05263157894736842
moead,3,9880,493,20,19,0.1,0.9768621786840243,0.05263157894736842
moead,3,9900,494,20,19,0.1,0.9768621786840243,0.05263157894736842
moead,3,9920,495,20,19,0.1,0.9768621786840243,0.05263157894736842
moead,3,9940,496,20,18,0.1,0.9537243573680483,0.10526315789473684
moead,3,9960,497,20,19,0.1,0.9768621786840243,0.05263157894736842
moead,3,9980,498,20,17,0.2,0.9074487147360965,0.15789473684210525
moead,3,10000,499,20,14,0.3,0.7974309773334709,0.3157894736842105
moead,4,20,0,20,20,0.05,1.0,0.0
moead,4,40,1,20,5,0.5,0.41312008391335053,0.7894736842105263
moead,4,60,2,20,5,0.3,0.4836888825627974,0.7894736842105263
moead,4,80,3,20,4,0.4,0.4272258362778563,0.8421052631578947
moead,4,100,4,20,6,0.4,0.49663930022578395,0.7368421052631579
moead,4,120,5,20,6,0.5,0.4825335478612782,0.7368421052631579
moead,4,140,6,20,6,0.5,0.4825335478612782,0.7368421052631579
moead,4,160,7,20,6,0.5,0.4768621786840241,0.7368421052631579
moead,4,180,8,20,10,0.15,0.7336888825627974,0.5263157894736842
moead,4,200,9,20,5,0.5,0.3883428386300494,0.7894736842105263
moead,4,220,10,20,4,0.45,0.3691551106844369,0.7894736842105263
moead,4,240,11,20,6,0.35,0.5226537320501699,0.6842105263157895
moead,4,260,12,20,7,0.5,0.5056713691772542,0.6842105263157895
moead,4,280,13,20,6,0.45,0.48484421726431653,0.6842105263157895
moead,4,300,14,20,4,0.45,0.4298353485630038,0.8421052631578947
moead,4,320,15,20,6,0.35,0.5370583272967848,0.7368421052631579
moead,4,340,16,20,6,0.25,0.5606802378785669,0.7368421052631579
moead,4,360,17,20,6,0.5,0.45824039184378323,0.7368421052631579
moead,4,380,18,20,4,0.5,0.3652050173140735,0.8421052631578947
moead,4,400,19,20,3,0.5,0.3333339699287367,0.8947368421052632
moead,4,420,20,20,2,0.55,0.22970637923435464,0.9473684210526315
moead,4,440,21,20,4,0.4,0.4305865360520723,0.8421052631578947
moead,4,460,22,20,4,0.5,0.33803525078816865,0.8421052631578947
moead,4,480,23,20,4,0.35,0.43528972669771426,0.8421052631578947
moead,4,500,24,20,5,0.35,0.515075840682328,0.7894736842105263
moead,4,520,25,20,8,0.35,0.5920671959980977,0.5789473684210527
moead,4,540,26,20,8,0.25,0.6300937018264946,0.631578947368421
moead,4,560,27,20,4,0.4,0.41685318624117024,0.8421052631578947
moead,4,580,28,20,4,0.45,0.38759165114098093,0.8421052631578947
moead,4,600,29,20,7,0.45,0.49051558644157073,0.6842105263157895
moead,4,620,30,20,6,0.3,0.5288091904932302,0.7368421052631579
moead,4,640,31,20,7,0.3,0.5629909072816051,0.6842105263157895
moead,4,660,32,20,8,0.35,0.5700847093836409,0.631578947368421
moead,4,680,33,20,7,0.3,0.5485863120349901,0.6842105263157895
moead,4,700,34,20,7,0.35,0.538213661998304,0.6842105263157895
moead,4,720,35,20,3,0.5,0.34370661996542284,0.8947368421052632
moead,4,740,36,20,3,0.5,0.34370661996542284,0.8947368421052632
moead,4,760,37,20,6,0.25,0.5462756426319519,0.7368421052631579
moead,4,780,38,20,6,0.25,0.5462756426319519,0.7368421052631579
moead,4,800,39,20,4,0.6,0.3547505154378218,0.8421052631578947
moead,4,820,40,20,4,0.5,0.3652050173140735,0.8421052631578947
moead,4,840,41,20,8,0.25,0.6399822625973747,0.631578947368421
moead,4,860,42,20,9,0.4,0.6210616328750245,0.5789473684210527
moead,4,880,43,20,7,0.3,0.5629909072816052,0.6842105263157895
moead,4,900,44,20,8,0.3,0.6081112152120378,0.631578947368421
moead,4,920,45,20,8,0.3,0.6324043712295329,0.631578947368421
moead,4,940,46,20,5,0.45,0.3922929320004128,0.7894736842105263
moead,4,960,47,20,4,0.4,0.40244859099455516,0.8421052631578947
moead,4,980,48,20,7,0.25,0.6081112152120378,0.631578947368421
moead,4,1000,49,20,7,0.4,0.5660527641737118,0.6842105263157895
moead,4,1020,50,20,9,0.2,0.6961464660002066,0.5789473684210527
moead,4,1040,51,20,10,0.2,0.7280175133855433,0.5263157894736842
moead,4,1060,52,20,10,0.3,0.7048796920695674,0.5263157894736842
moead,4,1080,53,20,8,0.4,0.5835192163124335,0.631578947368421
moead,4,1100,54,20,8,0.4,0.5835192163124335,0.631578947368421
moead,4,1120,55,20,8,0.4,0.5835192163124335,0.631578947368421
moead,4,1140,56,20,11,0.35,0.7032402681022422,0.47368421052631576
moead,4,1160,57,20,10,0.35,0.6801024467862662,0.5263157894736842
moead,4,1180,58,20,10,0.3,0.6874132399308457,0.5263157894736842
moead,4,1200,59,20,13,0.25,0.787542416562591,0.3684210526315789
moead,4,1220,60,20,10,0.3,0.6874132399308456,0.5263157894736842
moead,4,1240,61,20,10,0.3,0.6874132399308456,0.5263157894736842
moead,4,1260,62,20,8,0.25,0.6300937018264947,0.631578947368421
moead,4,1280,63,20,10,0.35,0.6713692207169053,0.5263157894736842
moead,4,1300,64,20,10,0.2,0.7136129181389281,0.5263157894736842
moead,4,1320,65,20,11,0.2,0.75988856077088,0.47368421052631576
moead,4,1340,66,20,11,0.2,0.75988856077088,0.47368421052631576
moead,4,1360,67,20,12,0.15,0.8061642034028318,0.42105263157894735
moead,4,1380,68,20,9,0.25,0.6862579052293265,0.5789473684210527
moead,4,1400,69,20,11,0.2,0.7511553347015191,0.47368421052631576
moead,4,1420,70,20,12,0.2,0.774293156017495,0.42105263157894735
moead,4,1440,71,20,11,0.2,0.7511553347015191,0.47368421052631576
moead,4,1460,72,20,11,0.2,0.7511553347015191,0.47368421052631576
moead,4,1480,73,20,11,0.2,0.7511553347015191,0.47368421052631576
moead,4,1500,74,20,11,0.2,0.7511553347015191,0.47368421052631576
moead,4,1520,75,20,12,0.2,0.774293156017495,0.42105263157894735
moead,4,1540,76,20,9,0.2,0.6817418707535915,0.5789473684210527
moead,4,1560,77,20,10,0.2,0.7192842873161823,0.5263157894736842
moead,4,1580,78,20,11,0.2,0.7511553347015191,0.47368421052631576
moead,4,1600,79,20,11,0.2,0.7511553347015191,0.47368421052631576
moead,4,1620,80,20,11,0.2,0.7511553347015192,0.47368421052631576
moead,4,1640,81,20,11,0.2,0.7511553347015192,0.47368421052631576
moead,4,1660,82,20,11,0.2,0.7511553347015192,0.47368421052631576
moead,4,1680,83,20,10,0.25,0.7093957265453024,0.5263157894736842
moead,4,1700,84,20,11,0.15,0.7568267038787733,0.47368421052631576
moead,4,1720,85,20,13,0.15,0.8205687986494469,0.3684210526315789
moead,4,1740,86,20,11,0.15,0.7655599299481342,0.47368421052631576
moead,4,1760,87,20,11,0.15,0.7655599299481342,0.47368421052631576
moead,4,1780,88,20,11,0.15,0.7655599299481342,0.47368421052631576
moead,4,1800,89,20,11,0.15,0.7655599299481342,0.47368421052631576
moead,4,1820,90,20,11,0.15,0.7655599299481342,0.47368421052631576
moead,4,1840,91,20,11,0.15,0.7655599299481342,0.47368421052631576
moead,4,1860,92,20,11,0.15,0.7655599299481342,0.47368421052631576
moead,4,1880,93,20,13,0.15,0.8293020247188077,0.3684210526315789
moead,4,1900,94,20,13,0.1,0.8380352507881685,0.3684210526315789
moead,4,1920,95,20,15,0.1,0.8843108934201204,0.2631578947368421
moead,4,1940,96,20,15,0.1,0.8843108934201204,0.2631578947368421
moead,4,1960,97,20,15,0.1,0.8843108934201204,0.2631578947368421
moead,4,1980,98,20,15,0.1,0.8843108934201204,0.2631578947368421
moead,4,2000,99,20,15,0.1,0.8843108934201204,0.2631578947368421
moead,4,2020,100,20,17,0.1,0.9305865360520724,0.15789473684210525
moead,4,2040,101,20,17,0.1,0.9305865360520724,0.15789473684210525
moead,4,2060,102,20,17,0.1,0.9305865360520724,0.15789473684210525
moead,4,2080,103,20,17,0.1,0.9305865360520724,0.15789473684210525
moead,4,2100,104,20,15,0.15,0.8755776673507596,0.2631578947368421
moead,4,2120,105,20,16,0.15,0.8987154886667356,0.21052631578947367
moead,4,2140,106,20,13,0.2,0.8061642034028318,0.3684210526315789
moead,4,2160,107,20,12,0.2,0.7830263820868558,0.42105263157894735
moead,4,2180,108,20,12,0.2,0.7830263820868558,0.42105263157894735
moead,4,2200,109,20,12,0.2,0.7830263820868558,0.42105263157894735
moead,4,2220,110,20,13,0.15,0.8205687986494469,0.3684210526315789
moead,4,2240,111,20,13,0.15,0.8205687986494469,0.3684210526315789
moead,4,2260,112,20,13,0.15,0.8205687986494469,0.3684210526315789
moead,4,2280,113,20,14,0.15,0.8524398460347836,0.3157894736842105
moead,4,2300,114,20,14,0.15,0.8524398460347836,0.3157894736842105
moead,4,2320,115,20,14,0.15,0.8524398460347836,0.3157894736842105
moead,4,2340,116,20,10,0.25,0.7093957265453024,0.5263157894736842
moead,4,2360,117,20,12,0.15,0.78869775126411,0.42105263157894735
moead,4,2380,118,20,12,0.15,0.78869775126411,0.42105263157894735
moead,4,2400,119,20,13,0.15,0.8205687986494469,0.3684210526315789
moead,4,2420,120,20,13,0.15,0.8205687986494469,0.3684210526315789
moead,4,2440,121,20,12,0.2,0.7830263820868558,0.42105263157894735
moead,4,2460,122,20,12,0.2,0.7830263820868558,0.42105263157894735
moead,4,2480,123,20,12,0.2,0.7830263820868558,0.42105263157894735
moead,4,2500,124,20,11,0.25,0.7412667739306392,0.47368421052631576
moead,4,2520,125,20,12,0.2,0.7830263820868558,0.42105263157894735
moead,4,2540,126,20,9,0.3,0.6586040494376154,0.5789473684210527
moead,4,2560,127,20,12,0.25,0.773137821315976,0.42105263157894735
moead,4,2580,128,20,9,0.25,0.6718533099827114,0.5789473684210527
moead,4,2600,129,20,9,0.25,0.6718533099827114,0.5789473684210527
moead,4,2620,130,20,11,0.2,0.7511553347015191,0.47368421052631576
moead,4,2640,131,20,10,0.2,0.7192842873161823,0.5263157894736842
moead,4,2660,132,20,10,0.2,0.7192842873161823,0.5263157894736842
moead,4,2680,133,20,10,0.2,0.7192842873161823,0.5263157894736842
moead,4,2700,134,20,12,0.15,0.7974309773334709,0.3684210526315789
moead,4,2720,135,20,11,0.2,0.7511553347015191,0.47368421052631576
moead,4,2740,136,20,11,0.2,0.7511553347015191,0.47368421052631576
moead,4,2760,137,20,11,0.2,0.7511553347015191,0.47368421052631576
moead,4,2780,138,20,11,0.2,0.75988856077088,0.47368421052631576
moead,4,2800,139,20,12,0.2,0.7830263820868558,0.42105263157894735
moead,4,2820,140,20,12,0.2,0.7830263820868558,0.42105263157894735
moead,4,2840,141,20,12,0.2,0.774293156017495,0.42105263157894735
moead,4,2860,142,20,14,0.15,0.8437066199654227,0.3157894736842105
moead,4,2880,143,20,13,0.15,0.811835572580086,0.3684210526315789
moead,4,2900,144,20,14,0.15,0.8437066199654227,0.2631578947368421
moead,4,2920,145,20,14,0.15,0.8437066199654227,0.2631578947368421
moead,4,2940,146,20,15,0.15,0.8668444412813987,0.2631578947368421
moead,4,2960,147,20,14,0.15,0.8437066199654227,0.3157894736842105
moead,4,2980,148,20,14,0.15,0.8437066199654227,0.3157894736842105
moead,4,3000,149,20,14,0.15,0.8437066199654227,0.3157894736842105
moead,4,3020,150,20,14,0.15,0.8437066199654227,0.3157894736842105
moead,4,3040,151,20,13,0.2,0.8061642034028318,0.3684210526315789
moead,4,3060,152,20,12,0.15,0.7974309773334709,0.42105263157894735
moead,4,3080,153,20,14,0.15,0.8437066199654227,0.3157894736842105
moead,4,3100,154,20,12,0.2,0.7742931560174952,0.42105263157894735
moead,4,3120,155,20,12,0.2,0.7742931560174952,0.42105263157894735
moead,4,3140,156,20,12,0.2,0.7742931560174952,0.42105263157894735
moead,4,3160,157,20,13,0.2,0.8061642034028319,0.3684210526315789
moead,4,3180,158,20,10,0.4,0.6441994541910004,0.5263157894736842
moead,4,3200,159,20,12,0.2,0.783026382086856,0.42105263157894735
moead,4,3220,160,20,13,0.25,0.773137821315976,0.3684210526315789
moead,4,3240,161,20,13,0.25,0.773137821315976,0.3684210526315789
moead,4,3260,162,20,14,0.25,0.8106802378785668,0.3157894736842105
moead,4,3280,163,20,14,0.25,0.8106802378785668,0.3157894736842105
moead,4,3300,164,20,14,0.25,0.8106802378785668,0.3157894736842105
moead,4,3320,165,20,15,0.2,0.8524398460347836,0.2631578947368421
moead,4,3340,166,20,16,0.15,0.8899822625973748,0.21052631578947367
moead,4,3360,167,20,17,0.15,0.9218533099827115,0.15789473684210525
moead,4,3380,168,20,16,0.1,0.9074487147360965,0.15789473684210525
moead,4,3400,169,20,14,0.2,0.8380352507881685,0.3157894736842105
moead,4,3420,170,20,15,0.15,0.8755776673507596,0.2631578947368421
moead,4,3440,171,20,15,0.15,0.8755776673507596,0.2631578947368421
moead,4,3460,172,20,12,0.2,0.783026382086856,0.42105263157894735
moead,4,3480,173,20,7,0.4,0.5516481689270967,0.6842105263157895
moead,4,3500,174,20,6,0.4,0.5197771215417599,0.7368421052631579
moead,4,3520,175,20,6,0.4,0.4879060741564232,0.7368421052631579
moead,4,3540,176,20,7,0.4,0.5516481689270967,0.6842105263157895
moead,4,3560,177,20,8,0.2,0.6441994541910004,0.5789473684210527
moead,4,3580,178,20,8,0.3,0.6267330020522787,0.631578947368421
moead,4,3600,179,20,9,0.25,0.6775246791599656,0.5789473684210527
moead,4,3620,180,20,6,0.4,0.50988856077088,0.7368421052631579
moead,4,3640,181,20,6,0.4,0.50988856077088,0.7368421052631579
moead,4,3660,182,20,7,0.4,0.5417596081562167,0.6842105263157895
moead,4,3680,183,20,8,0.4,0.5979238115590485,0.631578947368421
moead,4,3700,184,20,8,0.4,0.5979238115590485,0.631578947368421
moead,4,3720,185,20,8,0.4,0.5979238115590485,0.631578947368421
moead,4,3740,186,20,8,0.4,0.5979238115590485,0.631578947368421
moead,4,3760,187,20,8,0.4,0.5979238115590485,0.631578947368421
moead,4,3780,188,20,9,0.4,0.6210616328750244,0.5789473684210527
moead,4,3800,189,20,9,0.4,0.6210616328750244,0.5789473684210527
moead,4,3820,190,20,9,0.4,0.6210616328750244,0.5789473684210527
moead,4,3840,191,20,9,0.4,0.6210616328750244,0.5789473684210527
moead,4,3860,192,20,9,0.4,0.6210616328750244,0.5789473684210527
moead,4,3880,193,20,9,0.4,0.6210616328750244,0.5789473684210527
moead,4,3900,194,20,9,0.4,0.6210616328750244,0.5789473684210527
moead,4,3920,195,20,10,0.35,0.6713692207169052,0.5263157894736842
moead,4,3940,196,20,10,0.25,0.6949911312986874,0.5263157894736842
moead,4,3960,197,20,10,0.25,0.6949911312986874,0.5263157894736842
moead,4,3980,198,20,10,0.25,0.6949911312986874,0.5263157894736842
moead,4,4000,199,20,10,0.25,0.6949911312986874,0.5263157894736842
moead,4,4020,200,20,11,0.25,0.7325335478612783,0.47368421052631576
moead,4,4040,201,20,11,0.25,0.7325335478612783,0.47368421052631576
moead,4,4060,202,20,4,0.75,0.2670141075317626,0.7894736842105263
moead,4,4080,203,20,4,0.75,0.2670141075317626,0.7894736842105263
moead,4,4100,204,20,4,0.75,0.2670141075317626,0.7894736842105263
moead,4,4120,205,20,4,0.75,0.2670141075317626,0.7894736842105263
moead,4,4140,206,20,4,0.75,0.2670141075317626,0.7894736842105263
moead,4,4160,207,20,4,0.75,0.2670141075317626,0.7894736842105263
moead,4,4180,208,20,4,0.75,0.2670141075317626,0.7894736842105263
moead,4,4200,209,20,4,0.75,0.2670141075317626,0.7894736842105263
moead,4,4220,210,20,4,0.75,0.2670141075317626,0.7894736842105263
moead,4,4240,211,20,4,0.75,0.2670141075317626,0.7894736842105263
moead,4,4260,212,20,4,0.75,0.2670141075317626,0.7894736842105263
moead,4,4280,213,20,4,0.75,0.2670141075317626,0.7894736842105263
moead,4,4300,214,20,4,0.75,0.2670141075317626,0.7894736842105263
moead,4,4320,215,20,4,0.75,0.2670141075317626,0.7894736842105263
moead,4,4340,216,20,4,0.75,0.2670141075317626,0.7894736842105263
moead,4,4360,217,20,4,0.75,0.2670141075317626,0.7894736842105263
moead,4,4380,218,20,4,0.75,0.2670141075317626,0.7894736842105263
moead,4,4400,219,20,4,0.75,0.2670141075317626,0.7894736842105263
moead,4,4420,220,20,4,0.6,0.32287946805248513,0.8421052631578947
moead,4,4440,221,20,4,0.6,0.32287946805248513,0.8421052631578947
moead,4,4460,222,20,4,0.6,0.32287946805248513,0.8421052631578947
moead,4,4480,223,20,4,0.6,0.32287946805248513,0.8421052631578947
moead,4,4500,224,20,5,0.45,0.435506717740258,0.7894736842105263
moead,4,4520,225,20,6,0.45,0.4673777651255948,0.7368421052631579
moead,4,4540,226,20,6,0.35,0.515075840682328,0.7368421052631579
moead,4,4560,227,20,6,0.35,0.5006712454357131,0.7368421052631579
moead,4,4580,228,20,6,0.35,0.5006712454357131,0.7368421052631579
moead,4,4600,229,20,6,0.35,0.5006712454357131,0.7368421052631579
moead,4,4620,230,20,6,0.35,0.5006712454357131,0.7368421052631579
moead,4,4640,231,20,6,0.35,0.5006712454357131,0.7368421052631579
moead,4,4660,232,20,6,0.35,0.5006712454357131,0.7368421052631579
moead,4,4680,233,20,6,0.35,0.5006712454357131,0.7368421052631579
moead,4,4700,234,20,6,0.35,0.5006712454357131,0.7368421052631579
moead,4,4720,235,20,6,0.35,0.5006712454357131,0.7368421052631579
moead,4,4740,236,20,6,0.35,0.5006712454357131,0.7368421052631579
moead,4,4760,237,20,8,0.3,0.6123284068056637,0.631578947368421
moead,4,4780,238,20,7,0.35,0.5644133402063866,0.631578947368421
moead,4,4800,239,20,8,0.35,0.6019557567689776,0.5789473684210527
moead,4,4820,240,20,8,0.35,0.6019557567689776,0.5789473684210527
moead,4,4840,241,20,8,0.35,0.6019557567689776,0.5789473684210527
moead,4,4860,242,20,8,0.35,0.5453074641003396,0.631578947368421
moead,4,4880,243,20,7,0.45,0.49051558644157073,0.6842105263157895
moead,4,4900,244,20,8,0.3,0.5937066199654228,0.631578947368421
moead,4,4920,245,20,8,0.35,0.5700847093836409,0.631578947368421
moead,4,4940,246,20,8,0.35,0.5700847093836409,0.631578947368421
moead,4,4960,247,20,10,0.3,0.6817418707535913,0.5263157894736842
moead,4,4980,248,20,10,0.3,0.6817418707535913,0.5263157894736842
moead,4,5000,249,20,10,0.3,0.6817418707535913,0.5263157894736842
moead,4,5020,250,20,10,0.3,0.6817418707535913,0.5263157894736842
moead,4,5040,251,20,10,0.3,0.6817418707535913,0.5263157894736842
moead,4,5060,252,20,6,0.3,0.5311198598962683,0.6842105263157895
moead,4,5080,253,20,6,0.3,0.5386977512641101,0.6842105263157895
moead,4,5100,254,20,8,0.25,0.6343108934201205,0.5789473684210527
moead,4,5120,255,20,8,0.3,0.6081112152120378,0.631578947368421
moead,4,5140,256,20,10,0.3,0.6961464660002064,0.5263157894736842
moead,4,5160,257,20,7,0.35,0.5469468880676648,0.631578947368421
moead,4,5180,258,20,3,0.5,0.28563589437200343,0.8947368421052632
moead,4,5200,259,20,3,0.5,0.28563589437200343,0.8947368421052632
moead,4,5220,260,20,3,0.5,0.28563589437200343,0.8947368421052632
moead,4,5240,261,20,3,0.5,0.28563589437200343,0.8947368421052632
moead,4,5260,262,20,5,0.45,0.44308460910809977,0.7894736842105263
moead,4,5280,263,20,5,0.45,0.4617063959483406,0.7894736842105263
moead,4,5300,264,20,5,0.4,0.4647682528404473,0.7894736842105263
moead,4,5320,265,20,6,0.25,0.560680237878567,0.7368421052631579
moead,4,5340,266,20,9,0.3,0.6498708233682546,0.5789473684210527
moead,4,5360,267,20,11,0.2,0.7511553347015192,0.47368421052631576
moead,4,5380,268,20,11,0.2,0.7511553347015192,0.47368421052631576
moead,4,5400,269,20,11,0.2,0.7424221086321584,0.47368421052631576
moead,4,5420,270,20,9,0.2,0.6817418707535915,0.5789473684210527
moead,4,5440,271,20,6,0.45,0.4992488125109315,0.7368421052631579
moead,4,5460,272,20,7,0.45,0.5223866338269074,0.6842105263157895
moead,4,5480,273,20,7,0.5,0.5056713691772542,0.6842105263157895
moead,4,5500,274,20,7,0.45,0.5367912290735225,0.6842105263157895
moead,4,5520,275,20,7,0.5,0.5056713691772542,0.6842105263157895
moead,4,5540,276,20,9,0.5,0.5694134639479278,0.5789473684210527
moead,4,5560,277,20,6,0.3,0.5629909072816051,0.6842105263157895
moead,4,5580,278,20,6,0.4,0.4718620549424829,0.7368421052631579
moead,4,5600,279,20,8,0.3,0.6081112152120378,0.631578947368421
moead,4,5620,280,20,8,0.3,0.6081112152120378,0.631578947368421
moead,4,5640,281,20,8,0.3,0.6081112152120378,0.631578947368421
moead,4,5660,282,20,8,0.3,0.6081112152120378,0.631578947368421
moead,4,5680,283,20,9,0.35,0.6394981733315686,0.5263157894736842
moead,4,5700,284,20,6,0.5,0.4825335478612783,0.6842105263157895
moead,4,5720,285,20,6,0.5,0.4825335478612783,0.6842105263157895
moead,4,5740,286,20,6,0.45,0.49924881251093156,0.6842105263157895
moead,4,5760,287,20,7,0.45,0.5311198598962683,0.6842105263157895
moead,4,5780,288,20,5,0.35,0.467160774083051,0.7894736842105263
moead,4,5800,289,20,6,0.35,0.5469468880676648,0.7368421052631579
moead,4,5820,290,20,6,0.35,0.5469468880676648,0.7368421052631579
moead,4,5840,291,20,6,0.35,0.5469468880676648,0.7368421052631579
moead,4,5860,292,20,6,0.35,0.5469468880676648,0.7368421052631579
moead,4,5880,293,20,6,0.35,0.5469468880676648,0.7368421052631579
moead,4,5900,294,20,7,0.45,0.5455244551428834,0.6842105263157895
moead,4,5920,295,20,7,0.45,0.5455244551428834,0.6842105263157895
moead,4,5940,296,20,7,0.45,0.5455244551428834,0.6842105263157895
moead,4,5960,297,20,7,0.3,0.5762401678267011,0.631578947368421
moead,4,5980,298,20,8,0.25,0.6399822625973747,0.631578947368421
moead,4,6000,299,20,10,0.35,0.6713692207169053,0.47368421052631576
moead,4,6020,300,20,10,0.35,0.6713692207169053,0.47368421052631576
moead,4,6040,301,20,8,0.25,0.6487154886667355,0.631578947368421
moead,4,6060,302,20,8,0.25,0.6487154886667355,0.631578947368421
moead,4,6080,303,20,10,0.25,0.7037243573680482,0.5263157894736842
moead,4,6100,304,20,12,0.2,0.768621786840241,0.42105263157894735
moead,4,6120,305,20,10,0.2,0.7280175133855431,0.42105263157894735
moead,4,6140,306,20,10,0.2,0.7223461442082891,0.42105263157894735
moead,4,6160,307,20,6,0.3,0.5474309773334709,0.7368421052631579
moead,4,6180,308,20,5,0.3,0.5155599299481342,0.7894736842105263
moead,4,6200,309,20,5,0.3,0.5155599299481342,0.7894736842105263
moead,4,6220,310,20,5,0.3,0.5155599299481342,0.7894736842105263
moead,4,6240,311,20,4,0.3,0.4560350267710865,0.8421052631578947
moead,4,6260,312,20,5,0.25,0.5045160344757351,0.7894736842105263
moead,4,6280,313,20,5,0.25,0.5045160344757351,0.7894736842105263
moead,4,6300,314,20,5,0.25,0.5045160344757351,0.7894736842105263
moead,4,6320,315,20,6,0.25,0.5507916771076868,0.7368421052631579
moead,4,6340,316,20,7,0.25,0.6069558805105186,0.6842105263157895
moead,4,6360,317,20,7,0.25,0.6069558805105186,0.6842105263157895
moead,4,6380,318,20,7,0.25,0.6069558805105186,0.6842105263157895
moead,4,6400,319,20,8,0.25,0.6388269278958555,0.631578947368421
moead,4,6420,320,20,6,0.35,0.5457915533661457,0.7368421052631579
moead,4,6440,321,20,6,0.35,0.5457915533661457,0.7368421052631579
moead,4,6460,322,20,6,0.35,0.5457915533661457,0.7368421052631579
moead,4,6480,323,20,7,0.35,0.5875511615223624,0.6842105263157895
moead,4,6500,324,20,6,0.3,0.5531023465107251,0.6842105263157895
moead,4,6520,325,20,4,0.5,0.41312008391335053,0.8421052631578947
moead,4,6540,326,20,6,0.5,0.4825335478612783,0.7368421052631579
moead,4,6560,327,20,6,0.5,0.4825335478612783,0.7368421052631579
moead,4,6580,328,20,6,0.5,0.4825335478612783,0.7368421052631579
moead,4,6600,329,20,7,0.3,0.5948619546669419,0.6842105263157895
moead,4,6620,330,20,9,0.25,0.6775246791599656,0.5789473684210527
moead,4,6640,331,20,9,0.25,0.6775246791599656,0.5789473684210527
moead,4,6660,332,20,9,0.25,0.6775246791599656,0.5789473684210527
moead,4,6680,333,20,5,0.5,0.41312008391335053,0.7894736842105263
moead,4,6700,334,20,6,0.45,0.4673777651255948,0.7368421052631579
moead,4,6720,335,20,8,0.3,0.6411375972988937,0.5789473684210527
moead,4,6740,336,20,8,0.3,0.6411375972988937,0.5789473684210527
moead,4,6760,337,20,9,0.3,0.6730086446842305,0.5263157894736842
moead,4,6780,338,20,10,0.25,0.7181289526146633,0.47368421052631576
moead,4,6800,339,20,10,0.35,0.6801024467862662,0.5263157894736842
moead,4,6820,340,20,10,0.35,0.6713692207169053,0.5263157894736842
moead,4,6840,341,20,11,0.35,0.7032402681022422,0.47368421052631576
moead,4,6860,342,20,12,0.3,0.7511553347015192,0.42105263157894735
moead,4,6880,343,20,11,0.4,0.6760705015763373,0.47368421052631576
moead,4,6900,344,20,12,0.35,0.726378089418218,0.42105263157894735
moead,4,6920,345,20,12,0.35,0.726378089418218,0.42105263157894735
moead,4,6940,346,20,12,0.35,0.726378089418218,0.42105263157894735
moead,4,6960,347,20,13,0.35,0.7495159107341938,0.3684210526315789
moead,4,6980,348,20,10,0.2,0.7192842873161824,0.47368421052631576
moead,4,7000,349,20,6,0.4,0.50988856077088,0.6842105263157895
moead,4,7020,350,20,7,0.35,0.5601961486127608,0.631578947368421
moead,4,7040,351,20,7,0.35,0.5601961486127608,0.631578947368421
moead,4,7060,352,20,6,0.3,0.5386977512641101,0.7368421052631579
moead,4,7080,353,20,6,0.3,0.5386977512641101,0.7368421052631579
moead,4,7100,354,20,6,0.25,0.5705687986494469,0.631578947368421
moead,4,7120,355,20,5,0.35,0.509404471505074,0.7368421052631579
moead,4,7140,356,20,7,0.25,0.6111730721041445,0.631578947368421
moead,4,7160,357,20,7,0.25,0.6024398460347836,0.6842105263157895
moead,4,7180,358,20,8,0.25,0.6399822625973747,0.631578947368421
moead,4,7200,359,20,5,0.45,0.44308460910809977,0.7894736842105263
moead,4,7220,360,20,5,0.45,0.3922929320004128,0.7894736842105263
moead,4,7240,361,20,9,0.3,0.6498708233682545,0.5789473684210527
moead,4,7260,362,20,8,0.25,0.6399822625973747,0.631578947368421
moead,4,7280,363,20,8,0.25,0.6399822625973747,0.631578947368421
moead,4,7300,364,20,12,0.2,0.774293156017495,0.42105263157894735
moead,4,7320,365,20,12,0.25,0.773137821315976,0.3684210526315789
moead,4,7340,366,20,13,0.15,0.8293020247188077,0.3157894736842105
moead,4,7360,367,20,14,0.1,0.8611730721041445,0.2631578947368421
moead,4,7380,368,20,12,0.3,0.7511553347015191,0.42105263157894735
moead,4,7400,369,20,13,0.25,0.7962756426319518,0.3684210526315789
moead,4,7420,370,20,11,0.3,0.6862579052293265,0.47368421052631576
moead,4,7440,371,20,11,0.25,0.7325335478612782,0.47368421052631576
moead,4,7460,372,20,12,0.25,0.7556713691772543,0.42105263157894735
moead,4,7480,373,20,12,0.25,0.7644045952466151,0.42105263157894735
moead,4,7500,374,20,14,0.15,0.8524398460347836,0.3157894736842105
moead,4,7520,375,20,14,0.15,0.8524398460347836,0.3157894736842105
moead,4,7540,376,20,14,0.15,0.8524398460347836,0.3157894736842105
moead,4,7560,377,20,13,0.25,0.787542416562591,0.3684210526315789
moead,4,7580,378,20,12,0.25,0.7313782131597591,0.42105263157894735
moead,4,7600,379,20,12,0.25,0.7313782131597591,0.42105263157894735
moead,4,7620,380,20,12,0.25,0.7313782131597591,0.42105263157894735
moead,4,7640,381,20,11,0.25,0.7082403918437832,0.47368421052631576
moead,4,7660,382,20,12,0.25,0.7313782131597591,0.42105263157894735
moead,4,7680,383,20,12,0.25,0.7313782131597591,0.42105263157894735
moead,4,7700,384,20,10,0.25,0.6805865360520723,0.5263157894736842
moead,4,7720,385,20,9,0.25,0.6574487147360965,0.5789473684210527
moead,4,7740,386,20,11,0.2,0.7223461442082889,0.47368421052631576
moead,4,7760,387,20,12,0.2,0.75988856077088,0.42105263157894735
moead,4,7780,388,20,10,0.2,0.7136129181389282,0.5263157894736842
moead,4,7800,389,20,12,0.2,0.75988856077088,0.42105263157894735
moead,4,7820,390,20,12,0.2,0.75988856077088,0.42105263157894735
moead,4,7840,391,20,14,0.2,0.8293020247188077,0.3157894736842105
moead,4,7860,392,20,13,0.2,0.8061642034028318,0.3684210526315789
moead,4,7880,393,20,13,0.2,0.8061642034028318,0.3684210526315789
moead,4,7900,394,20,13,0.2,0.8061642034028318,0.3684210526315789
moead,4,7920,395,20,13,0.2,0.8061642034028318,0.3684210526315789
moead,4,7940,396,20,13,0.2,0.8061642034028318,0.3684210526315789
moead,4,7960,397,20,10,0.35,0.6713692207169053,0.5263157894736842
moead,4,7980,398,20,11,0.3,0.7105510612468214,0.47368421052631576
moead,4,8000,399,20,10,0.3,0.6730086446842305,0.5263157894736842
moead,4,8020,400,20,11,0.25,0.7268621786840241,0.47368421052631576
moead,4,8040,401,20,10,0.25,0.6805865360520723,0.5263157894736842
moead,4,8060,402,20,11,0.25,0.7268621786840241,0.47368421052631576
moead,4,8080,403,20,11,0.25,0.7268621786840241,0.47368421052631576
moead,4,8100,404,20,11,0.25,0.7268621786840241,0.47368421052631576
moead,4,8120,405,20,10,0.25,0.6949911312986874,0.5263157894736842
moead,4,8140,406,20,10,0.25,0.6949911312986874,0.5263157894736842
moead,4,8160,407,20,11,0.25,0.7268621786840241,0.47368421052631576
moead,4,8180,408,20,12,0.25,0.7644045952466151,0.42105263157894735
moead,4,8200,409,20,12,0.25,0.7644045952466151,0.42105263157894735
moead,4,8220,410,20,12,0.25,0.7644045952466151,0.42105263157894735
moead,4,8240,411,20,12,0.25,0.7644045952466151,0.42105263157894735
moead,4,8260,412,20,13,0.15,0.8205687986494469,0.3684210526315789
moead,4,8280,413,20,13,0.15,0.8205687986494469,0.3684210526315789
moead,4,8300,414,20,12,0.25,0.7644045952466151,0.42105263157894735
moead,4,8320,415,20,12,0.25,0.7644045952466151,0.42105263157894735
moead,4,8340,416,20,13,0.15,0.8205687986494469,0.3684210526315789
moead,4,8360,417,20,12,0.2,0.7830263820868558,0.42105263157894735
moead,4,8380,418,20,12,0.2,0.7830263820868558,0.42105263157894735
moead,4,8400,419,20,13,0.2,0.8061642034028318,0.3684210526315789
moead,4,8420,420,20,12,0.2,0.7830263820868558,0.42105263157894735
moead,4,8440,421,20,13,0.2,0.8061642034028318,0.3684210526315789
moead,4,8460,422,20,13,0.2,0.8061642034028318,0.3684210526315789
moead,4,8480,423,20,13,0.2,0.8061642034028318,0.3684210526315789
moead,4,8500,424,20,12,0.2,0.7830263820868558,0.42105263157894735
moead,4,8520,425,20,12,0.15,0.78869775126411,0.42105263157894735
moead,4,8540,426,20,12,0.15,0.78869775126411,0.42105263157894735
moead,4,8560,427,20,12,0.15,0.78869775126411,0.42105263157894735
moead,4,8580,428,20,11,0.15,0.7655599299481342,0.47368421052631576
moead,4,8600,429,20,11,0.15,0.7655599299481342,0.47368421052631576
moead,4,8620,430,20,14,0.15,0.8437066199654227,0.3157894736842105
moead,4,8640,431,20,13,0.2,0.8061642034028318,0.3684210526315789
moead,4,8660,432,20,13,0.2,0.7974309773334709,0.3157894736842105
moead,4,8680,433,20,14,0.15,0.834973393896062,0.3157894736842105
moead,4,8700,434,20,15,0.15,0.8668444412813987,0.2631578947368421
moead,4,8720,435,20,15,0.15,0.8668444412813987,0.2631578947368421
moead,4,8740,436,20,15,0.15,0.8755776673507596,0.2631578947368421
moead,4,8760,437,20,15,0.15,0.8755776673507596,0.2631578947368421
moead,4,8780,438,20,15,0.15,0.8755776673507596,0.2631578947368421
moead,4,8800,439,20,13,0.25,0.7962756426319518,0.3684210526315789
moead,4,8820,440,20,13,0.25,0.7962756426319518,0.3684210526315789
moead,4,8840,441,20,13,0.25,0.7962756426319518,0.3684210526315789
moead,4,8860,442,20,13,0.25,0.7962756426319518,0.3684210526315789
moead,4,8880,443,20,11,0.25,0.7412667739306392,0.47368421052631576
moead,4,8900,444,20,11,0.25,0.7412667739306392,0.47368421052631576
moead,4,8920,445,20,11,0.25,0.7412667739306392,0.47368421052631576
moead,4,8940,446,20,11,0.2,0.75988856077088,0.47368421052631576
moead,4,8960,447,20,12,0.2,0.7830263820868558,0.42105263157894735
moead,4,8980,448,20,11,0.25,0.7412667739306392,0.47368421052631576
moead,4,9000,449,20,11,0.25,0.7412667739306392,0.47368421052631576
moead,4,9020,450,20,11,0.25,0.7412667739306392,0.47368421052631576
moead,4,9040,451,20,11,0.25,0.7412667739306392,0.47368421052631576
moead,4,9060,452,20,11,0.25,0.7412667739306392,0.47368421052631576
moead,4,9080,453,20,11,0.25,0.7412667739306392,0.47368421052631576
moead,4,9100,454,20,12,0.2,0.7830263820868558,0.42105263157894735
moead,4,9120,455,20,12,0.2,0.7830263820868558,0.42105263157894735
moead,4,9140,456,20,12,0.2,0.7830263820868558,0.42105263157894735
moead,4,9160,457,20,12,0.2,0.7830263820868558,0.42105263157894735
moead,4,9180,458,20,13,0.2,0.8148974294721927,0.3684210526315789
moead,4,9200,459,20,13,0.2,0.8148974294721927,0.3684210526315789
moead,4,9220,460,20,14,0.15,0.8524398460347836,0.3157894736842105
moead,4,9240,461,20,13,0.15,0.8205687986494469,0.3684210526315789
moead,4,9260,462,20,12,0.2,0.783026382086856,0.42105263157894735
moead,4,9280,463,20,12,0.2,0.783026382086856,0.42105263157894735
moead,4,9300,464,20,12,0.2,0.783026382086856,0.42105263157894735
moead,4,9320,465,20,9,0.35,0.6482313994009294,0.5789473684210527
moead,4,9340,466,20,9,0.35,0.6482313994009294,0.5789473684210527
moead,4,9360,467,20,10,0.35,0.6713692207169053,0.5263157894736842
moead,4,9380,468,20,10,0.35,0.6801024467862662,0.5263157894736842
moead,4,9400,469,20,10,0.35,0.6801024467862662,0.5263157894736842
moead,4,9420,470,20,10,0.35,0.6801024467862662,0.5263157894736842
moead,4,9440,471,20,10,0.35,0.6801024467862662,0.5263157894736842
moead,4,9460,472,20,10,0.35,0.6801024467862662,0.5263157894736842
moead,4,9480,473,20,10,0.35,0.6801024467862662,0.5263157894736842
moead,4,9500,474,20,11,0.25,0.75,0.47368421052631576
moead,4,9520,475,20,12,0.25,0.773137821315976,0.42105263157894735
moead,4,9540,476,20,12,0.25,0.773137821315976,0.42105263157894735
moead,4,9560,477,20,12,0.25,0.773137821315976,0.42105263157894735
moead,4,9580,478,20,10,0.25,0.7037243573680482,0.5263157894736842
moead,4,9600,479,20,10,0.25,0.7037243573680482,0.5263157894736842
moead,4,9620,480,20,10,0.25,0.7093957265453024,0.5263157894736842
moead,4,9640,481,20,10,0.25,0.7093957265453024,0.5263157894736842
moead,4,9660,482,20,10,0.25,0.7093957265453024,0.5263157894736842
moead,4,9680,483,20,10,0.25,0.7093957265453024,0.5263157894736842
moead,4,9700,484,20,10,0.25,0.7093957265453024,0.5263157894736842
moead,4,9720,485,20,10,0.25,0.7093957265453024,0.5263157894736842
moead,4,9740,486,20,10,0.25,0.7093957265453024,0.5263157894736842
moead,4,9760,487,20,10,0.25,0.7093957265453024,0.5263157894736842
moead,4,9780,488,20,10,0.25,0.7093957265453024,0.5263157894736842
moead,4,9800,489,20,11,0.2,0.7511553347015191,0.47368421052631576
moead,4,9820,490,20,11,0.2,0.7511553347015191,0.47368421052631576
moead,4,9840,491,20,11,0.2,0.7511553347015191,0.47368421052631576
moead,4,9860,492,20,10,0.2,0.7280175133855433,0.5263157894736842
moead,4,9880,493,20,10,0.2,0.7280175133855433,0.5263157894736842
moead,4,9900,494,20,10,0.2,0.7280175133855433,0.5263157894736842
moead,4,9920,495,20,11,0.2,0.75988856077088,0.47368421052631576
moead,4,9940,496,20,11,0.2,0.75988856077088,0.47368421052631576
moead,4,9960,497,20,11,0.2,0.75988856077088,0.47368421052631576
moead,4,9980,498,20,12,0.2,0.7830263820868558,0.42105263157894735
moead,4,10000,499,20,11,0.3,0.7192842873161823,0.47368421052631576
moead,5,20,0,20,20,0.05,1.0,0.0
moead,5,40,1,20,3,0.5,0.28563589437200343,0.8947368421052632
moead,5,60,2,20,7,0.3,0.571724133350966,0.6842105263157895
moead,5,80,3,20,5,0.35,0.4907826846648331,0.7894736842105263
moead,5,100,4,20,5,0.4,0.43999100755714615,0.7894736842105263
moead,5,120,5,20,9,0.3,0.6642754186148696,0.5789473684210527
moead,5,140,6,20,4,0.4,0.38968341971526527,0.8421052631578947
moead,5,160,7,20,6,0.35,0.4990318214683878,0.7368421052631579
moead,5,180,8,20,7,0.35,0.5469468880676648,0.6842105263157895
moead,5,200,9,20,7,0.3,0.571724133350966,0.6842105263157895
moead,5,220,10,20,9,0.25,0.6532315231424706,0.5789473684210527
moead,5,240,11,20,7,0.4,0.5747859902430725,0.6842105263157895
moead,5,260,12,20,8,0.4,0.5979238115590485,0.631578947368421
moead,5,280,13,20,3,0.5,0.3148974294721927,0.8947368421052632
moead,5,300,14,20,3,0.5,0.28563589437200343,0.8947368421052632
moead,5,320,15,20,4,0.45,0.3398935755842477,0.8421052631578947
moead,5,340,16,20,5,0.45,0.3922929320004128,0.7894736842105263
moead,5,360,17,20,5,0.45,0.3922929320004128,0.7894736842105263
moead,5,380,18,20,5,0.45,0.3922929320004128,0.7894736842105263
moead,5,400,19,20,5,0.45,0.3922929320004128,0.7894736842105263
moead,5,420,20,20,6,0.4,0.4879060741564232,0.7368421052631579
moead,5,440,21,20,8,0.35,0.6019557567689776,0.631578947368421
moead,5,460,22,20,6,0.35,0.515075840682328,0.6842105263157895
moead,5,480,23,20,6,0.35,0.5412755188904107,0.6842105263157895
moead,5,500,24,20,10,0.2,0.7223461442082889,0.5263157894736842
moead,5,520,25,20,10,0.2,0.7223461442082889,0.5263157894736842
moead,5,540,26,20,6,0.3,0.5288091904932302,0.7368421052631579
moead,5,560,27,20,6,0.3,0.5474309773334709,0.7368421052631579
moead,5,580,28,20,7,0.25,0.5925512852639037,0.631578947368421
moead,5,600,29,20,11,0.25,0.7412667739306392,0.47368421052631576
moead,5,620,30,20,10,0.25,0.7093957265453024,0.5263157894736842
moead,5,640,31,20,10,0.2,0.736750739454904,0.5263157894736842
moead,5,660,32,20,11,0.2,0.75988856077088,0.47368421052631576
moead,5,680,33,20,12,0.15,0.7974309773334709,0.42105263157894735
moead,5,700,34,20,12,0.15,0.7974309773334709,0.42105263157894735
moead,5,720,35,20,11,0.25,0.7412667739306392,0.47368421052631576
moead,5,740,36,20,9,0.2,0.7048796920695672,0.5789473684210527
moead,5,760,37,20,9,0.2,0.6961464660002066,0.5789473684210527
moead,5,780,38,20,9,0.25,0.6775246791599656,0.5263157894736842
moead,5,800,39,20,13,0.15,0.8205687986494469,0.3157894736842105
moead,5,820,40,20,13,0.15,0.8205687986494469,0.3157894736842105
moead,5,840,41,20,13,0.15,0.8205687986494469,0.3157894736842105
moead,5,860,42,20,11,0.15,0.7655599299481342,0.42105263157894735
moead,5,880,43,20,11,0.2,0.7511553347015191,0.42105263157894735
moead,5,900,44,20,9,0.25,0.6718533099827114,0.42105263157894735
moead,5,920,45,20,11,0.2,0.745483965524265,0.47368421052631576
moead,5,940,46,20,13,0.2,0.8061642034028318,0.3684210526315789
moead,5,960,47,20,13,0.2,0.7974309773334709,0.3684210526315789
moead,5,980,48,20,13,0.15,0.811835572580086,0.3684210526315789
moead,5,1000,49,20,6,0.35,0.4990318214683878,0.7368421052631579
moead,5,1020,50,20,8,0.25,0.6399822625973746,0.631578947368421
moead,5,1040,51,20,9,0.2,0.6817418707535915,0.5789473684210527
moead,5,1060,52,20,8,0.2,0.6586040494376154,0.631578947368421
moead,5,1080,53,20,5,0.45,0.435506717740258,0.7894736842105263
moead,5,1100,54,20,6,0.4,0.50988856077088,0.7368421052631579
moead,5,1120,55,20,6,0.25,0.560680237878567,0.7368421052631579
moead,5,1140,56,20,7,0.25,0.5982226544411579,0.6842105263157895
moead,5,1160,57,20,10,0.2,0.7223461442082889,0.5263157894736842
moead,5,1180,58,20,9,0.2,0.6904750968229522,0.5789473684210527
moead,5,1200,59,20,7,0.3,0.5948619546669419,0.6842105263157895
moead,5,1220,60,20,9,0.25,0.6949911312986874,0.5789473684210527
moead,5,1240,61,20,11,0.15,0.7655599299481342,0.47368421052631576
moead,5,1260,62,20,10,0.15,0.7336888825627974,0.5263157894736842
moead,5,1280,63,20,5,0.45,0.43550671774025795,0.7894736842105263
moead,5,1300,64,20,5,0.45,0.43550671774025795,0.7894736842105263
moead,5,1320,65,20,5,0.35,0.4589116372794963,0.7894736842105263
moead,5,1340,66,20,5,0.35,0.4589116372794963,0.7894736842105263
moead,5,1360,67,20,5,0.35,0.4589116372794963,0.7894736842105263
moead,5,1380,68,20,5,0.35,0.4589116372794963,0.7894736842105263
moead,5,1400,69,20,6,0.35,0.5006712454357131,0.7368421052631579
moead,5,1420,70,20,6,0.35,0.5006712454357131,0.7368421052631579
moead,5,1440,71,20,4,0.5,0.3888269278958555,0.8421052631578947
moead,5,1460,72,20,4,0.5,0.3888269278958555,0.8421052631578947
moead,5,1480,73,20,4,0.5,0.3888269278958555,0.8421052631578947
moead,5,1500,74,20,6,0.4,0.5141057523645058,0.7368421052631579
moead,5,1520,75,20,5,0.4,0.4215544671006021,0.7894736842105263
moead,5,1540,76,20,7,0.35,0.5469468880676649,0.6842105263157895
moead,5,1560,77,20,7,0.35,0.5469468880676649,0.6842105263157895
moead,5,1580,78,20,5,0.4,0.47350147890980815,0.7894736842105263
moead,5,1600,79,20,7,0.25,0.5982226544411579,0.5789473684210527
moead,5,1620,80,20,6,0.55,0.45847508010896626,0.7368421052631579
moead,5,1640,81,20,6,0.45,0.4673777651255948,0.7368421052631579
moead,5,1660,82,20,7,0.45,0.5311198598962683,0.6842105263157895
moead,5,1680,83,20,6,0.5,0.4768621786840241,0.7368421052631579
moead,5,1700,84,20,4,0.5,0.38124903652801373,0.8421052631578947
moead,5,1720,85,20,3,0.5,0.3333339699287367,0.8947368421052632
moead,5,1740,86,20,5,0.4,0.46476825284044726,0.7894736842105263
moead,5,1760,87,20,6,0.4,0.4879060741564232,0.7368421052631579
moead,5,1780,88,20,6,0.4,0.4879060741564232,0.7368421052631579
moead,5,1800,89,20,6,0.4,0.4879060741564232,0.7368421052631579
moead,5,1820,90,20,6,0.4,0.4879060741564232,0.7368421052631579
moead,5,1840,91,20,5,0.45,0.46737776512559476,0.7894736842105263
moead,5,1860,92,20,6,0.45,0.5049201816881858,0.7368421052631579
moead,5,1880,93,20,6,0.45,0.5049201816881858,0.7368421052631579
moead,5,1900,94,20,6,0.45,0.5049201816881858,0.7368421052631579
moead,5,1920,95,20,5,0.45,0.45748920435471474,0.7894736842105263
moead,5,1940,96,20,6,0.35,0.5150758406823281,0.7368421052631579
moead,5,1960,97,20,4,0.6,0.3547505154378218,0.8421052631578947
moead,5,1980,98,20,5,0.45,0.4617063959483406,0.7894736842105263
moead,5,2000,99,20,7,0.4,0.5603813949964574,0.6842105263157895
moead,5,2020,100,20,7,0.4,0.5603813949964574,0.6842105263157895
moead,5,2040,101,20,7,0.4,0.5603813949964574,0.6842105263157895
moead,5,2060,102,20,7,0.4,0.5516481689270967,0.6842105263157895
moead,5,2080,103,20,7,0.4,0.5516481689270967,0.6842105263157895
moead,5,2100,104,20,7,0.4,0.5516481689270967,0.6842105263157895
moead,5,2120,105,20,7,0.4,0.5516481689270967,0.6842105263157895
moead,5,2140,106,20,7,0.4,0.5516481689270967,0.6842105263157895
moead,5,2160,107,20,7,0.4,0.5516481689270967,0.6842105263157895
moead,5,2180,108,20,7,0.45,0.5311198598962683,0.6842105263157895
moead,5,2200,109,20,6,0.4,0.4879060741564232,0.631578947368421
moead,5,2220,110,20,6,0.4,0.5141057523645058,0.7368421052631579
moead,5,2240,111,20,7,0.45,0.5367912290735225,0.6842105263157895
moead,5,2260,112,20,7,0.45,0.5223866338269075,0.6842105263157895
moead,5,2280,113,20,8,0.35,0.6163603520155926,0.631578947368421
moead,5,2300,114,20,7,0.3,0.5804573594203268,0.631578947368421
moead,5,2320,115,20,4,0.45,0.39796430117766707,0.8421052631578947
moead,5,2340,116,20,5,0.5,0.4263693444584465,0.7894736842105263
moead,5,2360,117,20,5,0.4,0.48223470497916904,0.7894736842105263
moead,5,2380,118,20,6,0.35,0.5226537320501699,0.7368421052631579
moead,5,2400,119,20,6,0.2,0.5891905854896877,0.7368421052631579
moead,5,2420,120,20,7,0.35,0.5788179354530016,0.631578947368421
moead,5,2440,121,20,7,0.35,0.5788179354530016,0.631578947368421
moead,5,2460,122,20,5,0.45,0.44308460910809977,0.7894736842105263
moead,5,2480,123,20,6,0.4,0.4954839655242649,0.7368421052631579
moead,5,2500,124,20,6,0.4,0.4954839655242649,0.7368421052631579
moead,5,2520,125,20,5,0.45,0.3922929320004128,0.7368421052631579
moead,5,2540,126,20,5,0.45,0.3922929320004128,0.7368421052631579
moead,5,2560,127,20,4,0.5,0.3652050173140735,0.7894736842105263
moead,5,2580,128,20,4,0.5,0.3652050173140735,0.7894736842105263
moead,5,2600,129,20,5,0.35,0.47753342411973715,0.7368421052631579
moead,5,2620,130,20,7,0.35,0.5469468880676648,0.631578947368421
moead,5,2640,131,20,10,0.25,0.7181289526146633,0.47368421052631576
moead,5,2660,132,20,11,0.25,0.7412667739306392,0.42105263157894735
moead,5,2680,133,20,10,0.35,0.6713692207169053,0.5263157894736842
moead,5,2700,134,20,5,0.5,0.4351025705278073,0.6842105263157895
moead,5,2720,135,20,8,0.4,0.6066570376284094,0.631578947368421
moead,5,2740,136,20,6,0.4,0.5285103476111208,0.7368421052631579
moead,5,2760,137,20,6,0.4,0.5285103476111208,0.7368421052631579
moead,5,2780,138,20,6,0.4,0.5285103476111208,0.7368421052631579
moead,5,2800,139,20,6,0.3,0.557319538104351,0.7368421052631579
moead,5,2820,140,20,7,0.3,0.5891905854896877,0.6842105263157895
moead,5,2840,141,20,7,0.3,0.5891905854896877,0.6842105263157895
moead,5,2860,142,20,7,0.3,0.5891905854896877,0.6842105263157895
moead,5,2880,143,20,8,0.25,0.6343108934201205,0.631578947368421
moead,5,2900,144,20,8,0.25,0.6343108934201205,0.631578947368421
moead,5,2920,145,20,9,0.2,0.6760705015763373,0.5789473684210527
moead,5,2940,146,20,9,0.2,0.6817418707535915,0.5789473684210527
moead,5,2960,147,20,10,0.2,0.7136129181389282,0.5263157894736842
moead,5,2980,148,20,10,0.2,0.7136129181389282,0.5263157894736842
moead,5,3000,149,20,11,0.2,0.7511553347015191,0.47368421052631576
moead,5,3020,150,20,10,0.2,0.7136129181389282,0.5263157894736842
moead,5,3040,151,20,10,0.2,0.7136129181389282,0.5263157894736842
moead,5,3060,152,20,10,0.2,0.7136129181389282,0.5263157894736842
moead,5,3080,153,20,9,0.25,0.6718533099827114,0.5789473684210527
moead,5,3100,154,20,9,0.25,0.6718533099827114,0.5789473684210527
moead,5,3120,155,20,7,0.35,0.5844893046302558,0.6842105263157895
moead,5,3140,156,20,8,0.35,0.6163603520155926,0.631578947368421
moead,5,3160,157,20,8,0.25,0.6300937018264947,0.631578947368421
moead,5,3180,158,20,8,0.25,0.6300937018264947,0.631578947368421
moead,5,3200,159,20,8,0.25,0.6300937018264947,0.631578947368421
moead,5,3220,160,20,9,0.4,0.6210616328750245,0.5789473684210527
moead,5,3240,161,20,9,0.4,0.6297948589443854,0.5789473684210527
moead,5,3260,162,20,9,0.4,0.6297948589443854,0.5789473684210527
moead,5,3280,163,20,9,0.4,0.6297948589443854,0.5789473684210527
moead,5,3300,164,20,9,0.45,0.6005333238441961,0.5789473684210527
moead,5,3320,165,20,9,0.35,0.6482313994009294,0.5263157894736842
moead,5,3340,166,20,10,0.25,0.7181289526146633,0.5263157894736842
moead,5,3360,167,20,10,0.25,0.7181289526146633,0.5263157894736842
moead,5,3380,168,20,10,0.25,0.7181289526146633,0.5263157894736842
moead,5,3400,169,20,10,0.25,0.7181289526146633,0.5263157894736842
moead,5,3420,170,20,10,0.25,0.7181289526146633,0.5263157894736842
moead,5,3440,171,20,10,0.25,0.7181289526146633,0.5263157894736842
moead,5,3460,172,20,10,0.25,0.7181289526146633,0.5263157894736842
moead,5,3480,173,20,10,0.25,0.7181289526146633,0.5263157894736842
moead,5,3500,174,20,10,0.25,0.7181289526146633,0.5263157894736842
moead,5,3520,175,20,10,0.25,0.7181289526146633,0.5263157894736842
moead,5,3540,176,20,10,0.25,0.7181289526146633,0.5263157894736842
moead,5,3560,177,20,10,0.25,0.7181289526146633,0.5263157894736842
moead,5,3580,178,20,7,0.4,0.5660527641737118,0.6842105263157895
moead,5,3600,179,20,7,0.4,0.5660527641737118,0.6842105263157895
moead,5,3620,180,20,7,0.4,0.5660527641737118,0.6842105263157895
moead,5,3640,181,20,7,0.4,0.5660527641737118,0.6842105263157895
moead,5,3660,182,20,7,0.4,0.5660527641737118,0.6842105263157895
moead,5,3680,183,20,7,0.4,0.5660527641737118,0.6842105263157895
moead,5,3700,184,20,7,0.4,0.5660527641737118,0.6842105263157895
moead,5,3720,185,20,7,0.4,0.5660527641737118,0.6842105263157895
moead,5,3740,186,20,9,0.2,0.6817418707535913,0.5263157894736842
moead,5,3760,187,20,10,0.2,0.7192842873161824,0.5263157894736842
moead,5,3780,188,20,8,0.35,0.6076271259462317,0.631578947368421
moead,5,3800,189,20,10,0.25,0.7093957265453024,0.5263157894736842
moead,5,3820,190,20,10,0.25,0.7093957265453024,0.5263157894736842
moead,5,3840,191,20,10,0.25,0.7093957265453024,0.5263157894736842
moead,5,3860,192,20,10,0.25,0.7093957265453024,0.5263157894736842
moead,5,3880,193,20,10,0.25,0.7093957265453024,0.5263157894736842
moead,5,3900,194,20,10,0.25,0.7093957265453024,0.5263157894736842
moead,5,3920,195,20,9,0.3,0.6555421925455087,0.5789473684210527
moead,5,3940,196,20,10,0.25,0.7037243573680482,0.5263157894736842
moead,5,3960,197,20,11,0.25,0.7268621786840241,0.47368421052631576
moead,5,3980,198,20,11,0.25,0.7268621786840241,0.47368421052631576
moead,5,4000,199,20,10,0.3,0.6817418707535915,0.5263157894736842
moead,5,4020,200,20,10,0.3,0.6817418707535915,0.5263157894736842
moead,5,4040,201,20,10,0.3,0.6817418707535915,0.5263157894736842
moead,5,4060,202,20,10,0.3,0.6817418707535915,0.5263157894736842
moead,5,4080,203,20,11,0.2,0.745483965524265,0.47368421052631576
moead,5,4100,204,20,11,0.2,0.745483965524265,0.47368421052631576
moead,5,4120,205,20,10,0.2,0.7223461442082891,0.5263157894736842
moead,5,4140,206,20,10,0.2,0.7223461442082891,0.5263157894736842
moead,5,4160,207,20,10,0.2,0.7223461442082891,0.5263157894736842
moead,5,4180,208,20,11,0.2,0.7454839655242649,0.47368421052631576
moead,5,4200,209,20,11,0.2,0.7454839655242649,0.47368421052631576
moead,5,4220,210,20,11,0.2,0.7454839655242649,0.47368421052631576
moead,5,4240,211,20,11,0.2,0.7454839655242649,0.47368421052631576
moead,5,4260,212,20,12,0.2,0.7830263820868558,0.42105263157894735
moead,5,4280,213,20,12,0.2,0.7830263820868558,0.42105263157894735
moead,5,4300,214,20,12,0.2,0.7830263820868558,0.42105263157894735
moead,5,4320,215,20,12,0.2,0.7830263820868558,0.42105263157894735
moead,5,4340,216,20,12,0.2,0.7830263820868558,0.42105263157894735
moead,5,4360,217,20,13,0.2,0.8061642034028318,0.3684210526315789
moead,5,4380,218,20,13,0.2,0.8061642034028318,0.3684210526315789
moead,5,4400,219,20,13,0.2,0.8061642034028318,0.3684210526315789
moead,5,4420,220,20,12,0.2,0.7686217868402407,0.42105263157894735
moead,5,4440,221,20,11,0.2,0.7454839655242649,0.47368421052631576
moead,5,4460,222,20,11,0.2,0.7454839655242649,0.47368421052631576
moead,5,4480,223,20,11,0.2,0.7454839655242649,0.47368421052631576
moead,5,4500,224,20,11,0.25,0.7268621786840241,0.47368421052631576
moead,5,4520,225,20,12,0.25,0.75,0.42105263157894735
moead,5,4540,226,20,12,0.25,0.75,0.42105263157894735
moead,5,4560,227,20,12,0.25,0.75,0.42105263157894735
moead,5,4580,228,20,13,0.25,0.787542416562591,0.3684210526315789
moead,5,4600,229,20,13,0.25,0.787542416562591,0.3684210526315789
moead,5,4620,230,20,13,0.25,0.787542416562591,0.3684210526315789
moead,5,4640,231,20,13,0.25,0.787542416562591,0.3684210526315789
moead,5,4660,232,20,14,0.25,0.8194134639479277,0.3157894736842105
moead,5,4680,233,20,14,0.2,0.8293020247188077,0.3157894736842105
moead,5,4700,234,20,14,0.2,0.8293020247188077,0.3157894736842105
moead,5,4720,235,20,14,0.2,0.8293020247188077,0.3157894736842105
moead,5,4740,236,20,14,0.2,0.8293020247188077,0.3157894736842105
moead,5,4760,237,20,14,0.2,0.8293020247188077,0.3157894736842105
moead,5,4780,238,20,14,0.2,0.8293020247188077,0.3157894736842105
moead,5,4800,239,20,14,0.2,0.8293020247188077,0.3157894736842105
moead,5,4820,240,20,14,0.2,0.8293020247188077,0.3157894736842105
moead,5,4840,241,20,14,0.2,0.8293020247188077,0.3157894736842105
moead,5,4860,242,20,14,0.2,0.8293020247188077,0.3157894736842105
moead,5,4880,243,20,13,0.2,0.8061642034028318,0.3684210526315789
moead,5,4900,244,20,12,0.25,0.7644045952466151,0.42105263157894735
moead,5,4920,245,20,11,0.25,0.7268621786840241,0.47368421052631576
moead,5,4940,246,20,11,0.25,0.7268621786840241,0.47368421052631576
moead,5,4960,247,20,10,0.25,0.7037243573680482,0.47368421052631576
moead,5,4980,248,20,12,0.2,0.7686217868402407,0.42105263157894735
moead,5,5000,249,20,12,0.2,0.7686217868402407,0.42105263157894735
moead,5,5020,250,20,12,0.2,0.7686217868402407,0.42105263157894735
moead,5,5040,251,20,13,0.2,0.7917596081562167,0.3684210526315789
moead,5,5060,252,20,13,0.2,0.7917596081562167,0.3684210526315789
moead,5,5080,253,20,10,0.2,0.6992083228923132,0.5263157894736842
moead,5,5100,254,20,11,0.2,0.7367507394549041,0.47368421052631576
moead,5,5120,255,20,11,0.2,0.7367507394549041,0.47368421052631576
moead,5,5140,256,20,11,0.2,0.7367507394549041,0.47368421052631576
moead,5,5160,257,20,11,0.2,0.7367507394549041,0.47368421052631576
moead,5,5180,258,20,11,0.2,0.7367507394549041,0.47368421052631576
moead,5,5200,259,20,12,0.2,0.7742931560174952,0.42105263157894735
moead,5,5220,260,20,12,0.2,0.7742931560174952,0.42105263157894735
moead,5,5240,261,20,12,0.2,0.7742931560174952,0.42105263157894735
moead,5,5260,262,20,12,0.2,0.7742931560174952,0.42105263157894735
moead,5,5280,263,20,12,0.2,0.7742931560174952,0.42105263157894735
moead,5,5300,264,20,12,0.2,0.7742931560174952,0.42105263157894735
moead,5,5320,265,20,12,0.2,0.7742931560174952,0.42105263157894735
moead,5,5340,266,20,12,0.2,0.7742931560174952,0.42105263157894735
moead,5,5360,267,20,12,0.2,0.7742931560174952,0.42105263157894735
moead,5,5380,268,20,12,0.2,0.7742931560174952,0.42105263157894735
moead,5,5400,269,20,12,0.2,0.7742931560174952,0.42105263157894735
moead,5,5420,270,20,12,0.2,0.7742931560174952,0.42105263157894735
moead,5,5440,271,20,12,0.2,0.7742931560174952,0.42105263157894735
moead,5,5460,272,20,12,0.2,0.7742931560174952,0.42105263157894735
moead,5,5480,273,20,12,0.2,0.7742931560174952,0.42105263157894735
moead,5,5500,274,20,12,0.2,0.7742931560174952,0.42105263157894735
moead,5,5520,275,20,12,0.2,0.7742931560174952,0.42105263157894735
moead,5,5540,276,20,12,0.2,0.7742931560174952,0.42105263157894735
moead,5,5560,277,20,12,0.2,0.7742931560174952,0.42105263157894735
moead,5,5580,278,20,12,0.2,0.7742931560174952,0.42105263157894735
moead,5,5600,279,20,12,0.2,0.7742931560174952,0.42105263157894735
moead,5,5620,280,20,12,0.2,0.7742931560174952,0.42105263157894735
moead,5,5640,281,20,11,0.2,0.7511553347015191,0.47368421052631576
moead,5,5660,282,20,8,0.3,0.6081112152120378,0.5789473684210527
moead,5,5680,283,20,10,0.25,0.6949911312986874,0.42105263157894735
moead,5,5700,284,20,11,0.2,0.7511553347015191,0.47368421052631576
moead,5,5720,285,20,13,0.15,0.8205687986494469,0.3684210526315789
moead,5,5740,286,20,12,0.2,0.774293156017495,0.42105263157894735
moead,5,5760,287,20,12,0.2,0.774293156017495,0.42105263157894735
moead,5,5780,288,20,11,0.2,0.7511553347015191,0.47368421052631576
moead,5,5800,289,20,11,0.2,0.7511553347015191,0.47368421052631576
moead,5,5820,290,20,11,0.2,0.7511553347015191,0.47368421052631576
moead,5,5840,291,20,11,0.2,0.7511553347015191,0.47368421052631576
moead,5,5860,292,20,12,0.2,0.774293156017495,0.42105263157894735
moead,5,5880,293,20,12,0.2,0.774293156017495,0.42105263157894735
moead,5,5900,294,20,12,0.2,0.774293156017495,0.42105263157894735
moead,5,5920,295,20,11,0.2,0.7511553347015191,0.47368421052631576
moead,5,5940,296,20,11,0.2,0.7511553347015191,0.47368421052631576
moead,5,5960,297,20,11,0.2,0.7511553347015191,0.47368421052631576
moead,5,5980,298,20,10,0.3,0.6961464660002064,0.5263157894736842
moead,5,6000,299,20,10,0.3,0.6961464660002064,0.5263157894736842
moead,5,6020,300,20,10,0.3,0.6961464660002064,0.5263157894736842
moead,5,6040,301,20,10,0.3,0.6961464660002064,0.5263157894736842
moead,5,6060,302,20,10,0.3,0.6961464660002064,0.5263157894736842
moead,5,6080,303,20,10,0.3,0.6961464660002064,0.5263157894736842
moead,5,6100,304,20,10,0.3,0.6961464660002064,0.5263157894736842
moead,5,6120,305,20,10,0.3,0.6961464660002064,0.5263157894736842
moead,5,6140,306,20,11,0.3,0.7192842873161824,0.47368421052631576
moead,5,6160,307,20,11,0.3,0.7192842873161824,0.47368421052631576
moead,5,6180,308,20,11,0.3,0.7192842873161824,0.47368421052631576
moead,5,6200,309,20,11,0.3,0.7192842873161824,0.47368421052631576
moead,5,6220,310,20,11,0.3,0.7192842873161824,0.47368421052631576
moead,5,6240,311,20,11,0.3,0.7192842873161824,0.47368421052631576
moead,5,6260,312,20,12,0.3,0.7424221086321584,0.42105263157894735
moead,5,6280,313,20,12,0.3,0.7424221086321584,0.42105263157894735
moead,5,6300,314,20,12,0.3,0.7424221086321584,0.42105263157894735
moead,5,6320,315,20,12,0.3,0.7424221086321584,0.42105263157894735
moead,5,6340,316,20,12,0.3,0.7424221086321584,0.42105263157894735
moead,5,6360,317,20,12,0.3,0.7424221086321584,0.42105263157894735
moead,5,6380,318,20,12,0.3,0.7424221086321584,0.42105263157894735
moead,5,6400,319,20,13,0.25,0.787542416562591,0.3684210526315789
moead,5,6420,320,20,7,0.5,0.48137821315975915,0.6842105263157895
moead,5,6440,321,20,8,0.4,0.5648974294721927,0.631578947368421
moead,5,6460,322,20,9,0.35,0.6394981733315686,0.5263157894736842
moead,5,6480,323,20,7,0.35,0.5700847093836408,0.6842105263157895
moead,5,6500,324,20,5,0.35,0.4832047932969913,0.7894736842105263
moead,5,6520,325,20,5,0.35,0.4832047932969913,0.7894736842105263
moead,5,6540,326,20,5,0.35,0.4832047932969913,0.7894736842105263
moead,5,6560,327,20,5,0.3,0.49693814310789336,0.7894736842105263
moead,5,6580,328,20,5,0.3,0.49693814310789336,0.7894736842105263
moead,5,6600,329,20,5,0.3,0.49693814310789336,0.7894736842105263
moead,5,6620,330,20,5,0.3,0.49693814310789336,0.7894736842105263
moead,5,6640,331,20,5,0.3,0.49693814310789336,0.7894736842105263
moead,5,6660,332,20,5,0.3,0.49693814310789336,0.7894736842105263
moead,5,6680,333,20,5,0.3,0.49693814310789336,0.7894736842105263
moead,5,6700,334,20,5,0.3,0.49693814310789336,0.7894736842105263
moead,5,6720,335,20,5,0.3,0.49693814310789336,0.7894736842105263
moead,5,6740,336,20,5,0.3,0.49693814310789336,0.7894736842105263
moead,5,6760,337,20,5,0.3,0.49357744333367737,0.7894736842105263
moead,5,6780,338,20,5,0.3,0.49357744333367737,0.7894736842105263
moead,5,6800,339,20,5,0.3,0.49357744333367737,0.7894736842105263
moead,5,6820,340,20,8,0.2,0.6673372755069764,0.631578947368421
moead,5,6840,341,20,10,0.2,0.7280175133855433,0.5263157894736842
moead,5,6860,342,20,10,0.2,0.7280175133855433,0.5263157894736842
moead,5,6880,343,20,7,0.35,0.5788179354530016,0.6842105263157895
moead,5,6900,344,20,5,0.35,0.467160774083051,0.7894736842105263
moead,5,6920,345,20,6,0.35,0.5370583272967848,0.7368421052631579
moead,5,6940,346,20,6,0.35,0.5370583272967848,0.7368421052631579
moead,5,6960,347,20,6,0.35,0.5370583272967848,0.7368421052631579
moead,5,6980,348,20,6,0.35,0.5370583272967848,0.7368421052631579
moead,5,7000,349,20,6,0.35,0.5370583272967848,0.7368421052631579
moead,5,7020,350,20,6,0.35,0.5370583272967848,0.7368421052631579
moead,5,7040,351,20,6,0.35,0.5370583272967848,0.7368421052631579
moead,5,7060,352,20,6,0.35,0.5370583272967848,0.7368421052631579
moead,5,7080,353,20,6,0.35,0.5370583272967848,0.7368421052631579
moead,5,7100,354,20,5,0.35,0.4808941238939531,0.7894736842105263
moead,5,7120,355,20,5,0.35,0.4808941238939531,0.7894736842105263
moead,5,7140,356,20,5,0.35,0.4808941238939531,0.7894736842105263
moead,5,7160,357,20,6,0.35,0.5226537320501699,0.7368421052631579
moead,5,7180,358,20,6,0.35,0.5226537320501699,0.7368421052631579
moead,5,7200,359,20,6,0.35,0.5226537320501699,0.7368421052631579
moead,5,7220,360,20,6,0.35,0.5226537320501699,0.7368421052631579
moead,5,7240,361,20,6,0.35,0.5226537320501699,0.7368421052631579
moead,5,7260,362,20,6,0.35,0.5226537320501699,0.7368421052631579
moead,5,7280,363,20,6,0.35,0.5226537320501699,0.7368421052631579
moead,5,7300,364,20,6,0.35,0.5226537320501699,0.7368421052631579
moead,5,7320,365,20,6,0.35,0.5226537320501699,0.7368421052631579
moead,5,7340,366,20,6,0.35,0.5226537320501699,0.7368421052631579
moead,5,7360,367,20,6,0.35,0.5226537320501699,0.7368421052631579
moead,5,7380,368,20,6,0.35,0.5226537320501699,0.7368421052631579
moead,5,7400,369,20,6,0.35,0.5226537320501699,0.7368421052631579
moead,5,7420,370,20,6,0.35,0.5226537320501699,0.7368421052631579
moead,5,7440,371,20,6,0.35,0.5226537320501699,0.7368421052631579
moead,5,7460,372,20,6,0.35,0.5226537320501699,0.7368421052631579
moead,5,7480,373,20,6,0.35,0.5226537320501699,0.7368421052631579
moead,5,7500,374,20,6,0.35,0.5226537320501699,0.7368421052631579
moead,5,7520,375,20,6,0.35,0.5226537320501699,0.7368421052631579
moead,5,7540,376,20,6,0.35,0.5226537320501699,0.7368421052631579
moead,5,7560,377,20,6,0.35,0.5226537320501699,0.7368421052631579
moead,5,7580,378,20,7,0.35,0.5601961486127608,0.6842105263157895
moead,5,7600,379,20,7,0.35,0.5601961486127608,0.6842105263157895
moead,5,7620,380,20,7,0.35,0.5601961486127608,0.6842105263157895
moead,5,7640,381,20,7,0.35,0.5601961486127608,0.6842105263157895
moead,5,7660,382,20,10,0.4,0.6441994541910004,0.5263157894736842
moead,5,7680,383,20,10,0.25,0.6851025705278074,0.5263157894736842
moead,5,7700,384,20,7,0.35,0.5469468880676648,0.631578947368421
moead,5,7720,385,20,7,0.4,0.5417596081562167,0.6842105263157895
moead,5,7740,386,20,8,0.4,0.5648974294721927,0.631578947368421
moead,5,7760,387,20,6,0.25,0.566351607055821,0.6842105263157895
moead,5,7780,388,20,7,0.25,0.6081112152120378,0.631578947368421
moead,5,7800,389,20,7,0.2,0.6267330020522787,0.5789473684210527
moead,5,7820,390,20,7,0.2,0.6267330020522787,0.5789473684210527
moead,5,7840,391,20,9,0.2,0.6904750968229523,0.47368421052631576
moead,5,7860,392,20,9,0.2,0.6904750968229523,0.47368421052631576
moead,5,7880,393,20,9,0.2,0.6904750968229523,0.47368421052631576
moead,5,7900,394,20,9,0.2,0.6904750968229523,0.47368421052631576
moead,5,7920,395,20,9,0.2,0.6904750968229523,0.47368421052631576
moead,5,7940,396,20,9,0.2,0.6904750968229523,0.47368421052631576
moead,5,7960,397,20,9,0.2,0.6904750968229523,0.47368421052631576
moead,5,7980,398,20,9,0.2,0.6904750968229523,0.47368421052631576
moead,5,8000,399,20,8,0.2,0.6586040494376155,0.5263157894736842
moead,5,8020,400,20,8,0.2,0.6586040494376155,0.5263157894736842
moead,5,8040,401,20,8,0.2,0.6586040494376155,0.5263157894736842
moead,5,8060,402,20,8,0.2,0.6586040494376155,0.5263157894736842
moead,5,8080,403,20,8,0.2,0.6673372755069764,0.5263157894736842
moead,5,8100,404,20,10,0.2,0.7280175133855431,0.42105263157894735
moead,5,8120,405,20,10,0.2,0.7280175133855431,0.42105263157894735
moead,5,8140,406,20,11,0.15,0.7655599299481342,0.3684210526315789
moead,5,8160,407,20,11,0.15,0.7655599299481342,0.3684210526315789
moead,5,8180,408,20,11,0.15,0.7655599299481342,0.3684210526315789
moead,5,8200,409,20,11,0.15,0.7655599299481342,0.3684210526315789
moead,5,8220,410,20,11,0.15,0.7655599299481342,0.3684210526315789
moead,5,8240,411,20,11,0.15,0.7655599299481342,0.3684210526315789
moead,5,8260,412,20,11,0.15,0.7655599299481342,0.3684210526315789
moead,5,8280,413,20,11,0.15,0.7655599299481342,0.3684210526315789
moead,5,8300,414,20,11,0.15,0.7655599299481342,0.3684210526315789
moead,5,8320,415,20,11,0.15,0.7655599299481342,0.3684210526315789
moead,5,8340,416,20,7,0.3,0.5891905854896877,0.6842105263157895
moead,5,8360,417,20,8,0.3,0.6267330020522787,0.631578947368421
moead,5,8380,418,20,8,0.3,0.6168444412813987,0.631578947368421
moead,5,8400,419,20,8,0.3,0.6168444412813987,0.631578947368421
moead,5,8420,420,20,8,0.25,0.6156891065798796,0.631578947368421
moead,5,8440,421,20,8,0.25,0.6156891065798796,0.631578947368421
moead,5,8460,422,20,8,0.25,0.6156891065798796,0.631578947368421
moead,5,8480,423,20,8,0.25,0.6156891065798796,0.631578947368421
moead,5,8500,424,20,9,0.25,0.6718533099827114,0.5789473684210527
moead,5,8520,425,20,9,0.25,0.6718533099827114,0.5789473684210527
moead,5,8540,426,20,9,0.25,0.6718533099827114,0.5789473684210527
moead,5,8560,427,20,9,0.25,0.6718533099827114,0.5789473684210527
moead,5,8580,428,20,7,0.4,0.5516481689270967,0.6842105263157895
moead,5,8600,429,20,8,0.2,0.6441994541910004,0.631578947368421
moead,5,8620,430,20,8,0.2,0.6441994541910004,0.631578947368421
moead,5,8640,431,20,8,0.2,0.6498708233682546,0.631578947368421
moead,5,8660,432,20,8,0.2,0.6498708233682546,0.631578947368421
moead,5,8680,433,20,8,0.2,0.6498708233682546,0.631578947368421
moead,5,8700,434,20,8,0.2,0.6498708233682546,0.631578947368421
moead,5,8720,435,20,9,0.2,0.6817418707535915,0.5789473684210527
moead,5,8740,436,20,8,0.2,0.6498708233682546,0.631578947368421
moead,5,8760,437,20,8,0.2,0.6498708233682546,0.631578947368421
moead,5,8780,438,20,8,0.25,0.6399822625973747,0.631578947368421
moead,5,8800,439,20,8,0.45,0.5686622764588594,0.631578947368421
moead,5,8820,440,20,6,0.45,0.48062702567069077,0.7368421052631579
moead,5,8840,441,20,6,0.45,0.48062702567069077,0.7368421052631579
moead,5,8860,442,20,6,0.45,0.48062702567069077,0.7368421052631579
moead,5,8880,443,20,6,0.45,0.48062702567069077,0.7368421052631579
moead,5,8900,444,20,6,0.45,0.48062702567069077,0.7368421052631579
moead,5,8920,445,20,6,0.45,0.48062702567069077,0.7368421052631579
moead,5,8940,446,20,6,0.45,0.48062702567069077,0.7368421052631579
moead,5,8960,447,20,7,0.35,0.5601961486127608,0.6842105263157895
moead,5,8980,448,20,7,0.35,0.5601961486127608,0.6842105263157895
moead,5,9000,449,20,7,0.35,0.5601961486127608,0.6842105263157895
moead,5,9020,450,20,7,0.35,0.5601961486127608,0.6842105263157895
moead,5,9040,451,20,7,0.35,0.5601961486127608,0.6842105263157895
moead,5,9060,452,20,7,0.35,0.5601961486127608,0.6842105263157895
moead,5,9080,453,20,7,0.35,0.5601961486127608,0.6842105263157895
moead,5,9100,454,20,7,0.35,0.5601961486127608,0.6842105263157895
moead,5,9120,455,20,7,0.35,0.5601961486127608,0.6842105263157895
moead,5,9140,456,20,6,0.35,0.515075840682328,0.7368421052631579
moead,5,9160,457,20,7,0.3,0.5705687986494469,0.6842105263157895
moead,5,9180,458,20,7,0.25,0.5739294984236628,0.6842105263157895
moead,5,9200,459,20,7,0.25,0.5739294984236628,0.6842105263157895
moead,5,9220,460,20,8,0.25,0.6156891065798796,0.631578947368421
moead,5,9240,461,20,8,0.25,0.6300937018264947,0.631578947368421
moead,5,9260,462,20,8,0.25,0.6300937018264947,0.631578947368421
moead,5,9280,463,20,8,0.25,0.6300937018264947,0.631578947368421
moead,5,9300,464,20,10,0.25,0.6949911312986874,0.5263157894736842
moead,5,9320,465,20,10,0.25,0.6949911312986874,0.5263157894736842
moead,5,9340,466,20,10,0.25,0.6949911312986874,0.5263157894736842
moead,5,9360,467,20,10,0.25,0.6949911312986874,0.5263157894736842
moead,5,9380,468,20,10,0.25,0.6949911312986874,0.5263157894736842
moead,5,9400,469,20,10,0.25,0.6949911312986874,0.5263157894736842
moead,5,9420,470,20,10,0.25,0.6949911312986874,0.5263157894736842
moead,5,9440,471,20,7,0.45,0.5311198598962683,0.631578947368421
moead,5,9460,472,20,8,0.45,0.5773955025282203,0.5789473684210527
moead,5,9480,473,20,8,0.45,0.5773955025282203,0.5789473684210527
moead,5,9500,474,20,9,0.45,0.6005333238441961,0.5263157894736842
moead,5,9520,475,20,9,0.45,0.6005333238441961,0.5263157894736842
moead,5,9540,476,20,9,0.45,0.6005333238441961,0.5263157894736842
moead,5,9560,477,20,9,0.45,0.6005333238441961,0.5263157894736842
moead,5,9580,478,20,9,0.45,0.6005333238441961,0.5263157894736842
moead,5,9600,479,20,9,0.45,0.6005333238441961,0.5263157894736842
moead,5,9620,480,20,9,0.45,0.6005333238441961,0.5263157894736842
moead,5,9640,481,20,5,0.45,0.3922929320004128,0.7894736842105263
moead,5,9660,482,20,6,0.35,0.5226537320501699,0.7368421052631579
moead,5,9680,483,20,7,0.35,0.5700847093836408,0.6842105263157895
moead,5,9700,484,20,8,0.25,0.6255776673507597,0.631578947368421
moead,5,9720,485,20,8,0.25,0.6300937018264947,0.5789473684210527
moead,5,9740,486,20,10,0.25,0.6949911312986874,0.5263157894736842
moead,5,9760,487,20,10,0.25,0.6949911312986874,0.5263157894736842
moead,5,9780,488,20,9,0.35,0.6394981733315686,0.5789473684210527
moead,5,9800,489,20,9,0.3,0.6642754186148697,0.5263157894736842
moead,5,9820,490,20,10,0.3,0.6874132399308456,0.5263157894736842
moead,5,9840,491,20,10,0.3,0.6874132399308456,0.5263157894736842
moead,5,9860,492,20,10,0.3,0.6874132399308456,0.5263157894736842
moead,5,9880,493,20,10,0.3,0.6874132399308456,0.5263157894736842
moead,5,9900,494,20,11,0.3,0.7280175133855431,0.47368421052631576
moead,5,9920,495,20,11,0.3,0.7280175133855431,0.47368421052631576
moead,5,9940,496,20,12,0.15,0.7974309773334709,0.42105263157894735
moead,5,9960,497,20,13,0.15,0.8205687986494469,0.3684210526315789
moead,5,9980,498,20,14,0.15,0.8524398460347836,0.3157894736842105
moead,5,10000,499,20,14,0.15,0.8524398460347836,0.3157894736842105
