method,seed,evaluation_count,generation_or_sweep,algorithm,valid_population,unique_genotypes,unique_phenotypes,max_single_phenotype_fraction,evaluated_unique_genotypes_cumulative,nondominated_population,min_hpwl,min_congestion_top10,max_hpwl,max_congestion_top10,archive_size,decode_failures_cumulative,duplicate_rejections,replacement_count,elapsed_seconds,valid_evaluations_per_second
moead,1,20,0,moead,19,20,19,0.05263157894736842,20,1,662805.0714285681,0.009936640039086342,943563.7857142895,0.017045052722096443,1,1,0,0,4.82358263595961,3.9389809264084708
moead,1,40,1,moead,20,4,4,0.5,40,11,646883.3392857081,0.009936640039086342,674482.8392857116,0.010596338659524918,2,1,0,70,34.29316029488109,1.1372530167720207
moead,1,60,2,moead,20,5,5,0.5,60,11,646215.9464285652,0.009936640039086342,676339.3035714261,0.010583470575511456,2,1,0,26,67.07673499686643,0.8795896222849287
moead,1,80,3,moead,20,3,2,0.5,80,20,646215.9464285652,0.009786099195480347,649193.0714285652,0.010583470575511456,2,1,0,34,100.85535008693114,0.7833000424063457
moead,1,100,4,moead,20,4,4,0.45,100,20,644065.6607142795,0.009629624895751476,649757.2857142794,0.010516682639718056,5,1,0,40,141.27429322781973,0.7007644330618029
moead,1,120,5,moead,20,2,2,0.5,120,20,635435.9107142796,0.009592166170477867,648654.0714285651,0.00999534409493208,2,1,0,29,173.21758388495073,0.6869972281742397
moead,1,140,6,moead,20,3,3,0.45,140,20,625964.089285709,0.009588392451405525,648415.4107142794,0.009894176386296749,5,1,0,45,206.31654197280295,0.67372203251799
moead,1,160,7,moead,20,5,5,0.45,160,19,619346.7857142813,0.009588392451405525,648415.4107142794,0.009893634356558323,6,1,0,20,240.3889009298291,0.6614282081451548
moead,1,180,8,moead,20,4,4,0.45,180,20,618299.5892857098,0.009588392451405525,648415.4107142794,0.009797895327210426,4,1,0,28,273.6448300899938,0.6541325847125712
moead,1,200,9,moead,20,7,7,0.2,200,10,618299.5892857097,0.00945339910686016,648415.4107142794,0.00978962890803814,2,1,0,24,307.2839533239603,0.6476094760151704
moead,1,220,10,moead,20,6,6,0.25,220,17,618299.5892857097,0.00945339910686016,629558.8571428513,0.00978962890803814,5,1,0,29,341.3667045349721,0.6415388410487586
moead,1,240,11,moead,20,6,6,0.25,240,18,618299.2142857097,0.00945339910686016,629558.8571428513,0.009778725914657116,7,1,0,6,375.1082568799611,0.6371493978509855
moead,1,260,12,moead,20,8,8,0.2,260,20,617936.4464285669,0.00945339910686016,629558.8571428513,0.009981926530599594,10,1,0,24,408.9357350289356,0.6333513503819215
moead,1,280,13,moead,20,7,7,0.35,280,18,616657.1964285669,0.009435554966330528,637705.4642857088,0.009840184822678566,10,1,0,22,441.7984668719582,0.631509660898981
moead,1,300,14,moead,20,7,7,0.25,300,20,616657.1964285669,0.009376977570354939,638602.3392857087,0.009840184822678566,13,1,0,33,474.92055225977674,0.629578986584792
moead,1,320,15,moead,20,10,10,0.25,320,19,616093.8749999952,0.009374594315886497,638555.2499999945,0.009840184822678566,15,1,0,13,507.70721128280275,0.6283148887997788
moead,1,340,16,moead,20,6,6,0.25,340,20,614494.9642857097,0.009322026744484901,635643.9642857092,0.00996414851397276,12,1,0,29,540.4178242359776,0.6272924111621696
moead,1,360,17,moead,20,8,7,0.35,360,19,614494.9642857097,0.009322026744484901,635643.9642857092,0.010011926293373108,12,1,0,3,573.1497790177818,0.6263633227168393
moead,1,380,18,moead,20,6,6,0.35,380,20,614494.9642857097,0.009322026744484901,635643.9642857092,0.00996414851397276,10,1,0,29,606.9205349539407,0.6244639589081664
moead,1,400,19,moead,20,9,9,0.25,400,20,614494.9642857097,0.009322026744484901,635643.9642857092,0.00996414851397276,13,1,0,10,639.3928578018676,0.6240294916206907
moead,1,420,20,moead,20,10,10,0.25,420,18,614494.9642857097,0.00932083185762167,635572.0714285662,0.00996414851397276,13,1,0,9,671.9932162507903,0.6235181990938844
moead,1,440,21,moead,20,10,10,0.2,440,11,611073.3928571389,0.00932083185762167,635572.0714285662,0.009971200488507748,8,1,0,18,705.0498382118531,0.6226510187044245
moead,1,460,22,moead,20,5,3,0.6,460,20,608819.017857139,0.00932083185762167,635572.0714285662,0.009353416040539742,4,1,0,21,738.0873464159667,0.6218776168279134
moead,1,480,23,moead,20,4,4,0.5,480,20,607400.4464285676,0.00932083185762167,635572.0714285662,0.009347217157483101,4,1,0,18,770.4359716738109,0.6217259027500344
moead,1,500,24,moead,20,4,4,0.45,500,20,607400.4464285676,0.009235686622560024,637380.1607142804,0.009347217157483101,4,1,0,32,803.4790116897784,0.621049203202663
moead,1,520,25,moead,20,5,5,0.5,520,19,607400.4464285676,0.009231292642652988,637313.7321428519,0.009347217157483101,5,1,0,31,836.2539161988534,0.6206248962744308
moead,1,540,26,moead,20,3,3,0.5,540,20,607400.4464285676,0.008682658895850182,713259.2142857142,0.009347217157483101,8,1,0,12,867.9968570149504,0.6209699904370924
moead,1,560,27,moead,20,7,7,0.45,560,19,606901.8749999962,0.008682658895850182,713259.2142857142,0.009470039047300816,10,1,0,15,900.0827635889873,0.6210539992689618
moead,1,580,28,moead,20,6,6,0.5,580,19,606901.8749999962,0.008682658895850182,713259.2142857142,0.009470039047300816,14,1,0,10,931.9546427167952,0.6212748705367499
moead,1,600,29,moead,20,8,7,0.45,600,20,606901.8749999962,0.008682658895850182,713259.2142857142,0.009470039047300816,14,1,0,14,963.6268688947894,0.6216098983281878
moead,1,620,30,moead,20,10,9,0.45,620,20,606901.8749999962,0.008669920265674591,713939.357142857,0.009470039047300816,18,1,0,5,994.8025529847946,0.6222340283936337
moead,1,640,31,moead,20,10,9,0.45,640,19,606901.8749999962,0.008669920265674591,713939.357142857,0.009474720805883408,18,1,0,1,1026.0805654258002,0.6227581162058454
moead,1,660,32,moead,20,7,6,0.45,660,20,606901.8749999962,0.008669920265674591,713939.357142857,0.009470039047300816,14,1,0,8,1057.9495417529251,0.6229030534935509
moead,1,680,33,moead,20,5,4,0.45,680,20,606092.7142857106,0.0085099833086133,711656.1071428568,0.00942669901996851,11,1,0,13,1088.971788231982,0.623523958414388
moead,1,700,34,moead,20,5,4,0.45,700,20,603493.3928571391,0.0085099833086133,711656.1071428568,0.009428129531443119,11,1,0,2,1120.4501449828967,0.6238564055080469
moead,1,720,35,moead,20,6,5,0.45,720,20,602611.2142857106,0.0085099833086133,711656.1071428568,0.00945483148097992,10,1,0,7,1151.6574726148974,0.6243175745367011
moead,1,740,36,moead,20,7,6,0.45,740,20,602611.2142857106,0.0085099833086133,711656.1071428568,0.00945483148097992,11,1,0,1,1182.8670404287986,0.6247532264759923
moead,1,760,37,moead,20,7,6,0.45,760,20,602611.2142857106,0.0085099833086133,711656.1071428568,0.00945483148097992,13,1,0,5,1214.2786671328358,0.6250624511028895
moead,1,780,38,moead,20,7,6,0.45,780,20,602611.2142857106,0.0085099833086133,711656.1071428568,0.00945483148097992,13,1,0,0,1246.0892856968567,0.6251558447229213
moead,1,800,39,moead,20,7,6,0.45,800,20,602611.2142857106,0.0085099833086133,711656.1071428568,0.00945483148097992,14,1,0,0,1277.8044215519913,0.6252913094709387
moead,1,820,40,moead,20,7,6,0.45,820,20,602611.2142857106,0.0085099833086133,711656.1071428568,0.00945483148097992,12,1,0,0,1309.4168243168388,0.6254692812789361
moead,1,840,41,moead,20,7,6,0.45,840,20,602611.2142857106,0.0085099833086133,711656.1071428568,0.00945483148097992,12,1,0,0,1340.5373849149328,0.6258684087749189
moead,1,860,42,moead,20,6,5,0.45,860,20,602611.2142857106,0.0085099833086133,711656.1071428568,0.00945483148097992,12,1,0,6,1371.7145978948101,0.626223560876526
moead,1,880,43,moead,20,7,6,0.45,880,20,602611.2142857106,0.0085099833086133,711656.1071428568,0.00945483148097992,13,1,0,5,1403.7399470848031,0.626184359735185
moead,1,900,44,moead,20,7,6,0.45,900,20,602611.2142857106,0.0085099833086133,711656.1071428568,0.00945483148097992,10,1,0,1,1435.2857118828688,0.6263561272554254
moead,1,920,45,moead,20,8,7,0.45,920,20,602611.2142857106,0.0085099833086133,711656.1071428568,0.00945483148097992,12,1,0,6,1466.5998436878435,0.6266194585764618
moead,1,940,46,moead,20,8,8,0.25,940,15,602611.2142857106,0.008509774692356586,711609.1249999998,0.00945483148097992,12,1,0,6,1498.0702316458337,0.6268063940956766
moead,1,960,47,moead,20,9,8,0.25,960,16,602611.2142857106,0.008509774692356586,711609.1249999998,0.00945483148097992,12,1,0,1,1529.5822215098888,0.6269685843062083
moead,1,980,48,moead,20,8,7,0.3,980,20,602611.2142857106,0.008509774692356586,711609.1249999998,0.00945483148097992,11,1,0,11,1561.2028225979302,0.6270805982600571
moead,1,1000,49,moead,20,6,5,0.45,1000,20,602611.2142857106,0.008380571380257607,700599.0535714269,0.00945483148097992,9,1,0,21,1592.7540722577833,0.627215473751
moead,1,1020,50,moead,20,5,5,0.45,1020,19,602611.2142857106,0.008380571380257607,700599.0535714269,0.00945483148097992,6,1,0,8,1624.5102785599884,0.6272659603626949
moead,1,1040,51,moead,20,6,6,0.4,1040,20,602611.2142857106,0.008380571380257607,700599.0535714269,0.00945483148097992,7,1,0,17,1655.4311129278503,0.6276310695661568
moead,1,1060,52,moead,20,6,6,0.4,1060,20,602611.2142857106,0.008380571380257607,700599.0535714269,0.00945483148097992,7,1,0,0,1686.7077134777792,0.6278503332485954
moead,1,1080,53,moead,20,7,7,0.4,1080,20,601560.8392857105,0.008380571380257607,700599.0535714269,0.009390704333782196,8,1,0,7,1717.9750695549883,0.6280649929800765
moead,1,1100,54,moead,20,7,6,0.4,1100,20,601560.8392857105,0.008321448229253292,711830.8571428575,0.009390704333782196,10,1,0,5,1748.8569651779253,0.6284104543039001
moead,1,1120,55,moead,20,6,6,0.4,1120,20,601560.8392857105,0.008321448229253292,711830.8571428575,0.009390704333782196,9,1,0,9,1780.0721823237836,0.6286261934272849
moead,1,1140,56,moead,20,5,4,0.45,1140,20,601465.3749999963,0.008305337280035019,697934.1249999973,0.009434194304049015,6,1,0,12,1810.5998088847846,0.6290733017924884
moead,1,1160,57,moead,20,5,4,0.45,1160,20,601465.3749999963,0.008305337280035019,697934.1249999973,0.009434194304049015,6,1,0,0,1841.343069741968,0.6294318636463619
moead,1,1180,58,moead,20,5,4,0.45,1180,20,601465.3749999963,0.008305337280035019,697934.1249999973,0.009434194304049015,6,1,0,0,1871.7928412118927,0.6298773956399236
moead,1,1200,59,moead,20,5,4,0.45,1200,20,601465.3749999963,0.008305337280035019,697934.1249999973,0.009434194304049015,7,1,0,0,1902.4901439209934,0.6302266552240241
moead,1,1220,60,moead,20,6,5,0.45,1220,20,601465.3749999963,0.008258472196757793,698753.5178571405,0.009434194304049015,9,1,0,1,1933.7460167428944,0.6303826818235535
moead,1,1240,61,moead,20,6,6,0.4,1240,19,601465.3749999963,0.008238859474658966,698315.6607142832,0.009434194304049015,8,1,0,10,1964.3080504678655,0.630756463938989
moead,1,1260,62,moead,20,6,6,0.4,1260,19,601465.3749999963,0.008238859474658966,698315.6607142832,0.009434194304049015,9,1,0,16,1995.1900377909187,0.6310175853694464
moead,1,1280,63,moead,20,6,6,0.4,1280,20,601465.3749999963,0.008238859474658966,698315.6607142832,0.009434194304049015,11,1,0,9,2026.2336694078986,0.6312203865281473
moead,1,1300,64,moead,20,6,6,0.4,1300,20,601465.3749999963,0.008238859474658966,698315.6607142832,0.009434194304049015,10,1,0,0,2056.8056963169947,0.6315618448189081
moead,1,1320,65,moead,20,6,6,0.4,1320,20,601465.3749999963,0.008238859474658966,698315.6607142832,0.009434194304049015,10,1,0,8,2088.2585555678234,0.6316267669456992
moead,1,1340,66,moead,20,6,6,0.4,1340,20,601465.3749999963,0.008238859474658966,698315.6607142832,0.009434194304049015,10,1,0,0,2119.104621305829,0.6318706431657372
moead,1,1360,67,moead,20,6,6,0.4,1360,20,601058.6785714248,0.008238859474658966,698315.6607142832,0.00940598826855421,11,1,0,1,2149.498837333871,0.6322403978062321
moead,1,1380,68,moead,20,6,6,0.4,1380,20,601058.6785714248,0.008238859474658966,698315.6607142832,0.00940598826855421,12,1,0,16,2180.5471471338533,0.6324100819432316
moead,1,1400,69,moead,20,6,6,0.4,1400,20,601058.6785714248,0.008190702646970749,700296.3571428553,0.00940598826855421,12,1,0,2,2211.0411749607883,0.6327335808320307
moead,1,1420,70,moead,20,6,6,0.4,1420,20,601058.6785714248,0.008151428773999214,697916.660714283,0.00940598826855421,11,1,0,11,2241.908078427892,0.6329429889003543
moead,1,1440,71,moead,20,6,6,0.4,1440,20,601058.6785714248,0.008151428773999214,697916.660714283,0.00940598826855421,11,1,0,0,2272.863128219964,0.6331221542262337
moead,1,1460,72,moead,20,7,7,0.4,1460,19,601058.6785714248,0.008151428773999214,697916.660714283,0.00940598826855421,11,1,0,2,2303.8010033147875,0.6333012260610795
moead,1,1480,73,moead,20,7,7,0.4,1480,19,601058.6785714248,0.008151428773999214,697916.660714283,0.00940598826855421,13,1,0,7,2335.243929751916,0.6333385481306534
moead,1,1500,74,moead,20,7,7,0.4,1500,20,601058.6785714248,0.008151428773999214,697916.660714283,0.00940598826855421,15,1,0,1,2365.4301007469185,0.633711391229303
moead,1,1520,75,moead,20,7,7,0.4,1520,20,601058.6785714248,0.008151428773999214,697916.660714283,0.00940598826855421,16,1,0,9,2395.3905111809727,0.6341345984755965
moead,1,1540,76,moead,20,7,7,0.4,1540,20,601058.6785714248,0.008151428773999214,697916.660714283,0.00940598826855421,12,1,0,7,2425.9729286739603,0.6343846552489022
moead,1,1560,77,moead,20,7,7,0.4,1560,20,601058.6785714248,0.008151428773999214,697916.660714283,0.00940598826855421,14,1,0,0,2456.879008486867,0.6345448817848588
moead,1,1580,78,moead,20,7,7,0.4,1580,20,601058.6785714248,0.008151428773999214,697916.660714283,0.00940598826855421,14,1,0,0,2487.6087601489853,0.6347461165498678
moead,1,1600,79,moead,20,7,7,0.4,1600,12,601058.6785714248,0.008151428773999214,697916.660714283,0.00940598826855421,14,1,0,1,2518.824278454995,0.6348199887055243
moead,1,1620,80,moead,20,7,7,0.4,1620,20,601058.6785714248,0.008151428773999214,697916.660714283,0.00940598826855421,15,1,0,2,2549.7513041249476,0.6349638874116104
moead,1,1640,81,moead,20,7,7,0.4,1640,20,601058.6785714248,0.008151428773999214,697916.660714283,0.00940598826855421,15,1,0,0,2580.2180191718508,0.6352176396807178
moead,1,1660,82,moead,20,6,6,0.4,1660,20,601010.9999999963,0.008151428773999214,697916.660714283,0.009389166720211506,16,1,0,3,2611.0664877318777,0.6353725605207022
moead,1,1680,83,moead,20,5,5,0.4,1680,20,600581.9999999962,0.008151428773999214,697916.660714283,0.009340699762105942,16,1,0,11,2642.1214116639458,0.6354742036410074
moead,1,1700,84,moead,20,6,6,0.4,1700,20,600390.2321428536,0.008151428773999214,697916.660714283,0.009433104656636715,17,1,0,1,2673.025879494846,0.6356092595411312
moead,1,1720,85,moead,20,7,7,0.4,1720,20,600390.2321428536,0.008151428773999214,697916.660714283,0.009433104656636715,14,1,0,1,2704.5528058458585,0.6355949110272139
moead,1,1740,86,moead,20,8,8,0.4,1740,19,600390.2321428536,0.008151428773999214,697916.660714283,0.009433104656636715,12,1,0,7,2735.3539281957783,0.6357495394195782
moead,1,1760,87,moead,20,6,6,0.4,1760,20,600390.2321428536,0.008151428773999214,697916.660714283,0.009433104656636715,11,1,0,9,2766.1777550459374,0.6358955048320055
moead,1,1780,88,moead,20,6,6,0.4,1780,20,600390.2321428536,0.008151428773999214,697916.660714283,0.009433104656636715,11,1,0,0,2797.4277790649794,0.6359413505912271
moead,1,1800,89,moead,20,6,6,0.4,1800,20,600390.2321428536,0.008151428773999214,697916.660714283,0.009433104656636715,12,1,0,0,2827.803618425969,0.6361827915763724
moead,1,1820,90,moead,20,6,6,0.4,1820,20,600390.2321428536,0.008151428773999214,697916.660714283,0.009433104656636715,12,1,0,0,2859.4565398967825,0.6361348650067821
moead,1,1840,91,moead,20,6,6,0.4,1840,20,600390.2321428536,0.008151428773999214,697916.660714283,0.009433104656636715,12,1,0,1,2889.4857914189342,0.6364454206562912
moead,1,1860,92,moead,20,6,6,0.4,1860,20,600390.2321428536,0.008151428773999214,697916.660714283,0.009433104656636715,12,1,0,1,2919.6329235278536,0.636723878888765
moead,1,1880,93,moead,20,6,6,0.4,1880,20,600390.2321428536,0.008151428773999214,697916.660714283,0.009433104656636715,12,1,0,0,2949.9202353239525,0.6369663753954531
moead,1,1900,94,moead,20,6,6,0.4,1900,20,600390.2321428536,0.008151428773999214,697916.660714283,0.009433104656636715,12,1,0,0,2980.8839952088892,0.6370593431519717
moead,1,1920,95,moead,20,7,7,0.4,1920,20,600390.2321428536,0.008151428773999214,697916.660714283,0.009433104656636715,13,1,0,6,3011.92632823484,0.637133777812103
moead,1,1940,96,moead,20,8,8,0.4,1940,20,600390.2321428536,0.008151428773999214,697916.660714283,0.009433104656636715,14,1,0,1,3042.480703276815,0.6373088900487214
moead,1,1960,97,moead,20,8,8,0.4,1960,20,600390.2321428536,0.008151428773999214,697916.660714283,0.009433104656636715,14,1,0,1,3073.1844988688827,0.637449525311946
moead,1,1980,98,moead,20,8,8,0.4,1980,20,600390.2321428536,0.008151428773999214,697916.660714283,0.009433104656636715,15,1,0,0,3103.712588180788,0.6376234731064362
moead,1,2000,99,moead,20,8,8,0.4,2000,20,600390.2321428536,0.008151428773999214,697916.660714283,0.009433104656636715,15,1,0,0,3134.8215231639333,0.6376758565771349
moead,1,2020,100,moead,20,7,7,0.4,2020,20,600390.2321428536,0.008151428773999214,697916.660714283,0.009433104656636715,14,1,0,7,3165.874445754802,0.637738493611876
moead,1,2040,101,moead,20,6,6,0.4,2040,20,600390.2321428536,0.008151428773999214,697916.660714283,0.009433104656636715,11,1,0,8,3196.9200797327794,0.637801367924854
moead,1,2060,102,moead,20,7,7,0.4,2060,20,600390.2321428536,0.008142193779349327,698998.1071428548,0.009433104656636715,13,1,0,8,3228.9712510828394,0.6376643952186046
moead,1,2080,103,moead,20,8,7,0.4,2080,20,600390.2321428536,0.008136801421642303,694181.8928571395,0.009433104656636715,9,1,0,11,3261.229079134995,0.6374897161629111
moead,1,2100,104,moead,20,8,7,0.4,2100,19,600390.2321428536,0.008136801421642303,694181.8928571395,0.009433104656636715,7,1,0,7,3291.951764273923,0.6376156609521155
moead,1,2120,105,moead,20,7,6,0.4,2120,20,599634.4821428533,0.008136801421642303,694181.8928571395,0.009348004125058651,7,1,0,3,3323.091113978997,0.6376593139701052
moead,1,2140,106,moead,20,7,6,0.4,2140,20,599634.4821428533,0.008136801421642303,694181.8928571395,0.009348004125058651,7,1,0,0,3352.8706456117798,0.6379607882575227
moead,1,2160,107,moead,20,7,7,0.35,2160,19,599634.4821428533,0.008136801421642303,697283.2499999969,0.009348004125058651,9,1,0,1,3383.450495093828,0.6381059817871305
moead,1,2180,108,moead,20,6,6,0.4,2180,20,599634.4821428533,0.008136801421642303,694181.8928571395,0.009348004125058651,9,1,0,8,3414.3836517569143,0.6381825307998906
moead,1,2200,109,moead,20,6,6,0.4,2200,20,599634.4821428533,0.008136801421642303,694181.8928571395,0.009348004125058651,9,1,0,0,3445.1117712089326,0.6382956914133278
moead,1,2220,110,moead,20,6,6,0.4,2220,20,599634.4821428533,0.008136801421642303,694181.8928571395,0.009348004125058651,9,1,0,0,3476.089912999887,0.6383609329843224
moead,1,2240,111,moead,20,6,6,0.4,2240,20,599634.4821428533,0.008136801421642303,694181.8928571395,0.009348004125058651,9,1,0,0,3507.554978214903,0.638336394983463
moead,1,2260,112,moead,20,6,6,0.4,2260,20,599634.4821428533,0.008106033317744732,692626.6071428538,0.009348004125058651,9,1,0,9,3538.229936454911,0.6384548320970286
moead,1,2280,113,moead,20,6,6,0.4,2280,20,599634.4821428533,0.008106033317744732,692626.6071428538,0.009348004125058651,9,1,0,0,3569.43787287781,0.6384758836445549
moead,1,2300,114,moead,20,8,8,0.35,2300,20,599634.4821428533,0.008106033317744732,692626.6071428538,0.009348004125058651,11,1,0,14,3600.16092291777,0.6385825659528471
moead,1,2320,115,moead,20,8,8,0.35,2320,20,599634.4821428533,0.008106033317744732,692626.6071428538,0.009348004125058651,11,1,0,0,3630.990920919925,0.6386686308244672
moead,1,2340,116,moead,20,8,8,0.35,2340,20,599634.4821428533,0.008106033317744732,692626.6071428538,0.009348004125058651,12,1,0,2,3661.948590043001,0.6387309768247004
moead,1,2360,117,moead,20,7,7,0.35,2360,20,599634.4821428533,0.008106033317744732,692626.6071428538,0.009348004125058651,12,1,0,3,3692.4626143588684,0.6388690276311976
moead,1,2380,118,moead,20,7,7,0.35,2380,20,599634.4821428533,0.008106033317744732,692626.6071428538,0.009348004125058651,13,1,0,0,3723.3425499498844,0.6389420173096942
moead,1,2400,119,moead,20,8,8,0.35,2400,20,599476.3928571392,0.008106033317744732,692626.6071428538,0.009374365210533142,14,1,0,4,3754.1908842499834,0.6390191852163306
moead,1,2420,120,moead,20,8,8,0.35,2420,19,598246.4999999964,0.008106033317744732,696035.0892857108,0.00927824154496193,13,1,0,12,3785.382516265847,0.6390371355089003
moead,1,2440,121,moead,20,8,7,0.35,2440,19,598246.4999999964,0.008106033317744732,692673.6428571396,0.00927824154496193,13,1,0,3,3817.724536811933,0.638862227089002
moead,1,2460,122,moead,20,6,6,0.35,2460,19,598246.4999999964,0.008106033317744732,692626.6071428538,0.00927824154496193,13,1,0,8,3850.312768805772,0.6386494156844025
moead,1,2480,123,moead,20,6,6,0.35,2480,20,598246.4999999964,0.008106033317744732,692626.6071428538,0.00927824154496193,14,1,0,1,3882.2037896919064,0.6385548349064732
moead,1,2500,124,moead,20,4,4,0.45,2500,20,597093.9999999965,0.008106033317744732,692626.6071428538,0.009221812710165977,10,1,0,20,3913.108759843977,0.6386226791456826
moead,1,2520,125,moead,20,4,4,0.45,2520,20,596104.9642857108,0.008106033317744732,692626.6071428538,0.00913108978420496,6,1,0,20,3944.097569788806,0.6386758835012503
moead,1,2540,126,moead,20,5,5,0.4,2540,20,596104.9642857108,0.0080821942538023,693422.464285711,0.00913108978420496,8,1,0,9,3974.7206414479297,0.6387870316025736
moead,1,2560,127,moead,20,5,5,0.4,2560,20,596104.9642857108,0.0080821942538023,693422.464285711,0.00913108978420496,9,1,0,8,4006.071535398951,0.6387804055389036
moead,1,2580,128,moead,20,6,6,0.4,2580,20,596104.9642857108,0.0080821942538023,693422.464285711,0.00913108978420496,9,1,0,16,4038.7549815399107,0.6385631244747285
moead,1,2600,129,moead,20,6,6,0.4,2600,20,596104.9642857108,0.0080821942538023,693422.464285711,0.00913108978420496,10,1,0,0,4069.767616444966,0.6386114011763367
moead,1,2620,130,moead,20,6,6,0.4,2620,20,596104.9642857108,0.0080821942538023,693422.464285711,0.00913108978420496,11,1,0,0,4101.081867980771,0.6386119771097142
moead,1,2640,131,moead,20,6,6,0.4,2640,12,596104.9642857108,0.0080821942538023,693422.464285711,0.00913108978420496,10,1,0,16,4133.048593966989,0.6385117280866595
moead,1,2660,132,moead,20,6,6,0.4,2660,12,596104.9642857108,0.008081160485744476,693041.1428571395,0.00913108978420496,10,1,0,1,4164.249832536792,0.6385303732797849
moead,1,2680,133,moead,20,6,6,0.4,2680,12,596104.9642857108,0.008081160485744476,693041.1428571395,0.00913108978420496,11,1,0,0,4195.30771654984,0.638570560493515
moead,1,2700,134,moead,20,6,6,0.4,2700,12,596104.9642857108,0.008081160485744476,693041.1428571395,0.00913108978420496,12,1,0,0,4226.186980481958,0.6386371479693035
moead,1,2720,135,moead,20,6,6,0.35,2720,13,596104.9642857108,0.008081160485744476,693041.1428571395,0.00913108978420496,12,1,0,20,4257.002561807865,0.638712324111286
moead,1,2740,136,moead,20,5,5,0.4,2740,20,596104.9642857108,0.008081160485744476,693041.1428571395,0.00913108978420496,12,1,0,8,4288.542773072841,0.6386784847286117
moead,1,2760,137,moead,20,7,7,0.4,2760,20,596104.9642857108,0.008081160485744476,693041.1428571395,0.00913108978420496,15,1,0,3,4319.957647068892,0.6386636688144367
moead,1,2780,138,moead,20,8,8,0.4,2780,19,596104.9642857108,0.008081160485744476,693041.1428571395,0.00913108978420496,18,1,0,8,4351.204817227786,0.6386736815966617
moead,1,2800,139,moead,20,8,8,0.4,2800,20,596104.9642857108,0.008081160485744476,693041.1428571395,0.00913108978420496,18,1,0,1,4382.857647477882,0.6386244375540433
moead,1,2820,140,moead,20,7,7,0.4,2820,14,596104.9642857108,0.008081160485744476,693041.1428571395,0.00913108978420496,16,1,0,7,4414.274736505002,0.6386100023833
moead,1,2840,141,moead,20,7,7,0.4,2840,20,596104.9642857108,0.008081160485744476,693041.1428571395,0.00913108978420496,18,1,0,1,4446.447587662842,0.6384872291932818
moead,1,2860,142,moead,20,7,7,0.4,2860,20,596104.9642857108,0.008081160485744476,693041.1428571395,0.00913108978420496,18,1,0,10,4477.578521844931,0.6385147655259844
moead,1,2880,143,moead,20,7,7,0.4,2880,20,596104.9642857108,0.008081160485744476,693041.1428571395,0.00913108978420496,17,1,0,2,4508.561878408771,0.6385628228343402
moead,1,2900,144,moead,20,6,6,0.4,2900,20,596104.9642857108,0.008081160485744476,693041.1428571395,0.00913108978420496,19,1,0,4,4539.958432726795,0.6385521019536735
moead,1,2920,145,moead,20,6,6,0.4,2920,20,596104.9642857108,0.008081160485744476,693041.1428571395,0.00913108978420496,15,1,0,8,4572.289784697816,0.6384109794985179
moead,1,2940,146,moead,20,7,7,0.35,2940,20,596104.9642857108,0.008066242560744286,687818.1785714255,0.00913108978420496,16,1,0,11,4603.8581521047745,0.6383776178369786
moead,1,2960,147,moead,20,8,8,0.35,2960,20,596104.9642857108,0.008066242560744286,687818.1785714255,0.00913108978420496,17,1,0,1,4636.319749298971,0.6382217275776573
moead,1,2980,148,moead,20,8,8,0.35,2980,20,596104.9642857108,0.008066242560744286,687818.1785714255,0.00913108978420496,17,1,0,7,4668.284734423971,0.638135882764997
moead,1,3000,149,moead,20,8,8,0.35,3000,20,596104.9642857108,0.008066242560744286,687818.1785714255,0.00913108978420496,17,1,0,0,4700.472351107979,0.6380209851235665
moead,1,3020,150,moead,20,8,8,0.35,3020,20,596104.9642857108,0.008066242560744286,687818.1785714255,0.00913108978420496,17,1,0,0,4733.635494841961,0.6377761877292145
moead,1,3040,151,moead,20,7,7,0.35,3040,20,596104.9642857108,0.008066242560744286,687818.1785714255,0.00913108978420496,19,1,0,6,4766.017057343852,0.6376393461112925
moead,1,3060,152,moead,20,7,7,0.35,3060,20,596104.9642857108,0.008066242560744286,687818.1785714255,0.00913108978420496,18,1,0,3,4797.971847233828,0.6375610565042401
moead,1,3080,153,moead,20,7,7,0.35,3080,20,596104.9642857108,0.008066242560744286,687818.1785714255,0.00913108978420496,20,1,0,0,4830.066293721786,0.637465370610367
moead,1,3100,154,moead,20,7,7,0.35,3100,20,596104.9642857108,0.008066242560744286,687818.1785714255,0.00913108978420496,20,1,0,0,4862.688790088985,0.637301734447063
moead,1,3120,155,moead,20,7,7,0.35,3120,20,596104.9642857108,0.008066242560744286,687818.1785714255,0.00913108978420496,22,1,0,0,4894.46781731979,0.6372500783359863
moead,1,3140,156,moead,20,7,7,0.35,3140,20,596104.9642857108,0.008066242560744286,687818.1785714255,0.00913108978420496,23,1,0,7,4927.743048048811,0.6370056168498718
moead,1,3160,157,moead,20,7,7,0.35,3160,20,596104.9642857108,0.008066242560744286,687818.1785714255,0.00913108978420496,23,1,0,0,4960.222899129847,0.6368665409278625
moead,1,3180,158,moead,20,7,7,0.35,3180,20,596104.9642857108,0.008066242560744286,687818.1785714255,0.00913108978420496,24,1,0,7,4992.400298619876,0.6367678491003254
moead,1,3200,159,moead,20,7,7,0.3,3200,20,596104.9642857108,0.008034206926822662,687683.6785714256,0.00913108978420496,25,1,0,2,5024.539004093967,0.6366753243219869
moead,1,3220,160,moead,20,8,8,0.3,3220,20,596104.9642857108,0.008034206926822662,687683.6785714256,0.00913108978420496,26,1,0,1,5056.5474987667985,0.636600368291815
moead,1,3240,161,moead,20,8,8,0.3,3240,19,596104.9642857108,0.008034206926822662,687683.6785714256,0.009196178056299686,26,1,0,2,5089.389742642874,0.6364220788321896
moead,1,3260,162,moead,20,9,9,0.3,3260,20,596104.9642857108,0.008034206926822662,687683.6785714256,0.00913108978420496,26,1,0,6,5121.450085385935,0.6363432125013891
moead,1,3280,163,moead,20,7,7,0.3,3280,20,596104.9642857108,0.008029039017856121,686290.2499999971,0.00913108978420496,24,1,0,14,5153.300413144985,0.6362912574698655
moead,1,3300,164,moead,20,7,7,0.35,3300,20,596104.9642857108,0.008029039017856121,686290.2499999971,0.00913108978420496,24,1,0,7,5185.996179502923,0.6361362187343934
moead,1,3320,165,moead,20,8,8,0.35,3320,20,596104.9642857108,0.008029039017856121,686290.2499999971,0.00913108978420496,23,1,0,9,5217.536262137815,0.6361239928671016
moead,1,3340,166,moead,20,9,9,0.35,3340,20,596104.9642857108,0.008029039017856121,686290.2499999971,0.00913108978420496,25,1,0,6,5249.609503646847,0.6360473093628074
moead,1,3360,167,moead,20,9,9,0.3,3360,20,596104.9642857108,0.008029039017856121,686290.2499999971,0.00913108978420496,25,1,0,9,5281.648747321917,0.6359756509183228
moead,1,3380,168,moead,20,8,8,0.35,3380,20,596104.9642857108,0.008029039017856121,686290.2499999971,0.00913108978420496,26,1,0,7,5313.707454953808,0.6359025273116722
moead,1,3400,169,moead,20,7,7,0.35,3400,20,596104.9642857108,0.008029039017856121,686290.2499999971,0.00913108978420496,25,1,0,3,5346.431546041975,0.6357511492906552
moead,1,3420,170,moead,20,7,7,0.35,3420,20,596104.9642857108,0.008029039017856121,686290.2499999971,0.00913108978420496,26,1,0,0,5378.998599917861,0.6356201691616371
moead,1,3440,171,moead,20,8,8,0.3,3440,16,596104.9642857108,0.008029039017856121,686290.2499999971,0.00913108978420496,24,1,0,4,5411.570503315888,0.6354901960332561
moead,1,3460,172,moead,20,8,8,0.3,3460,16,596104.9642857108,0.008029039017856121,686290.2499999971,0.00913108978420496,23,1,0,3,5443.280951208901,0.6354623307165119
moead,1,3480,173,moead,20,8,7,0.35,3480,20,595787.9107142817,0.008029039017856121,686290.2499999971,0.009158041328191757,23,1,0,8,5475.30841386877,0.6353979971589931
moead,1,3500,174,moead,20,8,7,0.35,3500,20,595787.9107142817,0.008029039017856121,686290.2499999971,0.009158041328191757,19,1,0,7,5507.403746216791,0.6353265824034734
moead,1,3520,175,moead,20,8,7,0.35,3520,20,595787.9107142817,0.008029039017856121,686290.2499999971,0.009158041328191757,20,1,0,6,5539.700187183917,0.6352329333889221
moead,1,3540,176,moead,20,8,7,0.35,3540,20,595787.9107142817,0.008029039017856121,686290.2499999971,0.009158041328191757,19,1,0,1,5571.652260454837,0.6351796261798823
moead,1,3560,177,moead,20,8,7,0.35,3560,20,595787.9107142817,0.008029039017856121,686290.2499999971,0.009158041328191757,19,1,0,1,5603.988850587979,0.635083347752661
moead,1,3580,178,moead,20,9,8,0.3,3580,17,595787.9107142817,0.008029039017856121,686290.2499999971,0.009158041328191757,19,1,0,4,5636.600954421796,0.6349571362138647
moead,1,3600,179,moead,20,8,8,0.3,3600,20,595787.9107142817,0.008021334186196327,685967.0357142828,0.009158041328191757,20,1,0,7,5669.242682367796,0.6348290594779855
moead,1,3620,180,moead,20,8,8,0.3,3620,20,595787.9107142817,0.008021334186196327,685967.0357142828,0.009158041328191757,18,1,0,0,5702.37866640999,0.6346474360459108
moead,1,3640,181,moead,20,8,8,0.3,3640,20,595787.9107142817,0.008021334186196327,685967.0357142828,0.009158041328191757,18,1,0,1,5735.068621074781,0.6345172552299877
moead,1,3660,182,moead,20,7,7,0.35,3660,17,595787.9107142817,0.008021334186196327,685967.0357142828,0.009158041328191757,12,1,0,13,5767.768226983957,0.6343874885404922
moead,1,3680,183,moead,20,7,7,0.35,3680,20,595787.9107142817,0.008021334186196327,685967.0357142828,0.009158041328191757,14,1,0,3,5799.4211093939375,0.6343736608539658
moead,1,3700,184,moead,20,7,7,0.35,3700,20,595787.9107142817,0.008021334186196327,685967.0357142828,0.009158041328191757,14,1,0,0,5831.650752814952,0.6342972439175106
moead,1,3720,185,moead,20,7,7,0.35,3720,19,595182.8928571385,0.008021334186196327,686669.5714285682,0.008924940600991249,10,1,0,3,5863.995575211942,0.6342092097955896
moead,1,3740,186,moead,20,8,8,0.35,3740,20,595182.8928571385,0.008021334186196327,685967.0357142828,0.008924940600991249,11,1,0,3,5895.714179538889,0.6341894953076629
moead,1,3760,187,moead,20,8,8,0.35,3760,20,594992.1785714243,0.008021334186196327,685967.0357142828,0.008927187882363796,12,1,0,1,5927.164512108779,0.63419869523119
moead,1,3780,188,moead,20,7,7,0.4,3780,20,594992.1785714243,0.008021334186196327,685967.0357142828,0.008927187882363796,10,1,0,10,5958.713687717915,0.6341972778100188
moead,1,3800,189,moead,20,7,7,0.4,3800,20,594992.1785714243,0.008021334186196327,685967.0357142828,0.008927187882363796,9,1,0,1,5990.3278059528675,0.6341889998448427
moead,1,3820,190,moead,20,7,7,0.4,3820,20,594992.1785714243,0.008021334186196327,685967.0357142828,0.008927187882363796,12,1,0,1,6021.679265542887,0.6342084710245185
moead,1,3840,191,moead,20,7,7,0.4,3840,20,594992.1785714243,0.008021334186196327,685967.0357142828,0.008927187882363796,13,1,0,1,6053.090380926849,0.6342214899180428
moead,1,3860,192,moead,20,7,7,0.4,3860,20,594992.1785714243,0.008021334186196327,685967.0357142828,0.008927187882363796,13,1,0,0,6084.470717038959,0.6342375827684159
moead,1,3880,193,moead,20,7,7,0.4,3880,20,594992.1785714243,0.008021334186196327,685967.0357142828,0.008927187882363796,15,1,0,0,6116.31648939685,0.634205245383324
moead,1,3900,194,moead,20,7,7,0.4,3900,20,594992.1785714243,0.008021334186196327,685967.0357142828,0.008927187882363796,16,1,0,0,6148.640352514805,0.6341239325219765
moead,1,3920,195,moead,20,7,7,0.4,3920,20,594992.1785714243,0.008021334186196327,685967.0357142828,0.008927187882363796,16,1,0,0,6179.62900483096,0.6341804656778424
moead,1,3940,196,moead,20,7,7,0.4,3940,20,594992.1785714243,0.008021334186196327,685967.0357142828,0.008927187882363796,16,1,0,0,6211.173629927915,0.6341796630865905
moead,1,3960,197,moead,20,7,7,0.4,3960,18,594992.1785714243,0.008021334186196327,685967.0357142828,0.008927187882363796,14,1,0,8,6243.568955694791,0.6340924602728982
moead,1,3980,198,moead,20,7,6,0.5,3980,20,594992.1785714243,0.008021334186196327,685967.0357142828,0.008927187882363796,15,1,0,2,6275.049597686855,0.6340985737334669
moead,1,4000,199,moead,20,8,7,0.5,4000,18,594992.1785714243,0.008021334186196327,685967.0357142828,0.008927187882363796,13,1,0,5,6306.311178700998,0.6341266529165679
moead,1,4020,200,moead,20,8,7,0.5,4020,20,594992.1785714243,0.008021334186196327,685967.0357142828,0.008927187882363796,14,1,0,2,6338.457039678935,0.6340659840148694
moead,1,4040,201,moead,20,8,7,0.5,4040,20,594992.1785714243,0.008021334186196327,685967.0357142828,0.008927187882363796,13,1,0,0,6369.697703644866,0.6340960258897066
moead,1,4060,202,moead,20,8,7,0.5,4060,20,594992.1785714243,0.008021334186196327,685967.0357142828,0.008927187882363796,13,1,0,0,6401.355724626919,0.6340844306440359
moead,1,4080,203,moead,20,8,7,0.5,4080,20,594992.1785714243,0.008021334186196327,685967.0357142828,0.008927187882363796,13,1,0,0,6433.178466225974,0.6340567141755273
moead,1,4100,204,moead,20,8,7,0.5,4100,20,594992.1785714243,0.008021334186196327,685967.0357142828,0.008927187882363796,14,1,0,0,6463.9798118670005,0.6341294557379009
moead,1,4120,205,moead,20,8,8,0.4,4120,20,594992.1785714243,0.008021334186196327,685967.0357142828,0.008927187882363796,15,1,0,11,6495.211618108908,0.6341594765774936
moead,1,4140,206,moead,20,6,6,0.4,4140,20,594992.1785714243,0.008021334186196327,685967.0357142828,0.008927187882363796,14,1,0,7,6526.542885170784,0.6341795454074753
moead,1,4160,207,moead,20,6,6,0.4,4160,20,594992.1785714243,0.008021334186196327,685967.0357142828,0.008927187882363796,15,1,0,0,6558.387818597956,0.6341497506759376
moead,1,4180,208,moead,20,6,6,0.4,4180,20,594992.1785714243,0.008021334186196327,685967.0357142828,0.008927187882363796,15,1,0,0,6589.8164067799225,0.6341603076681229
moead,1,4200,209,moead,20,6,6,0.4,4200,20,594992.1785714243,0.008021334186196327,685967.0357142828,0.008927187882363796,15,1,0,0,6620.696468271781,0.6342233056783038
moead,1,4220,210,moead,20,6,6,0.4,4220,20,594992.1785714243,0.008021334186196327,685967.0357142828,0.008927187882363796,15,1,0,7,6652.104998554802,0.6342353286541021
moead,1,4240,211,moead,20,6,6,0.4,4240,20,594992.1785714243,0.008021334186196327,685967.0357142828,0.008927187882363796,15,1,0,0,6684.198315460933,0.6341822608995532
moead,1,4260,212,moead,20,6,6,0.4,4260,20,594992.1785714243,0.008021334186196327,685967.0357142828,0.008927187882363796,15,1,0,0,6715.625467621954,0.634192603583079
moead,1,4280,213,moead,20,6,6,0.4,4280,20,594992.1785714243,0.008021334186196327,685967.0357142828,0.008927187882363796,15,1,0,0,6746.991507036844,0.6342085943842041
moead,1,4300,214,moead,20,6,6,0.4,4300,20,594992.1785714243,0.008021334186196327,685967.0357142828,0.008927187882363796,17,1,0,0,6778.733980503865,0.6341892176864056
moead,1,4320,215,moead,20,6,6,0.4,4320,20,594992.1785714243,0.008021334186196327,685967.0357142828,0.008927187882363796,18,1,0,0,6810.14431691682,0.634200950671682
moead,1,4340,216,moead,20,6,6,0.4,4340,20,594992.1785714243,0.008021334186196327,685967.0357142828,0.008927187882363796,16,1,0,0,6841.41109913378,0.6342258836849285
moead,1,4360,217,moead,20,6,6,0.4,4360,20,594992.1785714243,0.008021334186196327,685967.0357142828,0.008927187882363796,16,1,0,0,6874.033967221854,0.6341254670526006
moead,1,4380,218,moead,20,6,6,0.4,4380,20,594992.1785714243,0.008021334186196327,685967.0357142828,0.008927187882363796,11,1,0,10,6905.414873343892,0.6341400307320716
moead,1,4400,219,moead,20,6,6,0.4,4400,20,594992.1785714243,0.00801819283515215,682884.1964285686,0.008927187882363796,12,1,0,11,6936.23325140099,0.6342058925298516
moead,1,4420,220,moead,20,5,5,0.4,4420,20,594992.1785714243,0.007989730685949326,681930.8392857114,0.008927187882363796,11,1,0,8,6967.15950419195,0.6342613510342642
moead,1,4440,221,moead,20,5,5,0.4,4440,18,594992.1785714243,0.007989730685949326,681930.8392857114,0.008927187882363796,10,1,0,8,6999.347814635839,0.6342019453180942
moead,1,4460,222,moead,20,6,6,0.4,4460,18,594992.1785714243,0.007964572869241238,682208.2321428542,0.008927187882363796,10,1,0,4,7030.389915062813,0.6342464719412595
moead,1,4480,223,moead,20,6,6,0.4,4480,18,594992.1785714243,0.007964572869241238,682208.2321428542,0.008927187882363796,10,1,0,0,7062.138833731879,0.6342271237442016
moead,1,4500,224,moead,20,6,6,0.35,4500,16,594992.1785714243,0.007964572869241238,682208.2321428542,0.008927187882363796,9,1,0,8,7093.509615219897,0.6342417567669051
moead,1,4520,225,moead,20,6,6,0.35,4520,20,594976.821428567,0.007964572869241238,682208.2321428542,0.00876982044428587,9,1,0,7,7125.289476660779,0.6342198467588155
moead,1,4540,226,moead,20,7,6,0.4,4540,20,594976.821428567,0.007964572869241238,682208.2321428542,0.00876982044428587,9,1,0,2,7156.557156957919,0.6342435196771935
moead,1,4560,227,moead,20,7,6,0.4,4560,20,594976.821428567,0.007964572869241238,682208.2321428542,0.00876982044428587,9,1,0,0,7187.812049878994,0.6342681150207246
moead,1,4580,228,moead,20,7,6,0.4,4580,20,594538.9107142818,0.007963666692376137,684306.2321428542,0.00864869449287653,10,1,0,3,7219.025024794973,0.6342961804776467
moead,1,4600,229,moead,20,5,4,0.5,4600,20,594538.9107142818,0.007963666692376137,684306.2321428542,0.00864869449287653,9,1,0,20,7250.036371988943,0.6343416452045096
moead,1,4620,230,moead,20,5,4,0.5,4620,20,594538.9107142818,0.007963666692376137,684306.2321428542,0.00864869449287653,11,1,0,0,7281.132232036907,0.6343793592535577
moead,1,4640,231,moead,20,5,4,0.5,4640,20,594538.9107142818,0.007963666692376137,684306.2321428542,0.00864869449287653,12,1,0,0,7312.547481342917,0.6343890431940236
moead,1,4660,232,moead,20,5,4,0.5,4660,20,594538.9107142818,0.007963666692376137,684306.2321428542,0.00864869449287653,12,1,0,0,7343.9584241868,0.6343990162928916
moead,1,4680,233,moead,20,5,4,0.5,4680,20,594458.1249999962,0.007963666692376137,684306.2321428542,0.008652504533529282,16,1,0,1,7375.97728407383,0.6343566174075497
moead,1,4700,234,moead,20,5,4,0.5,4700,20,594458.1249999962,0.007963666692376137,684306.2321428542,0.008652504533529282,16,1,0,0,7408.06921051885,0.6343083287245489
moead,1,4720,235,moead,20,6,5,0.45,4720,20,594458.1249999962,0.007963666692376137,684306.2321428542,0.008652504533529282,17,1,0,1,7439.917836627923,0.6342811982099583
moead,1,4740,236,moead,20,6,5,0.45,4740,20,594458.1249999962,0.007963666692376137,684306.2321428542,0.008652504533529282,17,1,0,0,7470.9726094699,0.6343216938037006
moead,1,4760,237,moead,20,6,6,0.45,4760,20,594283.7321428527,0.007963666692376137,684306.2321428542,0.008729196153581142,18,1,0,2,7501.664038116811,0.634392579542216
moead,1,4780,238,moead,20,6,6,0.45,4780,20,594093.0178571385,0.007963666692376137,684306.2321428542,0.00875116977840662,16,1,0,1,7532.3439966489095,0.634463853765328
moead,1,4800,239,moead,20,6,6,0.45,4800,20,594093.0178571385,0.007963666692376137,684306.2321428542,0.00875116977840662,16,1,0,0,7563.700485080946,0.6344777942312507
moead,1,4820,240,moead,20,5,4,0.55,4820,20,594093.0178571385,0.007963666692376137,684306.2321428542,0.00875116977840662,13,1,0,11,7595.298349989811,0.6344714556218143
moead,1,4840,241,moead,20,5,4,0.55,4840,20,593949.8214285672,0.007963666692376137,684306.2321428542,0.008700322359800339,15,1,0,1,7627.766819285927,0.6343927540843471
moead,1,4860,242,moead,20,5,4,0.55,4860,20,593949.8214285672,0.007963666692376137,684306.2321428542,0.008700322359800339,15,1,0,0,7659.00837811199,0.63441633173899
moead,1,4880,243,moead,20,5,4,0.5,4880,20,593568.4999999958,0.00792930368334055,684002.3392857114,0.008681105449795723,17,1,0,4,7690.600012007868,0.6344108382157541
moead,1,4900,244,moead,20,6,5,0.5,4900,20,593568.4999999958,0.00792930368334055,684002.3392857114,0.008681105449795723,18,1,0,1,7721.424603087828,0.6344684111842355
moead,1,4920,245,moead,20,6,5,0.5,4920,20,593568.4999999958,0.00792930368334055,684002.3392857114,0.008681105449795723,19,1,0,0,7752.413167032879,0.6345121053297362
moead,1,4940,246,moead,20,6,5,0.5,4940,20,593473.0892857101,0.00792930368334055,684002.3392857114,0.00868301372975111,19,1,0,1,7783.823528896784,0.6345210656002647
moead,1,4960,247,moead,20,6,5,0.5,4960,20,593473.0892857101,0.00792930368334055,684002.3392857114,0.00868301372975111,20,1,0,0,7814.801253697835,0.6345650822090303
moead,1,4980,248,moead,20,6,5,0.5,4980,20,593473.0892857101,0.00792930368334055,684002.3392857114,0.00868301372975111,20,1,0,0,7845.800730847986,0.6346069917916284
moead,1,5000,249,moead,20,6,5,0.5,5000,20,593473.0892857101,0.00792930368334055,684002.3392857114,0.00868301372975111,20,1,0,0,7877.06802603486,0.6346269936323484
moead,1,5020,250,moead,20,6,5,0.5,5020,20,593473.0892857101,0.00792930368334055,684002.3392857114,0.00868301372975111,20,1,0,0,7908.223908326821,0.6346557783619827
moead,1,5040,251,moead,20,6,5,0.5,5040,20,593473.0892857101,0.00792930368334055,684002.3392857114,0.00868301372975111,20,1,0,0,7939.063471722882,0.6347096251274169
moead,1,5060,252,moead,20,6,5,0.5,5060,20,593473.0892857101,0.00792930368334055,684002.3392857114,0.00868301372975111,21,1,0,0,7969.941789533943,0.6347599685914186
moead,1,5080,253,moead,20,6,5,0.5,5080,20,593473.0892857101,0.00792930368334055,684002.3392857114,0.00868301372975111,21,1,0,0,8000.73013954889,0.6348170618696023
moead,1,5100,254,moead,20,6,5,0.5,5100,20,593473.0892857101,0.00792930368334055,684002.3392857114,0.00868301372975111,21,1,0,0,8031.490164922783,0.6348759564283203
moead,1,5120,255,moead,20,6,5,0.5,5120,20,593473.0892857101,0.00792930368334055,684002.3392857114,0.00868301372975111,21,1,0,0,8062.148032696918,0.6349424470053563
moead,1,5140,256,moead,20,6,5,0.5,5140,20,593473.0892857101,0.00792930368334055,684002.3392857114,0.00868301372975111,21,1,0,0,8093.037126541836,0.6349902909930057
moead,1,5160,257,moead,20,6,5,0.5,5160,20,593473.0892857101,0.00792930368334055,684002.3392857114,0.00868301372975111,21,1,0,0,8124.165311042918,0.6350190822665236
moead,1,5180,258,moead,20,6,5,0.5,5180,20,593473.0892857101,0.00792930368334055,684002.3392857114,0.00868301372975111,22,1,0,0,8155.0416912038345,0.6350672622049446
moead,1,5200,259,moead,20,6,5,0.5,5200,20,593473.0892857101,0.00792930368334055,684002.3392857114,0.00868301372975111,20,1,0,0,8185.9412861429155,0.6351132775409492
moead,1,5220,260,moead,20,6,5,0.5,5220,20,593473.0892857101,0.00792930368334055,684002.3392857114,0.00868301372975111,21,1,0,0,8217.09453696385,0.6351393398874511
moead,1,5240,261,moead,20,6,5,0.5,5240,20,593473.0892857101,0.00792930368334055,684002.3392857114,0.00868301372975111,21,1,0,0,8248.077190216864,0.6351783426825874
moead,1,5260,262,moead,20,6,5,0.5,5260,20,593473.0892857101,0.00792930368334055,684002.3392857114,0.00868301372975111,21,1,0,0,8278.67724532797,0.6352464100430888
moead,1,5280,263,moead,20,6,5,0.5,5280,20,593473.0892857101,0.00792930368334055,684002.3392857114,0.00868301372975111,21,1,0,0,8310.178036667872,0.6352451146903126
moead,1,5300,264,moead,20,6,5,0.5,5300,20,593473.0892857101,0.00792930368334055,684002.3392857114,0.00868301372975111,22,1,0,0,8341.209862649906,0.6352795442454637
moead,1,5320,265,moead,20,6,5,0.5,5320,20,593473.0892857101,0.00792930368334055,684002.3392857114,0.00868301372975111,22,1,0,0,8372.807441478828,0.6352707902548567
moead,1,5340,266,moead,20,6,5,0.5,5340,20,593473.0892857101,0.00792930368334055,684002.3392857114,0.00868301372975111,22,1,0,0,8405.199896854814,0.6352020255934459
moead,1,5360,267,moead,20,6,5,0.5,5360,20,593473.0892857101,0.00792930368334055,684002.3392857114,0.00868301372975111,22,1,0,0,8435.639300419949,0.6352808375452011
moead,1,5380,268,moead,20,5,4,0.5,5380,20,593473.0892857101,0.00792930368334055,684002.3392857114,0.00868301372975111,21,1,0,7,8466.986059828894,0.6352909951653685
moead,1,5400,269,moead,20,5,4,0.5,5400,20,593473.0892857101,0.00792930368334055,684002.3392857114,0.00868301372975111,18,1,0,0,8498.452721434878,0.6352921145731141
moead,1,5420,270,moead,20,5,4,0.5,5420,20,593473.0892857101,0.00792930368334055,684002.3392857114,0.00868301372975111,18,1,0,0,8530.79279652983,0.6352281820986615
moead,1,5440,271,moead,20,5,4,0.5,5440,20,593473.0892857101,0.00792930368334055,684002.3392857114,0.00868301372975111,18,1,0,0,8561.403504194925,0.6352930331265187
moead,1,5460,272,moead,20,5,4,0.5,5460,20,593473.0892857101,0.00792930368334055,684002.3392857114,0.00868301372975111,20,1,0,0,8592.83064187481,0.6352970548956308
moead,1,5480,273,moead,20,6,5,0.45,5480,20,593473.0892857101,0.007874143309891224,690340.1964285685,0.00868301372975111,19,1,0,4,8623.676433382789,0.635343874776012
moead,1,5500,274,moead,20,6,5,0.45,5500,20,593473.0892857101,0.007874143309891224,690340.1964285685,0.00868301372975111,19,1,0,2,8654.958350095898,0.6353583434562767
moead,1,5520,275,moead,20,6,5,0.45,5520,20,593473.0892857101,0.007874143309891224,690340.1964285685,0.00868301372975111,19,1,0,0,8686.543930609943,0.6353504965941584
moead,1,5540,276,moead,20,6,5,0.45,5540,20,593473.0892857101,0.007874143309891224,690340.1964285685,0.00868301372975111,19,1,0,0,8718.755724322982,0.6352970739331165
moead,1,5560,277,moead,20,6,5,0.45,5560,20,593473.0892857101,0.007874143309891224,690340.1964285685,0.00868301372975111,19,1,0,0,8751.002134250943,0.6352415317375343
moead,1,5580,278,moead,20,6,5,0.45,5580,20,593473.0892857101,0.007874143309891224,690340.1964285685,0.00868301372975111,19,1,0,0,8781.578331941972,0.6353072066449644
moead,1,5600,279,moead,20,7,6,0.45,5600,20,593473.0892857101,0.007874143309891224,690340.1964285685,0.00868301372975111,20,1,0,2,8812.544187717838,0.635344331981155
moead,1,5620,280,moead,20,8,7,0.35,5620,20,593473.0892857101,0.007874143309891224,690340.1964285685,0.00868301372975111,21,1,0,7,8843.358489753911,0.6353920862204425
moead,1,5640,281,moead,20,7,7,0.4,5640,20,593473.0892857101,0.007864929735660553,692272.1785714256,0.00868301372975111,19,1,0,16,8874.603805891937,0.6354086473422298
moead,1,5660,282,moead,20,7,7,0.4,5660,20,593473.0892857101,0.007864929735660553,692272.1785714256,0.00868301372975111,19,1,0,0,8906.15146958991,0.6354035207376248
moead,1,5680,283,moead,20,7,7,0.4,5680,20,593473.0892857101,0.007864929735660553,692272.1785714256,0.00868301372975111,20,1,0,0,8936.69818127877,0.635469597921162
moead,1,5700,284,moead,20,7,7,0.4,5700,20,593473.0892857101,0.007864929735660553,692272.1785714256,0.00868301372975111,20,1,0,0,8968.159352442948,0.6354704210789451
moead,1,5720,285,moead,20,8,8,0.35,5720,19,593473.0892857101,0.007864929735660553,692272.1785714256,0.00868301372975111,19,1,0,7,9000.93411880196,0.6353784978887512
moead,1,5740,286,moead,20,8,8,0.35,5740,19,593473.0892857101,0.007864929735660553,692272.1785714256,0.00868301372975111,19,1,0,0,9031.54802980693,0.63543923821913
moead,1,5760,287,moead,20,8,8,0.35,5760,20,593473.0892857101,0.007864929735660553,692272.1785714256,0.00868301372975111,19,1,0,1,9062.759418771835,0.6354576717628952
moead,1,5780,288,moead,20,8,8,0.35,5780,20,593473.0892857101,0.007864929735660553,692272.1785714256,0.00868301372975111,19,1,0,0,9093.535920381779,0.6355063696451949
moead,1,5800,289,moead,20,8,8,0.35,5800,20,593473.0892857101,0.007864929735660553,692272.1785714256,0.00868301372975111,19,1,0,0,9124.925492607988,0.6355120383939258
moead,1,5820,290,moead,20,8,8,0.35,5820,20,593473.0892857101,0.007864929735660553,692272.1785714256,0.00868301372975111,19,1,0,0,9155.62171252584,0.6355657958256405
moead,1,5840,291,moead,20,8,8,0.35,5840,20,593473.0892857101,0.007864929735660553,692272.1785714256,0.00868301372975111,19,1,0,0,9186.076885887887,0.6356358729122075
moead,1,5860,292,moead,20,8,8,0.35,5860,20,593473.0892857101,0.007864929735660553,692272.1785714256,0.00868301372975111,20,1,0,0,9217.478858118877,0.6356401886226531
moead,1,5880,293,moead,20,8,8,0.35,5880,20,593473.0892857101,0.007864929735660553,692272.1785714256,0.00868301372975111,20,1,0,0,9248.894034664845,0.6356435675406718
moead,1,5900,294,moead,20,8,8,0.35,5900,20,593473.0892857101,0.007864929735660553,692272.1785714256,0.00868301372975111,21,1,0,1,9279.616718103876,0.6356943588512086
moead,1,5920,295,moead,20,8,8,0.35,5920,20,593473.0892857101,0.007864929735660553,692272.1785714256,0.00868301372975111,19,1,0,1,9310.682756419992,0.6357213702634937
moead,1,5940,296,moead,20,7,7,0.35,5940,20,593473.0892857101,0.0078108166344463825,690706.5357142828,0.00868301372975111,19,1,0,3,9341.309634980978,0.6357780902326436
moead,1,5960,297,moead,20,8,8,0.35,5960,20,593473.0892857101,0.0078108166344463825,690706.5357142828,0.00868301372975111,18,1,0,3,9372.14831217588,0.6358200704376745
moead,1,5980,298,moead,20,8,8,0.35,5980,20,593473.0892857101,0.0078108166344463825,690706.5357142828,0.00868301372975111,19,1,0,0,9403.225447436795,0.6358456503486049
moead,1,6000,299,moead,20,8,8,0.35,6000,20,593473.0892857101,0.0078108166344463825,690706.5357142828,0.00868301372975111,19,1,0,0,9434.631767608924,0.635848875479786
moead,1,6020,300,moead,20,7,7,0.35,6020,20,593473.0892857101,0.007808365393429995,690123.1964285685,0.00868301372975111,17,1,0,3,9466.232830958907,0.635838998203712
moead,1,6040,301,moead,20,7,7,0.35,6040,20,593473.0892857101,0.007808365393429995,690123.1964285685,0.00868301372975111,18,1,0,0,9497.119932263857,0.6358769861886397
moead,1,6060,302,moead,20,8,8,0.35,6060,20,593473.0892857101,0.007808140479028225,690314.124999997,0.00868301372975111,19,1,0,1,9528.074406944914,0.6359102313037835
moead,1,6080,303,moead,20,8,8,0.35,6080,20,593473.0892857101,0.007808140479028225,690314.124999997,0.00868301372975111,20,1,0,0,9559.114074180834,0.6359375934658399
moead,1,6100,304,moead,20,8,8,0.35,6100,20,593473.0892857101,0.007808140479028225,690314.124999997,0.00868301372975111,20,1,0,0,9592.035842748825,0.6358399926758601
moead,1,6120,305,moead,20,8,8,0.35,6120,20,593425.3035714243,0.007808140479028225,690314.124999997,0.008703596889972687,21,1,0,1,9623.357676546788,0.6358487552543844
moead,1,6140,306,moead,20,8,8,0.35,6140,20,593425.3035714243,0.007808140479028225,690314.124999997,0.008703596889972687,21,1,0,0,9655.35346528492,0.6358130773847174
moead,1,6160,307,moead,20,8,8,0.35,6160,20,593425.3035714243,0.007806869223713875,692221.1964285683,0.008703596889972687,22,1,0,1,9686.570781180868,0.635828730221612
moead,1,6180,308,moead,20,8,8,0.35,6180,20,593425.3035714243,0.007806869223713875,692221.1964285683,0.008703596889972687,22,1,0,0,9719.844970078906,0.6357097277807547
moead,1,6200,309,moead,20,8,8,0.35,6200,20,593425.3035714243,0.007806869223713875,692221.1964285683,0.008703596889972687,22,1,0,0,9751.728372221813,0.635682185084041
moead,1,6220,310,moead,20,8,8,0.35,6220,20,593425.3035714243,0.007806869223713875,692221.1964285683,0.008703596889972687,23,1,0,0,9783.973408338847,0.6356313269105544
moead,1,6240,311,moead,20,8,8,0.35,6240,20,593425.3035714243,0.007806869223713875,692221.1964285683,0.008703596889972687,23,1,0,0,9817.062390132807,0.6355261637402712
moead,1,6260,312,moead,20,8,8,0.35,6260,20,593425.3035714243,0.007806869223713875,692221.1964285683,0.008703596889972687,23,1,0,0,9849.512080051936,0.6354629497512121
moead,1,6280,313,moead,20,8,8,0.35,6280,20,593425.3035714243,0.007806869223713875,692221.1964285683,0.008703596889972687,23,1,0,0,9880.624771106988,0.6354861302253991
moead,1,6300,314,moead,20,8,8,0.35,6300,20,593425.3035714243,0.007806869223713875,692221.1964285683,0.008703596889972687,23,1,0,0,9911.996139094932,0.6354925800621997
moead,1,6320,315,moead,20,8,8,0.35,6320,20,593425.3035714243,0.007806869223713875,692221.1964285683,0.008703596889972687,23,1,0,0,9943.268300743774,0.6355053297241641
moead,1,6340,316,moead,20,8,8,0.35,6340,20,593425.3035714243,0.007806869223713875,692221.1964285683,0.008703596889972687,23,1,0,0,9974.707209728891,0.6355073754763667
moead,1,6360,317,moead,20,8,8,0.35,6360,20,593425.3035714243,0.007806869223713875,692221.1964285683,0.008703596889972687,23,1,0,0,10006.276116835885,0.6355011520520382
moead,1,6380,318,moead,20,8,8,0.35,6380,20,593425.3035714243,0.007795145269483328,690564.874999997,0.008703596889972687,23,1,0,1,10037.606152166845,0.6355100910811238
moead,1,6400,319,moead,20,8,8,0.35,6400,20,593425.3035714243,0.007795145269483328,690564.874999997,0.008703596889972687,19,1,0,8,10068.076154515846,0.6355732616434222
moead,1,6420,320,moead,20,8,8,0.35,6420,20,593425.3035714243,0.007795145269483328,690564.874999997,0.008703596889972687,19,1,1,0,10098.627012495883,0.6356309617195713
moead,1,6440,321,moead,20,8,8,0.35,6440,20,593425.3035714243,0.007795145269483328,690564.874999997,0.008703596889972687,19,1,0,0,10129.348679184914,0.6356775942792535
moead,1,6460,322,moead,20,8,8,0.35,6460,20,593425.3035714243,0.007795145269483328,690564.874999997,0.008703596889972687,19,1,0,0,10160.325998225948,0.6357079488520131
moead,1,6480,323,moead,20,8,8,0.35,6480,20,593425.3035714243,0.007795145269483328,690564.874999997,0.008703596889972687,19,1,0,0,10191.044402662897,0.6357542705149093
moead,1,6500,324,moead,20,8,8,0.35,6500,20,593425.3035714243,0.007795145269483328,690564.874999997,0.008703596889972687,19,1,0,0,10222.707474757917,0.6357415602517671
moead,1,6520,325,moead,20,8,8,0.35,6520,20,593425.3035714243,0.007795145269483328,690564.874999997,0.008703596889972687,19,1,0,0,10254.230605906807,0.6357376043644679
moead,1,6540,326,moead,20,8,8,0.35,6540,20,593425.3035714243,0.007795145269483328,690564.874999997,0.008703596889972687,18,1,0,0,10284.939317169832,0.6357840137261379
moead,1,6560,327,moead,20,8,8,0.35,6560,20,593425.3035714243,0.007795145269483328,690564.874999997,0.008703596889972687,18,1,0,0,10315.588063009782,0.6358338429119357
moead,1,6580,328,moead,20,8,8,0.35,6580,20,593425.3035714243,0.007795145269483328,690564.874999997,0.008703596889972687,18,1,0,0,10347.273648012895,0.6358196587623292
moead,1,6600,329,moead,20,8,8,0.35,6600,20,593425.3035714243,0.007795145269483328,690564.874999997,0.008703596889972687,18,1,0,0,10377.575676624896,0.6358903279177238
moead,1,6620,330,moead,20,8,8,0.35,6620,20,593425.3035714243,0.007795145269483328,690564.874999997,0.008703596889972687,18,1,0,0,10407.78762409999,0.6359660899184014
moead,1,6640,331,moead,20,8,8,0.35,6640,20,593425.3035714243,0.007795145269483328,690564.874999997,0.008703596889972687,19,1,0,8,10438.924660184886,0.6359850478969177
moead,1,6660,332,moead,20,8,8,0.35,6660,20,593425.3035714243,0.007795145269483328,690564.874999997,0.008703596889972687,20,1,0,6,10470.057011996862,0.63600417766302
moead,1,6680,333,moead,20,8,8,0.35,6680,20,593425.3035714243,0.007795145269483328,690564.874999997,0.008703596889972687,21,1,0,0,10500.721997192828,0.6360515021524716
moead,1,6700,334,moead,20,8,8,0.35,6700,20,593425.3035714243,0.007795145269483328,690564.874999997,0.008703596889972687,20,1,0,0,10531.34224467189,0.6361012532271674
moead,1,6720,335,moead,20,8,8,0.35,6720,20,593425.3035714243,0.007795145269483328,690564.874999997,0.008703596889972687,20,1,0,0,10562.798754243879,0.6361003514622928
moead,1,6740,336,moead,20,8,8,0.35,6740,20,593425.3035714243,0.007795145269483328,690564.874999997,0.008703596889972687,21,1,0,0,10594.55550078582,0.636081428758399
moead,1,6760,337,moead,20,8,8,0.35,6760,20,593425.3035714243,0.007795145269483328,690564.874999997,0.008703596889972687,22,1,0,0,10625.70690288581,0.6360988555184351
moead,1,6780,338,moead,20,8,8,0.35,6780,20,593425.3035714243,0.007795145269483328,690564.874999997,0.008703596889972687,22,1,0,0,10657.614038687898,0.6360710732619653
moead,1,6800,339,moead,20,8,8,0.35,6800,20,593425.3035714243,0.007795145269483328,690564.874999997,0.008703596889972687,23,1,0,2,10690.865845166845,0.6359634568863016
moead,1,6820,340,moead,20,8,8,0.35,6820,20,593425.3035714243,0.007795145269483328,690564.874999997,0.008703596889972687,23,1,0,0,10724.228330280865,0.6358499455616694
moead,1,6840,341,moead,20,8,8,0.35,6840,20,593425.3035714243,0.007795145269483328,690564.874999997,0.008703596889972687,24,1,0,2,10758.10139937792,0.6357069659517673
moead,1,6860,342,moead,20,8,8,0.35,6860,20,593425.3035714243,0.007795145269483328,690564.874999997,0.008703596889972687,24,1,0,0,10790.44241083297,0.6356551231962433
moead,1,6880,343,moead,20,8,8,0.35,6880,20,593425.3035714243,0.007795145269483328,690564.874999997,0.008703596889972687,24,1,0,0,10821.86792705278,0.6356573602976342
moead,1,6900,344,moead,20,8,8,0.35,6900,20,593425.3035714243,0.007795145269483328,690564.874999997,0.008703596889972687,25,1,0,0,10853.11449986184,0.6356700650387337
moead,1,6920,345,moead,20,8,8,0.35,6920,20,593425.3035714243,0.007795145269483328,690564.874999997,0.008703596889972687,25,1,0,0,10883.920477453852,0.6357084300949071
moead,1,6940,346,moead,20,8,8,0.35,6940,20,593425.3035714243,0.007795145269483328,690564.874999997,0.008703596889972687,25,1,0,0,10915.167399132857,0.6357208960946638
moead,1,6960,347,moead,20,8,8,0.35,6960,20,593425.3035714243,0.007795145269483328,690564.874999997,0.008703596889972687,25,1,0,0,10947.421797042945,0.6356747852612864
moead,1,6980,348,moead,20,8,8,0.35,6980,20,593425.3035714243,0.007795145269483328,690564.874999997,0.008703596889972687,25,1,0,0,10979.074840283953,0.6356637605195067
moead,1,7000,349,moead,20,8,8,0.35,7000,20,593425.3035714243,0.007795145269483328,690564.874999997,0.008703596889972687,25,1,0,0,11010.20440715598,0.6356830210573625
moead,1,7020,350,moead,20,8,8,0.35,7020,20,593425.3035714243,0.007795145269483328,690564.874999997,0.008703596889972687,25,1,0,0,11040.927052404964,0.6357256022691593
moead,1,7040,351,moead,20,8,8,0.35,7040,20,593425.3035714243,0.007795145269483328,690564.874999997,0.008703596889972687,25,1,0,0,11072.005150365876,0.6357475366390518
moead,1,7060,352,moead,20,8,8,0.35,7060,20,593425.3035714243,0.007795145269483328,690564.874999997,0.008703596889972687,25,1,0,0,11104.30267040385,0.6356995310308192
moead,1,7080,353,moead,20,8,8,0.35,7080,19,593425.3035714243,0.007795145269483328,690564.874999997,0.008703596889972687,26,1,0,7,11135.101925372845,0.6357373329353668
moead,1,7100,354,moead,20,8,8,0.35,7100,19,593425.3035714243,0.007795145269483328,690564.874999997,0.008703596889972687,27,1,1,0,11165.81152334786,0.6357800313175533
moead,1,7120,355,moead,20,7,7,0.4,7120,20,593425.3035714243,0.007795145269483328,690564.874999997,0.008703596889972687,27,1,0,16,11196.376601983793,0.6358307024737488
moead,1,7140,356,moead,20,7,7,0.4,7140,20,593425.3035714243,0.007795145269483328,690564.874999997,0.008703596889972687,27,1,0,0,11227.119948140811,0.6358710010203644
moead,1,7160,357,moead,20,7,7,0.4,7160,20,593425.3035714243,0.007795145269483328,690564.874999997,0.008703596889972687,27,1,0,0,11257.66454906878,0.6359223059806115
moead,1,7180,358,moead,20,7,7,0.4,7180,20,593425.3035714243,0.007795145269483328,690564.874999997,0.008703596889972687,27,1,0,0,11289.290531408973,0.6359124145159205
moead,1,7200,359,moead,20,7,7,0.4,7200,20,593425.3035714243,0.007795145269483328,690564.874999997,0.008703596889972687,27,1,0,0,11319.944912910927,0.6359571583947554
moead,1,7220,360,moead,20,7,7,0.4,7220,20,593425.3035714243,0.007795145269483328,690564.874999997,0.008703596889972687,27,1,0,0,11351.269050589995,0.635964134743576
moead,1,7240,361,moead,20,7,7,0.4,7240,20,593425.3035714243,0.007795145269483328,690564.874999997,0.008703596889972687,28,1,0,16,11382.985550205922,0.6359491513075886
moead,1,7260,362,moead,20,7,7,0.4,7260,20,593425.3035714243,0.007795145269483328,690564.874999997,0.008703596889972687,28,1,0,0,11414.014789827866,0.6359725419726281
moead,1,7280,363,moead,20,7,7,0.4,7280,20,593425.3035714243,0.007795145269483328,690564.874999997,0.008703596889972687,28,1,0,0,11445.110054655932,0.6359921368374142
moead,1,7300,364,moead,20,7,7,0.4,7300,20,593425.3035714243,0.007795145269483328,690564.874999997,0.008703596889972687,30,1,0,0,11476.05876008491,0.6360197479457657
moead,1,7320,365,moead,20,7,7,0.4,7320,20,593425.3035714243,0.007795145269483328,690564.874999997,0.008703596889972687,30,1,0,0,11507.12168814987,0.636040896963588
moead,1,7340,366,moead,20,7,7,0.4,7340,20,593425.3035714243,0.007795145269483328,690564.874999997,0.008703596889972687,30,1,0,0,11538.179188152775,0.6360622313385089
moead,1,7360,367,moead,20,7,7,0.4,7360,20,593425.3035714243,0.007795145269483328,690564.874999997,0.008703596889972687,30,1,0,0,11569.690100046806,0.6360585232935694
moead,1,7380,368,moead,20,7,7,0.4,7380,20,593425.3035714243,0.007795145269483328,690564.874999997,0.008703596889972687,30,1,0,0,11600.92173053883,0.6360701478206824
moead,1,7400,369,moead,20,7,7,0.4,7400,20,593425.3035714243,0.007795145269483328,690564.874999997,0.008703596889972687,30,1,0,0,11631.686055864906,0.6361072646273229
moead,1,7420,370,moead,20,7,7,0.4,7420,20,593425.3035714243,0.007795145269483328,690564.874999997,0.008703596889972687,30,1,0,0,11662.525077590952,0.6361401112230227
moead,1,7440,371,moead,20,7,7,0.4,7440,20,593425.3035714243,0.007795145269483328,690564.874999997,0.008703596889972687,30,1,0,0,11693.030282652937,0.636190946245649
moead,1,7460,372,moead,20,7,7,0.4,7460,20,593425.3035714243,0.007795145269483328,690564.874999997,0.008703596889972687,30,1,0,0,11724.158526543994,0.6362077059187239
moead,1,7480,373,moead,20,7,7,0.4,7480,20,593425.3035714243,0.007795145269483328,690564.874999997,0.008703596889972687,25,1,0,6,11756.021164347883,0.6361846321509975
moead,1,7500,374,moead,20,7,7,0.4,7500,20,593425.3035714243,0.007795145269483328,690564.874999997,0.008703596889972687,26,1,0,0,11786.858303982997,0.6362170314260882
moead,1,7520,375,moead,20,7,7,0.4,7520,20,593425.3035714243,0.007795145269483328,690564.874999997,0.008703596889972687,24,1,0,2,11817.649066848913,0.6362517584899722
moead,1,7540,376,moead,20,6,6,0.4,7540,20,593425.3035714243,0.007795145269483328,690564.874999997,0.008703596889972687,19,1,0,10,11848.09863658878,0.6363046283830208
moead,1,7560,377,moead,20,7,7,0.4,7560,20,593425.3035714243,0.007795145269483328,690564.874999997,0.008703596889972687,20,1,0,7,11878.844224497909,0.636341369340543
moead,1,7580,378,moead,20,5,5,0.45,7580,20,593425.3035714243,0.007786958012729883,679102.2857142829,0.008703596889972687,18,1,0,9,11910.270638917806,0.636341543342851
moead,1,7600,379,moead,20,6,5,0.45,7600,19,593425.3035714243,0.007786958012729883,679102.2857142829,0.008713950403034687,18,1,0,3,11942.447728337953,0.6363017174417697
moead,1,7620,380,moead,20,6,5,0.45,7620,20,593425.3035714243,0.007786958012729883,679102.2857142829,0.008703596889972687,18,1,0,1,11973.491809584899,0.636322312752652
moead,1,7640,381,moead,20,6,5,0.45,7640,20,593425.3035714243,0.007786958012729883,679102.2857142829,0.008703596889972687,18,1,0,0,12004.172114616958,0.6363620853701624
moead,1,7660,382,moead,20,6,5,0.45,7660,20,593425.3035714243,0.007786958012729883,679102.2857142829,0.008703596889972687,18,1,0,0,12035.248590407893,0.6363807064279696
moead,1,7680,383,moead,20,6,5,0.45,7680,20,593425.3035714243,0.007786958012729883,679102.2857142829,0.008703596889972687,18,1,0,0,12065.99391741585,0.6364166974190384
moead,1,7700,384,moead,20,6,5,0.45,7700,20,593425.3035714243,0.007786958012729883,679102.2857142829,0.008703596889972687,18,1,0,0,12096.996217286913,0.6364389854894668
moead,1,7720,385,moead,20,6,5,0.45,7720,20,593425.3035714243,0.007786958012729883,679102.2857142829,0.008703596889972687,19,1,0,0,12129.346913715824,0.6363904054282907
moead,1,7740,386,moead,20,6,5,0.45,7740,20,593425.3035714243,0.007786958012729883,679102.2857142829,0.008703596889972687,19,1,0,0,12161.130583978957,0.6363717539712418
moead,1,7760,387,moead,20,6,5,0.45,7760,20,593425.3035714243,0.007786958012729883,679102.2857142829,0.008703596889972687,19,1,0,0,12193.152584766969,0.6363407614281312
moead,1,7780,388,moead,20,6,6,0.4,7780,20,593425.3035714243,0.007786958012729883,679102.2857142829,0.008703596889972687,20,1,0,9,12225.34396499279,0.6363011153121848
moead,1,7800,389,moead,20,6,6,0.4,7800,20,593425.3035714243,0.007786958012729883,679102.2857142829,0.008703596889972687,20,1,0,0,12256.581486876821,0.6363111939777356
moead,1,7820,390,moead,20,6,6,0.4,7820,20,593425.3035714243,0.007786958012729883,679102.2857142829,0.008703596889972687,20,1,0,0,12288.147257692879,0.6363042235765028
moead,1,7840,391,moead,20,6,5,0.45,7840,20,593134.9999999958,0.007786958012729883,679102.2857142829,0.008712918497622013,21,1,0,10,12320.25492121582,0.636269302066228
moead,1,7860,392,moead,20,7,7,0.4,7860,20,593134.9999999958,0.007786958012729883,679102.2857142829,0.008712918497622013,22,1,0,17,12351.169008600991,0.6362960457044369
moead,1,7880,393,moead,20,7,7,0.4,7880,20,593134.9999999958,0.007786958012729883,679102.2857142829,0.008712918497622013,22,1,0,0,12381.840470039984,0.6363351247388956
moead,1,7900,394,moead,20,7,7,0.4,7900,20,593134.9999999958,0.007786958012729883,679102.2857142829,0.008712918497622013,23,1,0,0,12413.042218489805,0.6363468246514196
moead,1,7920,395,moead,20,7,7,0.4,7920,20,593134.9999999958,0.007786958012729883,679102.2857142829,0.008712918497622013,23,1,0,0,12444.436378636863,0.6363486267320554
moead,1,7940,396,moead,20,7,7,0.4,7940,20,593134.9999999958,0.007786958012729883,679102.2857142829,0.008712918497622013,23,1,0,0,12476.576835242799,0.6363123559320031
moead,1,7960,397,moead,20,7,7,0.4,7960,20,593134.9999999958,0.007786958012729883,679102.2857142829,0.008712918497622013,23,1,0,0,12508.42915219278,0.6362909285539466
moead,1,7980,398,moead,20,8,8,0.35,7980,13,593134.9999999958,0.007784825749695301,679102.2857142829,0.008712918497622013,23,1,0,1,12538.870596319903,0.6363412030379991
moead,1,8000,399,moead,20,8,8,0.35,8000,13,593134.9999999958,0.007784825749695301,679102.2857142829,0.008712918497622013,22,1,0,1,12571.26825330779,0.6362922052749355
moead,1,8020,400,moead,20,8,8,0.35,8020,13,593134.9999999958,0.007784825749695301,679102.2857142829,0.008712918497622013,22,1,0,0,12602.872087108903,0.6362835347827098
moead,1,8040,401,moead,20,8,8,0.35,8040,13,593134.9999999958,0.007784825749695301,679102.2857142829,0.008712918497622013,23,1,0,8,12634.597130857874,0.6362688035668425
moead,1,8060,402,moead,20,8,8,0.35,8060,13,593134.9999999958,0.007784825749695301,679102.2857142829,0.008712918497622013,23,1,0,0,12666.137183933984,0.636263438724019
moead,1,8080,403,moead,20,8,8,0.35,8080,13,593134.9999999958,0.007784825749695301,679102.2857142829,0.008712918497622013,23,1,0,0,12697.44402556587,0.6362697865596579
moead,1,8100,404,moead,20,8,8,0.35,8100,13,593134.9999999958,0.007784825749695301,679102.2857142829,0.008712918497622013,24,1,0,0,12729.185805562884,0.636254362510805
moead,1,8120,405,moead,20,8,8,0.35,8120,13,593134.9999999958,0.007784825749695301,679102.2857142829,0.008712918497622013,24,1,0,0,12760.774964507902,0.6362466247215962
moead,1,8140,406,moead,20,8,8,0.35,8140,11,593134.9999999958,0.007784825749695301,679102.2857142829,0.008712918497622013,21,1,0,6,12792.263989262981,0.636243905444053
moead,1,8160,407,moead,20,8,8,0.35,8160,13,593134.9999999958,0.007784825749695301,679102.2857142829,0.008712918497622013,21,1,0,2,12822.378212368814,0.6363094166205149
moead,1,8180,408,moead,20,8,8,0.35,8180,13,593134.9999999958,0.007784825749695301,679102.2857142829,0.008712918497622013,19,1,0,1,12854.017642693827,0.636299111091458
moead,1,8200,409,moead,20,8,8,0.35,8200,13,593134.9999999958,0.007784825749695301,679102.2857142829,0.008712918497622013,19,1,0,0,12885.29187337379,0.6363068901017633
moead,1,8220,410,moead,20,8,8,0.35,8220,13,593134.9999999958,0.007784825749695301,679102.2857142829,0.008712918497622013,19,1,0,8,12915.889105532784,0.6363479844743498
moead,1,8240,411,moead,20,7,7,0.4,8240,13,593134.9999999958,0.007784825749695301,679102.2857142829,0.008712918497622013,18,1,0,9,12947.909648879897,0.6363189289564392
moead,1,8260,412,moead,20,7,7,0.4,8260,13,593134.9999999958,0.007784825749695301,679102.2857142829,0.008712918497622013,18,1,0,0,12979.55845536897,0.6363082402532484
moead,1,8280,413,moead,20,7,7,0.4,8280,20,593134.9999999958,0.007784825749695301,679102.2857142829,0.008712918497622013,19,1,0,7,13010.879331976874,0.6363136409737257
moead,1,8300,414,moead,20,7,7,0.4,8300,20,593134.9999999958,0.007784825749695301,679102.2857142829,0.008712918497622013,20,1,0,0,13041.582507107873,0.6363491543665741
moead,1,8320,415,moead,20,7,7,0.4,8320,20,593134.9999999958,0.007784825749695301,679102.2857142829,0.008712918497622013,19,1,0,0,13072.995960792992,0.6363499250630366
moead,1,8340,416,moead,20,7,7,0.4,8340,20,593134.9999999958,0.007784825749695301,679102.2857142829,0.008712918497622013,19,1,0,0,13104.840931760846,0.6363297382564659
moead,1,8360,417,moead,20,7,7,0.4,8360,20,593134.9999999958,0.007784825749695301,679102.2857142829,0.008712918497622013,19,1,0,0,13136.161794308806,0.636335036891941
moead,1,8380,418,moead,20,7,7,0.4,8380,20,593134.9999999958,0.007784825749695301,679102.2857142829,0.008712918497622013,19,1,0,0,13167.161783458898,0.6363558174340977
moead,1,8400,419,moead,20,7,7,0.4,8400,20,593134.9999999958,0.007784825749695301,679102.2857142829,0.008712918497622013,19,1,0,0,13199.323413812788,0.6363204943679643
moead,1,8420,420,moead,20,7,7,0.4,8420,20,593134.9999999958,0.007784825749695301,679102.2857142829,0.008712918497622013,19,1,0,0,13230.081749445992,0.6363528328426652
moead,1,8440,421,moead,20,7,7,0.4,8440,20,593134.9999999958,0.007784825749695301,679102.2857142829,0.008712918497622013,19,1,0,0,13261.194067169912,0.6363680342249133
moead,1,8460,422,moead,20,7,7,0.4,8460,20,593134.9999999958,0.007784825749695301,679102.2857142829,0.008712918497622013,19,1,0,0,13291.913979777833,0.6364019518084022
moead,1,8480,423,moead,20,7,7,0.4,8480,20,593134.9999999958,0.007784825749695301,679102.2857142829,0.008712918497622013,19,1,0,0,13323.45010780287,0.6363967239262058
moead,1,8500,424,moead,20,7,7,0.4,8500,20,593134.9999999958,0.007784825749695301,679102.2857142829,0.008712918497622013,19,1,0,0,13354.740490457974,0.6364032312026262
moead,1,8520,425,moead,20,8,8,0.35,8520,20,593134.9999999958,0.007784825749695301,679102.2857142829,0.008712918497622013,20,1,0,6,13386.204828443937,0.6364014378368272
moead,1,8540,426,moead,20,8,7,0.4,8540,20,593134.9999999958,0.007784825749695301,679102.2857142829,0.008712918497622013,20,1,0,2,13420.23233380192,0.6362781051481932
moead,1,8560,427,moead,20,8,7,0.4,8560,20,593134.9999999958,0.007784825749695301,679102.2857142829,0.008712918497622013,20,1,0,0,13452.276065448998,0.6362492085620401
moead,1,8580,428,moead,20,8,8,0.35,8580,18,593134.9999999958,0.007784825749695301,679102.2857142829,0.008712918497622013,20,1,0,6,13483.977089568973,0.6362366194345288
moead,1,8600,429,moead,20,8,7,0.4,8600,20,593134.9999999958,0.007784825749695301,679102.2857142829,0.008712918497622013,21,1,0,2,13514.398896667873,0.6362843116995888
moead,1,8620,430,moead,20,8,7,0.4,8620,20,593134.9999999958,0.007784825749695301,679102.2857142829,0.008712918497622013,21,1,0,0,13545.619916675845,0.6362942451522101
moead,1,8640,431,moead,20,8,7,0.4,8640,20,593134.9999999958,0.007784825749695301,679102.2857142829,0.008712918497622013,20,1,0,1,13576.488606883911,0.6363206459451985
moead,1,8660,432,moead,20,8,7,0.4,8660,20,593134.9999999958,0.007784825749695301,679102.2857142829,0.008712918497622013,20,1,0,0,13608.525273556821,0.6362923113223438
moead,1,8680,433,moead,20,7,7,0.4,8680,20,593134.9999999958,0.007784825749695301,679102.2857142829,0.008712918497622013,20,1,0,8,13640.053683998995,0.6362878182936512
moead,1,8700,434,moead,20,7,7,0.4,8700,20,593134.9999999958,0.007784825749695301,679102.2857142829,0.008712918497622013,19,1,0,0,13671.85187982698,0.636270790267667
moead,1,8720,435,moead,20,7,7,0.4,8720,20,593134.9999999958,0.007784825749695301,679102.2857142829,0.008712918497622013,19,1,0,0,13702.589932261966,0.636303067018857
moead,1,8740,436,moead,20,7,7,0.4,8740,20,593134.9999999958,0.007784825749695301,679102.2857142829,0.008712918497622013,19,1,0,0,13734.202331196982,0.6362946889277673
moead,1,8760,437,moead,20,7,7,0.4,8760,20,593134.9999999958,0.007784825749695301,679102.2857142829,0.008712918497622013,19,1,0,0,13765.090768061811,0.6363198142015091
moead,1,8780,438,moead,20,7,7,0.4,8780,20,593134.9999999958,0.007784825749695301,679102.2857142829,0.008712918497622013,19,1,0,0,13796.418441762915,0.6363245676446889
moead,1,8800,439,moead,20,7,7,0.4,8800,20,593134.9999999958,0.007784825749695301,679102.2857142829,0.008712918497622013,19,1,0,0,13827.911058959784,0.6363217092214876
moead,1,8820,440,moead,20,7,7,0.4,8820,19,593134.9999999958,0.007784825749695301,679102.2857142829,0.008721606805920601,19,1,0,1,13858.808212397853,0.6363462041498398
moead,1,8840,441,moead,20,7,7,0.4,8840,19,593134.9999999958,0.007784825749695301,679102.2857142829,0.008721606805920601,19,1,0,0,13890.861127578886,0.6363176421403471
moead,1,8860,442,moead,20,7,7,0.4,8860,19,593134.9999999958,0.007784825749695301,679102.2857142829,0.008721606805920601,19,1,0,0,13921.37724985485,0.6363594521578221
moead,1,8880,443,moead,20,7,7,0.4,8880,20,593134.9999999958,0.007784825749695301,679102.2857142829,0.008712918497622013,19,1,0,1,13952.365514600882,0.63637954372026
moead,1,8900,444,moead,20,7,7,0.4,8900,20,593134.9999999958,0.007784825749695301,679102.2857142829,0.008712918497622013,19,1,0,0,13983.589587379945,0.6363888145023407
moead,1,8920,445,moead,20,7,7,0.4,8920,20,593134.9999999958,0.007784825749695301,679102.2857142829,0.008712918497622013,19,1,0,0,14014.767294920981,0.636400149379026
moead,1,8940,446,moead,20,7,7,0.4,8940,20,593134.9999999958,0.007784825749695301,679102.2857142829,0.008712918497622013,19,1,0,0,14045.82764070481,0.6364167515550865
moead,1,8960,447,moead,20,7,7,0.4,8960,20,593134.9999999958,0.007784825749695301,679102.2857142829,0.008712918497622013,20,1,0,1,14077.166487689829,0.6364206893364831
moead,1,8980,448,moead,20,7,7,0.4,8980,20,593134.9999999958,0.007784825749695301,679102.2857142829,0.008712918497622013,20,1,0,0,14108.237483377801,0.6364366924344006
moead,1,9000,449,moead,20,7,7,0.4,9000,20,593134.9999999958,0.007784825749695301,679102.2857142829,0.008712918497622013,20,1,0,0,14139.470130220987,0.6364453488795166
moead,1,9020,450,moead,20,7,7,0.4,9020,20,593134.9999999958,0.007784825749695301,679102.2857142829,0.008712918497622013,20,1,0,0,14171.671959440922,0.6364104409001436
moead,1,9040,451,moead,20,7,7,0.4,9040,20,593134.9999999958,0.007784825749695301,679102.2857142829,0.008712918497622013,21,1,0,0,14203.091136407806,0.6364107582770965
moead,1,9060,452,moead,20,7,7,0.4,9060,20,593134.9999999958,0.007784825749695301,679102.2857142829,0.008712918497622013,21,1,0,0,14234.635137994774,0.636405493514893
moead,1,9080,453,moead,20,7,7,0.4,9080,20,593134.9999999958,0.007784825749695301,679102.2857142829,0.008712918497622013,21,1,0,0,14266.2370809149,0.636397667339043
moead,1,9100,454,moead,20,7,7,0.4,9100,20,593134.9999999958,0.007784825749695301,679102.2857142829,0.008712918497622013,21,1,0,0,14297.385081433924,0.6364100811564234
moead,1,9120,455,moead,20,7,7,0.4,9120,20,593134.9999999958,0.007784825749695301,679102.2857142829,0.008712918497622013,21,1,0,8,14329.847654297948,0.6363640577340639
moead,1,9140,456,moead,20,7,7,0.4,9140,20,593134.9999999958,0.007784825749695301,679102.2857142829,0.008712918497622013,21,1,0,0,14361.697942967992,0.6363453706025607
moead,1,9160,457,moead,20,7,7,0.4,9160,20,593134.9999999958,0.007784825749695301,679102.2857142829,0.008712918497622013,21,1,0,0,14393.18425890198,0.6363428575115537
moead,1,9180,458,moead,20,7,7,0.4,9180,20,593134.9999999958,0.007784825749695301,679102.2857142829,0.008712918497622013,21,1,0,0,14424.838461062871,0.6363329492234508
moead,1,9200,459,moead,20,7,7,0.4,9200,20,593134.9999999958,0.007784825749695301,679102.2857142829,0.008712918497622013,21,1,0,0,14456.08785898285,0.6363409028594029
moead,1,9220,460,moead,20,7,7,0.4,9220,20,593134.9999999958,0.007784825749695301,679102.2857142829,0.008712918497622013,21,1,0,0,14488.447541954927,0.6363000572217332
moead,1,9240,461,moead,20,7,7,0.4,9240,20,593134.9999999958,0.007784825749695301,679102.2857142829,0.008712918497622013,22,1,0,0,14521.479329676833,0.6362299453278641
moead,1,9260,462,moead,20,7,7,0.4,9260,20,593134.9999999958,0.007784825749695301,679102.2857142829,0.008712918497622013,22,1,0,0,14553.188901349902,0.6362179493967242
moead,1,9280,463,moead,20,7,7,0.4,9280,20,593134.9999999958,0.007784825749695301,679102.2857142829,0.008712918497622013,22,1,0,0,14585.197953872848,0.636192942279273
moead,1,9300,464,moead,20,7,7,0.4,9300,20,593134.9999999958,0.007784825749695301,679102.2857142829,0.008712918497622013,22,1,0,0,14618.755721283844,0.6361006488713218
moead,1,9320,465,moead,20,7,7,0.4,9320,20,593134.9999999958,0.007784825749695301,679102.2857142829,0.008712918497622013,22,1,0,0,14651.776592160808,0.636032083985363
moead,1,9340,466,moead,20,6,6,0.4,9340,20,592824.21428571,0.007784825749695301,679102.2857142829,0.008673533797264099,18,1,0,2,14683.2566330228,0.6360305641594856
moead,1,9360,467,moead,20,6,6,0.4,9360,20,592824.21428571,0.007784825749695301,679102.2857142829,0.008673533797264099,18,1,0,0,14715.488681494957,0.6359965477578154
moead,1,9380,468,moead,20,6,6,0.4,9380,20,592824.21428571,0.007784825749695301,679102.2857142829,0.008673533797264099,18,1,0,0,14747.203607899835,0.6359849805678294
moead,1,9400,469,moead,20,6,6,0.4,9400,20,592069.6071428531,0.007784825749695301,679102.2857142829,0.008640133775770664,19,1,0,2,14778.337537932908,0.6359984657188082
moead,1,9420,470,moead,20,6,6,0.4,9420,20,592069.6071428531,0.007784825749695301,679102.2857142829,0.008640133775770664,20,1,0,0,14810.280396499904,0.6359771555861955
moead,1,9440,471,moead,20,6,6,0.4,9440,20,592069.4999999959,0.007784825749695301,679102.2857142829,0.00867454893887043,21,1,0,2,14842.644902223954,0.6359378710586617
moead,1,9460,472,moead,20,6,6,0.4,9460,20,592069.4999999959,0.007784825749695301,679102.2857142829,0.00867454893887043,21,1,0,0,14874.414426341886,0.6359241936441248
moead,1,9480,473,moead,20,6,6,0.4,9480,20,592069.4999999959,0.007784825749695301,679102.2857142829,0.00867454893887043,21,1,0,0,14906.748606783804,0.6358864867209386
moead,1,9500,474,moead,20,6,6,0.4,9500,20,592069.4999999959,0.007784825749695301,679102.2857142829,0.00867454893887043,21,1,0,0,14938.542874520877,0.6358719240416318
moead,1,9520,475,moead,20,6,6,0.4,9520,20,592069.4999999959,0.007784825749695301,679102.2857142829,0.00867454893887043,21,1,0,0,14969.909624817781,0.6358755823227535
moead,1,9540,476,moead,20,6,6,0.4,9540,20,592069.4999999959,0.007784825749695301,679102.2857142829,0.00867454893887043,21,1,0,0,15002.324743632926,0.6358347898080534
moead,1,9560,477,moead,20,7,7,0.4,9560,20,591630.9285714246,0.007784825749695301,679102.2857142829,0.008680298924446106,20,1,0,1,15033.305634784978,0.6358548300835316
moead,1,9580,478,moead,20,7,7,0.4,9580,20,591630.9285714246,0.007784825749695301,679102.2857142829,0.008680298924446106,20,1,0,0,15065.24346493883,0.635834397385817
moead,1,9600,479,moead,20,7,7,0.4,9600,20,591630.9285714246,0.007784825749695301,679102.2857142829,0.008680298924446106,20,1,0,0,15097.856045542983,0.6357856354600564
moead,1,9620,480,moead,20,7,7,0.4,9620,20,591630.9285714246,0.007784825749695301,679102.2857142829,0.008680298924446106,21,1,0,0,15129.382465612842,0.635782724236284
moead,1,9640,481,moead,20,7,7,0.4,9640,20,591630.9285714246,0.007784825749695301,679102.2857142829,0.008680298924446106,21,1,0,0,15160.578148500994,0.6357936950414427
moead,1,9660,482,moead,20,7,7,0.4,9660,20,591630.9285714246,0.007784825749695301,679102.2857142829,0.008680298924446106,21,1,0,0,15191.714217584813,0.6358071157512594
moead,1,9680,483,moead,20,7,7,0.4,9680,20,591630.9285714246,0.007784825749695301,679102.2857142829,0.008680298924446106,21,1,0,0,15223.397140427958,0.6357976416640935
moead,1,9700,484,moead,20,7,7,0.4,9700,20,591630.9285714246,0.007784825749695301,679102.2857142829,0.008680298924446106,21,1,0,1,15254.81776071596,0.6357991391399482
moead,1,9720,485,moead,20,7,7,0.4,9720,20,591630.9285714246,0.007784825749695301,679102.2857142829,0.008680298924446106,21,1,0,0,15285.92384606786,0.6358137131829364
moead,1,9740,486,moead,20,7,7,0.4,9740,20,591630.9285714246,0.007784825749695301,679102.2857142829,0.008680298924446106,21,1,0,0,15317.001299038995,0.6358294165980801
moead,1,9760,487,moead,20,7,7,0.4,9760,20,591630.9285714246,0.007784825749695301,679102.2857142829,0.008680298924446106,21,1,0,0,15348.377543478971,0.6358326782329043
moead,1,9780,488,moead,20,7,7,0.4,9780,20,591630.9285714246,0.007784825749695301,679102.2857142829,0.008680298924446106,21,1,0,0,15379.949849857949,0.6358278209919078
moead,1,9800,489,moead,20,7,7,0.4,9800,20,591630.9285714246,0.007784825284034014,680342.2499999971,0.008680298924446106,21,1,0,1,15411.393228894798,0.6358283027668044
moead,1,9820,490,moead,20,7,7,0.4,9820,20,591630.9285714246,0.007784825284034014,680342.2499999971,0.008680298924446106,21,1,0,0,15442.51521824277,0.6358420154509856
moead,1,9840,491,moead,20,7,7,0.4,9840,20,591630.9285714246,0.007784825284034014,680342.2499999971,0.008680298924446106,21,1,1,0,15473.946548984852,0.6358429615129745
moead,1,9860,492,moead,20,7,7,0.4,9860,20,591630.9285714246,0.007784825284034014,680342.2499999971,0.008680298924446106,21,1,0,0,15505.594521103892,0.6358350198427675
moead,1,9880,493,moead,20,7,7,0.4,9880,20,591630.9285714246,0.007784825284034014,680342.2499999971,0.008680298924446106,21,1,0,0,15536.746511324774,0.6358474081300851
moead,1,9900,494,moead,20,7,7,0.4,9900,20,591630.9285714246,0.007784825284034014,680342.2499999971,0.008680298924446106,21,1,0,0,15567.681470507989,0.6358686114405054
moead,1,9920,495,moead,20,7,7,0.4,9920,20,591630.9285714246,0.007784825284034014,680342.2499999971,0.008680298924446106,21,1,0,0,15599.228626986966,0.6358647749312385
moead,1,9940,496,moead,20,7,7,0.4,9940,20,591630.9285714246,0.007784825284034014,680342.2499999971,0.008680298924446106,21,1,0,0,15630.130815667799,0.6358871923219637
moead,1,9960,497,moead,20,7,7,0.4,9960,20,591630.9285714246,0.007784825284034014,680342.2499999971,0.008680298924446106,21,1,0,0,15660.94353837287,0.6359131539934479
moead,1,9980,498,moead,20,7,7,0.4,9980,20,591630.9285714246,0.007784825284034014,680342.2499999971,0.008680298924446106,21,1,0,0,15692.040534830885,0.6359274931676402
moead,1,10000,499,moead,20,7,7,0.4,10000,20,591630.9285714246,0.007784825284034014,680342.2499999971,0.008680298924446106,21,1,0,0,15723.409791468875,0.6359307639126218
nsga2,1,20,0,nsga2,19,20,19,0.05263157894736842,20,1,662805.0714285681,0.009936640039086342,943563.7857142895,0.017045052722096443,1,1,0,0,4.844688004115596,3.9218211748330063
nsga2,1,40,1,nsga2,20,20,20,0.05,40,3,655898.7857142821,0.009936640039086342,898756.1607142842,0.012773118913173676,2,2,0,12,7.749589915154502,4.903485270322514
nsga2,1,60,2,nsga2,20,20,20,0.05,60,4,640714.5178571366,0.009936640039086342,805851.0357142858,0.011461728252470493,2,2,0,11,10.903090714011341,5.319592537688912
nsga2,1,80,3,nsga2,20,20,20,0.05,80,2,628105.4464285657,0.009519827552139759,738050.9464285778,0.011809767223894596,2,2,0,10,13.81579078710638,5.645713748994642
nsga2,1,100,4,nsga2,20,20,20,0.05,100,3,628105.4464285657,0.009519827552139759,678104.3392857153,0.011084352619946003,3,2,0,9,16.561748184030876,5.917249731794214
nsga2,1,120,5,nsga2,20,20,20,0.05,120,2,624664.5357142806,0.009519827552139759,662842.4821428539,0.010242289863526821,2,2,0,9,19.249939477071166,6.129889402538185
nsga2,1,140,6,nsga2,20,20,20,0.05,140,1,620118.9464285665,0.009366781450808048,661618.5714285682,0.010078920982778072,1,2,0,11,21.522898455150425,6.4117758250621035
nsga2,1,160,7,nsga2,20,20,20,0.05,160,1,620118.9464285665,0.009366781450808048,655943.3035714242,0.010078920982778072,1,2,0,11,23.931198986945674,6.602260090946052
nsga2,1,180,8,nsga2,20,20,20,0.05,180,1,620118.9464285665,0.009366781450808048,655943.3035714242,0.010078920982778072,1,2,0,7,26.308154066093266,6.765963113672491
nsga2,1,200,9,nsga2,20,20,20,0.05,200,2,619934.9999999948,0.009366781450808048,640423.0357142797,0.009732055477797985,2,2,0,8,28.697035080054775,6.899667489956669
nsga2,1,220,10,nsga2,20,20,19,0.1,220,3,619934.9999999948,0.009328091517090797,640254.4285714227,0.009732055477797985,3,2,0,7,30.97318746894598,7.038345672965333
nsga2,1,240,11,nsga2,20,20,19,0.1,240,3,611202.2142857102,0.009328091517090797,640254.4285714227,0.009678775444626808,3,2,0,7,33.34671028703451,7.137135805942947
nsga2,1,260,12,nsga2,20,20,20,0.05,260,2,611202.2142857102,0.009310778230428696,645124.1607142795,0.009678775444626808,2,2,0,6,35.86726451315917,7.19318864992739
nsga2,1,280,13,nsga2,20,20,19,0.1,280,2,611202.2142857102,0.009310778230428696,636770.4642857083,0.009763380512595177,2,2,0,11,38.28950054105371,7.26047600704351
nsga2,1,300,14,nsga2,20,20,19,0.1,300,2,611132.3035714244,0.009277881123125553,636506.5535714224,0.009575050324201584,2,2,0,9,40.53509958810173,7.351653333237942
nsga2,1,320,15,nsga2,20,20,20,0.05,320,2,611132.3035714244,0.009259343147277832,626424.9107142799,0.009682053700089455,2,2,0,8,42.94977073208429,7.403997613483138
nsga2,1,340,16,nsga2,20,20,19,0.1,340,5,611132.3035714244,0.009206763468682766,624888.1428571373,0.009682053700089455,4,2,0,8,45.23477691411972,7.472127046005076
nsga2,1,360,17,nsga2,20,20,17,0.15,360,9,609793.910714282,0.009206763468682766,624888.1428571373,0.009507890790700912,5,2,0,10,47.523345788009465,7.533139640398097
nsga2,1,380,18,nsga2,20,20,17,0.15,380,9,609793.910714282,0.009206763468682766,624888.1428571373,0.009507890790700912,5,2,0,1,49.79002343304455,7.591882347842593
nsga2,1,400,19,nsga2,20,20,16,0.2,400,2,609793.910714282,0.009173206984996796,624888.1428571373,0.009507890790700912,2,2,0,8,52.08886663103476,7.640788247883857
nsga2,1,420,20,nsga2,20,20,18,0.1,420,3,609697.9642857104,0.009173206984996796,624888.1428571373,0.009507890790700912,3,2,0,5,54.30211186502129,7.697674835170725
nsga2,1,440,21,nsga2,20,20,19,0.1,440,4,607638.1607142822,0.009173206984996796,618224.8392857095,0.009441100992262363,4,2,0,8,56.51403327914886,7.75028739917599
nsga2,1,460,22,nsga2,20,20,19,0.1,460,4,607638.1607142822,0.009173206984996796,617960.5714285667,0.009441100992262363,4,2,0,6,58.75431803311221,7.7951717479196105
nsga2,1,480,23,nsga2,20,20,18,0.15,480,5,606630.0535714248,0.009173206984996796,617960.5714285667,0.009430845268070698,5,2,0,9,61.35202144109644,7.791104331565077
nsga2,1,500,24,nsga2,20,20,19,0.1,500,9,605770.1249999963,0.009060030803084373,617960.5714285667,0.009430845268070698,9,2,0,6,63.908615252003074,7.792376630854809
nsga2,1,520,25,nsga2,20,20,19,0.1,520,9,604245.5357142821,0.009060030803084373,617960.5714285667,0.009357422590255737,9,2,0,4,66.6001529970672,7.777759910293459
nsga2,1,540,26,nsga2,20,20,20,0.05,540,9,604245.5357142821,0.009060030803084373,610895.8392857102,0.009347953833639622,9,2,0,6,69.19468420301564,7.77516374554901
nsga2,1,560,27,nsga2,20,20,20,0.05,560,5,603486.9464285679,0.009060030803084373,611339.3749999959,0.009384497068822384,5,2,0,7,71.40994684700854,7.814037464493301
nsga2,1,580,28,nsga2,20,20,20,0.05,580,5,599562.6428571393,0.009060030803084373,611703.7142857102,0.009384497068822384,5,2,0,6,73.57570575200953,7.855853968267419
nsga2,1,600,29,nsga2,20,20,20,0.05,600,6,599562.6428571393,0.009060030803084373,611703.7142857102,0.009472847916185856,6,2,0,7,75.76439641602337,7.892889381925166
nsga2,1,620,30,nsga2,20,20,20,0.05,620,5,599562.6428571393,0.009060030803084373,611703.7142857102,0.009472847916185856,5,2,0,3,77.88474746304564,7.934801358805529
nsga2,1,640,31,nsga2,20,20,20,0.05,640,6,599562.6428571393,0.009060030803084373,611703.7142857102,0.009472847916185856,6,2,0,6,80.01885457593016,7.973120877337723
nsga2,1,660,32,nsga2,20,20,20,0.05,660,9,599562.6428571393,0.009060030803084373,611703.7142857102,0.009461288340389729,9,2,0,6,82.34819611604325,7.990460399068863
nsga2,1,680,33,nsga2,20,20,18,0.1,680,12,599562.6428571393,0.009060030803084373,611434.7321428531,0.009286479093134403,8,2,0,6,84.50424358714372,8.023265710920455
nsga2,1,700,34,nsga2,20,20,18,0.1,700,16,599562.6428571393,0.009060030803084373,611434.7321428531,0.009281028062105179,10,2,0,5,86.61741787102073,8.058425397064708
nsga2,1,720,35,nsga2,20,20,18,0.1,720,19,599419.553571425,0.009049340151250362,609739.8214285675,0.00928181130439043,11,2,0,6,88.83638424705714,8.082274015151455
nsga2,1,740,36,nsga2,20,20,19,0.1,740,17,599371.9821428537,0.009049340151250362,609739.8214285675,0.0092943599447608,14,2,0,7,90.9522451821249,8.11414823814642
nsga2,1,760,37,nsga2,20,20,19,0.1,760,16,599021.7499999965,0.009049340151250362,611507.8928571388,0.0092943599447608,13,2,0,3,93.09114311612211,8.142557655076477
nsga2,1,780,38,nsga2,20,20,19,0.1,780,19,599021.7499999965,0.009049340151250362,609739.8214285675,0.0092943599447608,14,2,0,3,95.93308910098858,8.109819117583099
nsga2,1,800,39,nsga2,20,20,20,0.05,800,7,599021.7499999965,0.009049340151250362,609739.8214285675,0.0092943599447608,7,2,0,3,99.44714273395948,8.024363275421656
nsga2,1,820,40,nsga2,20,20,20,0.05,820,8,599021.7499999965,0.009049340151250362,610550.8928571388,0.0092943599447608,7,2,0,5,102.99701354210265,7.941977848373455
nsga2,1,840,41,nsga2,20,20,20,0.05,840,7,599021.7499999965,0.009049340151250362,610598.7321428531,0.0092943599447608,6,2,0,7,108.18724534497596,7.745829901924898
nsga2,1,860,42,nsga2,20,20,19,0.1,860,11,599021.7499999965,0.009049340151250362,609835.1785714246,0.00927389319986105,6,2,0,5,113.20765875908546,7.578992529347237
nsga2,1,880,43,nsga2,20,20,19,0.1,880,11,599021.7499999965,0.009049340151250362,609835.1785714246,0.00927389319986105,6,2,0,1,117.97409903304651,7.44231155140297
nsga2,1,900,44,nsga2,20,20,18,0.1,900,12,598926.3928571393,0.009049340151250362,609835.1785714246,0.009294421412050724,7,2,0,3,123.01982051809318,7.2996367269770674
nsga2,1,920,45,nsga2,20,20,18,0.1,920,11,598926.3928571393,0.009049340151250362,609835.1785714246,0.009294421412050724,7,2,0,3,125.18329985206947,7.33324653595816
nsga2,1,940,46,nsga2,20,20,17,0.1,940,14,598926.3928571393,0.009049340151250362,609835.1785714246,0.009294421412050724,7,2,0,5,127.41068362095393,7.362019991906995
nsga2,1,960,47,nsga2,20,20,18,0.1,960,18,598926.3928571393,0.009049340151250362,609835.1785714246,0.009294421412050724,8,2,0,4,129.65038097603247,7.389102853288943
nsga2,1,980,48,nsga2,20,20,18,0.1,980,20,598823.089285711,0.009049340151250362,609739.8214285675,0.009250696748495102,8,2,0,3,131.82201248314232,7.419094744324805
nsga2,1,1000,49,nsga2,20,20,19,0.1,1000,20,598823.089285711,0.009049340151250362,609739.8214285675,0.009250696748495102,9,2,0,5,133.9761861129664,7.449085012455152
nsga2,1,1020,50,nsga2,20,20,20,0.05,1020,20,598823.089285711,0.009049340151250362,609739.8214285675,0.009250696748495102,11,2,0,4,136.13602117612027,7.477815138162479
nsga2,1,1040,51,nsga2,20,20,20,0.05,1040,12,598823.089285711,0.009048473089933395,609739.8214285675,0.009250696748495102,10,2,0,7,138.37253116909415,7.501488852086851
nsga2,1,1060,52,nsga2,20,20,20,0.05,1060,12,598770.7499999966,0.009048473089933395,609739.8214285675,0.009250696748495102,9,2,0,6,140.6107296431437,7.524319109111379
nsga2,1,1080,53,nsga2,20,20,20,0.05,1080,15,598770.7499999966,0.009048473089933395,609739.8214285675,0.009250696748495102,10,2,0,4,143.02699662814848,7.5370386389547095
nsga2,1,1100,54,nsga2,20,20,20,0.05,1100,18,598770.7499999966,0.009048473089933395,609739.8214285675,0.009250696748495102,14,2,0,6,145.56197879998945,7.543178576245623
nsga2,1,1120,55,nsga2,20,20,20,0.05,1120,18,598770.7499999966,0.009048473089933395,609739.8214285675,0.009250696748495102,14,2,0,2,148.0042614149861,7.553836553835858
nsga2,1,1140,56,nsga2,20,20,20,0.05,1140,17,598770.7499999966,0.009048473089933395,609739.8214285675,0.009250696748495102,14,2,0,4,150.53023394406773,7.559943077102004
nsga2,1,1160,57,nsga2,20,20,20,0.05,1160,15,598770.7499999966,0.009048473089933395,609739.8214285675,0.009250696748495102,13,2,0,7,152.97828024206683,7.56970203984269
nsga2,1,1180,58,nsga2,20,20,20,0.05,1180,17,598770.7499999966,0.009048473089933395,609739.8214285675,0.009250696748495102,15,2,0,3,155.3955026869662,7.580656966456757
nsga2,1,1200,59,nsga2,20,20,20,0.05,1200,7,598770.7499999966,0.00904487818479538,609549.1071428532,0.009250696748495102,7,2,0,4,157.85364285903051,7.589308541139345
nsga2,1,1220,60,nsga2,20,20,20,0.05,1220,1,597580.3035714253,0.008975442498922348,609549.1071428532,0.009250696748495102,1,2,0,5,160.30216320697218,7.598150740033335
nsga2,1,1240,61,nsga2,20,20,20,0.05,1240,3,595535.3214285682,0.008975442498922348,609549.1071428532,0.00919033121317625,3,2,0,7,162.77719307504594,7.605488069997858
nsga2,1,1260,62,nsga2,20,20,20,0.05,1260,7,595487.6428571397,0.008953443728387356,600360.8749999965,0.009210595861077309,7,2,0,10,165.21327968803234,7.614400019026597
nsga2,1,1280,63,nsga2,20,20,19,0.1,1280,3,595487.6428571397,0.008935033343732357,601570.8392857108,0.009210595861077309,3,2,0,12,167.5614880961366,7.627050908420921
nsga2,1,1300,64,nsga2,20,20,19,0.1,1300,6,595487.6428571397,0.008885546587407589,599274.3928571395,0.009087364189326763,4,2,0,10,169.92036071815528,7.638872672551443
nsga2,1,1320,65,nsga2,20,20,20,0.05,1320,4,593961.8214285685,0.008885546587407589,599274.3928571395,0.009053601883351803,4,2,0,12,172.0705986060202,7.659646741961687
nsga2,1,1340,66,nsga2,20,20,19,0.1,1340,7,593961.8214285685,0.008885546587407589,599274.3928571395,0.009053601883351803,6,2,0,7,174.2038881080225,7.680655205412616
nsga2,1,1360,67,nsga2,20,20,19,0.1,1360,8,593961.8214285685,0.008885546587407589,597533.3214285681,0.00908282957971096,7,2,0,5,176.27503259596415,7.703870366670928
nsga2,1,1380,68,nsga2,20,20,18,0.15,1380,9,593347.7142857113,0.008885546587407589,597533.3214285681,0.00908282957971096,6,2,0,5,178.36292900913395,7.725820649252921
nsga2,1,1400,69,nsga2,20,20,18,0.15,1400,9,593347.7142857113,0.008885546587407589,597533.3214285681,0.009053586050868034,6,2,0,7,180.42315260204487,7.748451237206435
nsga2,1,1420,70,nsga2,20,20,17,0.15,1420,6,593347.7142857113,0.008885546587407589,596562.1607142823,0.009101193398237228,4,2,0,6,182.4919430881273,7.770206048577348
nsga2,1,1440,71,nsga2,20,20,19,0.1,1440,10,593347.7142857113,0.008885546587407589,596562.1607142823,0.009009949862957,7,2,0,5,184.58511420409195,7.790444024700893
nsga2,1,1460,72,nsga2,20,20,19,0.1,1460,11,593347.7142857113,0.008885546587407589,596562.1607142823,0.009009949862957,7,2,0,3,186.85919093200937,7.802666771315028
nsga2,1,1480,73,nsga2,20,20,19,0.1,1480,14,593347.7142857113,0.008885546587407589,596562.1607142823,0.009009949862957,8,2,0,3,188.93196586007252,7.822921829409438
nsga2,1,1500,74,nsga2,20,20,20,0.05,1500,6,593122.2499999971,0.00888396892696619,596072.7499999967,0.009004577994346619,4,2,0,6,191.0895893019624,7.839254903797191
nsga2,1,1520,75,nsga2,20,20,19,0.1,1520,6,592435.3571428544,0.00888396892696619,596072.7499999967,0.009004577994346619,6,2,0,6,193.15713293710724,7.8588865806693615
nsga2,1,1540,76,nsga2,20,20,20,0.05,1540,7,592387.6785714257,0.00888396892696619,596072.7499999967,0.008993555791676044,6,2,0,5,195.20175232412294,7.879027630070792
nsga2,1,1560,77,nsga2,20,20,19,0.1,1560,7,592387.6785714257,0.00888396892696619,596072.7499999967,0.008993555791676044,5,2,0,3,197.2975909409579,7.896700575863787
nsga2,1,1580,78,nsga2,20,20,19,0.1,1580,3,592387.6785714257,0.00887923501431942,595738.6785714254,0.009064843878149986,3,2,0,9,199.39851407008246,7.913800197354437
nsga2,1,1600,79,nsga2,20,20,19,0.1,1600,4,592387.6785714257,0.00887923501431942,595738.6785714254,0.008993555791676044,3,2,0,3,201.67370214802213,7.923690510858568
nsga2,1,1620,80,nsga2,20,20,19,0.1,1620,6,592387.6785714257,0.008878958411514759,596318.4464285681,0.008993555791676044,4,2,0,6,203.7931726849638,7.939422006551737
nsga2,1,1640,81,nsga2,20,20,19,0.1,1640,11,592213.89285714,0.008873477578163147,596318.4464285681,0.008993555791676044,7,2,0,6,205.86697544297203,7.956594283640935
nsga2,1,1660,82,nsga2,20,20,19,0.1,1660,12,592213.89285714,0.008873477578163147,596318.4464285681,0.008987677283585072,8,2,0,4,207.9401019611396,7.973449971231867
nsga2,1,1680,83,nsga2,20,20,19,0.1,1680,13,592213.89285714,0.008870957419276237,595291.4999999967,0.008987677283585072,8,2,0,3,210.10360670508817,7.98653591109135
nsga2,1,1700,84,nsga2,20,20,19,0.1,1700,12,592213.89285714,0.008870957419276237,595291.4999999967,0.008987677283585072,7,2,0,4,212.2438641290646,8.000231276261788
nsga2,1,1720,85,nsga2,20,20,19,0.1,1720,6,592213.89285714,0.008858940564095974,595213.1785714254,0.009008768945932388,5,2,0,6,214.29519934905693,8.016978472773056
nsga2,1,1740,86,nsga2,20,20,20,0.05,1740,4,592160.6964285686,0.008858940564095974,595213.1785714254,0.009008768945932388,4,2,0,4,216.33306921296753,8.033908113645992
nsga2,1,1760,87,nsga2,20,20,19,0.1,1760,5,592160.6964285686,0.008852390572428703,595213.1785714254,0.009008768945932388,3,2,0,5,218.38726182305254,8.04992006092559
nsga2,1,1780,88,nsga2,20,20,18,0.1,1780,8,592160.6964285686,0.008852390572428703,594777.8214285683,0.008990250527858734,3,2,0,5,220.54831460607238,8.06172562767363
nsga2,1,1800,89,nsga2,20,20,18,0.1,1800,9,592160.6964285686,0.008852390572428703,594777.8214285683,0.008990250527858734,3,2,0,2,222.61502573103644,8.076723456090265
nsga2,1,1820,90,nsga2,20,20,18,0.1,1820,10,592160.6964285686,0.008849822916090488,594777.8214285683,0.008990250527858734,3,2,0,3,224.75820010714233,8.088692644510228
nsga2,1,1840,91,nsga2,20,20,18,0.1,1840,15,592160.6964285686,0.008849822916090488,593734.6249999969,0.008990250527858734,3,2,0,5,226.90713715506718,8.100230001773458
nsga2,1,1860,92,nsga2,20,20,17,0.1,1860,20,591907.4642857115,0.008849822916090488,593639.1607142827,0.008932819589972496,4,2,0,5,229.03793982602656,8.112193121416068
nsga2,1,1880,93,nsga2,20,20,19,0.1,1880,20,591907.4642857115,0.008849822916090488,593639.1607142827,0.008932819589972496,5,2,0,7,231.12364225904457,8.125520962044757
nsga2,1,1900,94,nsga2,20,20,18,0.1,1900,20,591907.4642857115,0.008849822916090488,593639.1607142827,0.008932819589972496,5,2,0,5,233.2154370851349,8.138397799572497
nsga2,1,1920,95,nsga2,20,20,19,0.1,1920,6,591888.9285714258,0.008849822916090488,593646.8035714255,0.008932819589972496,3,2,0,4,235.3637969531119,8.149086753482717
nsga2,1,1940,96,nsga2,20,20,18,0.15,1940,7,591888.9285714258,0.008849822916090488,593646.8035714255,0.008932819589972496,3,2,0,1,237.63966550212353,8.155204207618624
nsga2,1,1960,97,nsga2,20,20,18,0.15,1960,7,591888.9285714258,0.008836152963340282,593639.1607142827,0.008932819589972496,5,2,0,5,239.7255115241278,8.167674719104445
nsga2,1,1980,98,nsga2,20,20,18,0.15,1980,8,591888.9285714258,0.008836152963340282,593639.1607142827,0.008932819589972496,6,2,0,3,241.8604427371174,8.178269987498224
nsga2,1,2000,99,nsga2,20,20,18,0.15,2000,10,591888.9285714258,0.008833291940391064,611169.4821428531,0.008932819589972496,7,2,0,5,243.9115323559381,8.191494599297318
nsga2,1,2020,100,nsga2,20,20,17,0.15,2020,13,591888.9285714258,0.008833291940391064,611169.4821428531,0.008932819589972496,8,2,0,3,246.0852839939762,8.200409090896299
nsga2,1,2040,101,nsga2,20,20,16,0.15,2040,14,591888.9285714258,0.008833291940391064,611169.4821428531,0.008932819589972496,8,2,0,3,248.1732625879813,8.212004704888372
nsga2,1,2060,102,nsga2,20,20,16,0.15,2060,10,591698.535714283,0.008833291940391064,611169.4821428531,0.008919203653931618,7,2,0,2,250.27603793796152,8.222920647761482
nsga2,1,2080,103,nsga2,20,20,17,0.15,2080,11,591507.6071428545,0.008833291940391064,611169.4821428531,0.00891950074583292,8,2,0,2,252.32680124696344,8.235351891795945
nsga2,1,2100,104,nsga2,20,20,18,0.1,2100,9,591507.6071428545,0.008833291940391064,611169.4821428531,0.00891950074583292,6,2,0,3,254.41304484009743,8.246432494523328
nsga2,1,2120,105,nsga2,20,20,19,0.1,2120,13,591507.6071428545,0.008833291940391064,611169.4821428531,0.008954808115959167,7,2,0,5,256.4752811731305,8.258105772658341
nsga2,1,2140,106,nsga2,20,20,19,0.1,2140,15,591507.6071428545,0.008833291940391064,611169.4821428531,0.00891950074583292,7,2,0,4,258.57233179104514,8.268479404547191
nsga2,1,2160,107,nsga2,20,20,19,0.1,2160,15,591507.6071428544,0.008833291940391064,611169.4821428531,0.008919746614992619,9,2,0,6,260.6452773490455,8.279451758913302
nsga2,1,2180,108,nsga2,20,20,18,0.1,2180,11,591507.6071428544,0.008833291940391064,611169.4821428531,0.008919746614992619,8,2,0,6,262.83774652401917,8.286481027948417
nsga2,1,2200,109,nsga2,20,20,19,0.1,2200,10,591316.8928571402,0.008833291940391064,611169.4821428531,0.008919746614992619,7,2,0,4,265.2981225871481,8.28501905164435
nsga2,1,2220,110,nsga2,20,20,19,0.1,2220,11,591316.8928571402,0.008833291940391064,611169.4821428531,0.008919746614992619,8,2,0,3,267.77520519611426,8.283067128547517
nsga2,1,2240,111,nsga2,20,20,19,0.1,2240,13,591316.8928571402,0.008833291940391064,611169.4821428531,0.008919746614992619,9,2,0,2,270.1079065881204,8.285577524439743
nsga2,1,2260,112,nsga2,20,20,19,0.1,2260,16,591316.8928571402,0.008833291940391064,611169.4821428531,0.008919746614992619,9,2,0,3,272.53926050895825,8.28504486209898
nsga2,1,2280,113,nsga2,20,20,19,0.1,2280,18,591316.8928571402,0.008833291940391064,611169.4821428531,0.008900713175535202,9,2,0,2,274.6224067909643,8.29502598356425
nsga2,1,2300,114,nsga2,20,20,18,0.1,2300,20,591316.8928571402,0.008833291940391064,611169.4821428531,0.008900713175535202,10,2,0,2,276.73659038497135,8.30392539274704
nsga2,1,2320,115,nsga2,20,20,19,0.1,2320,20,591316.8928571402,0.008833291940391064,611169.4821428531,0.008900713175535202,10,2,0,4,278.8169499260839,8.313698290633035
nsga2,1,2340,116,nsga2,20,20,19,0.1,2340,20,591316.8928571402,0.008833291940391064,611169.4821428531,0.008900713175535202,10,2,0,0,280.91132508195005,8.322911151118372
nsga2,1,2360,117,nsga2,20,20,19,0.1,2360,19,591316.8928571402,0.008833291940391064,611169.4821428531,0.008900713175535202,10,2,0,2,282.97461569611914,8.332902914981638
nsga2,1,2380,118,nsga2,20,20,19,0.1,2380,20,591316.8928571402,0.008833291940391064,611169.4821428531,0.008900713175535202,10,2,0,1,285.08702079905197,8.341312744911562
nsga2,1,2400,119,nsga2,20,20,19,0.1,2400,20,591316.8928571402,0.008833291940391064,611169.4821428531,0.008900713175535202,11,2,0,3,287.2705257621128,8.34753232563013
nsga2,1,2420,120,nsga2,20,20,19,0.1,2420,20,591316.8928571402,0.008833291940391064,611169.4821428531,0.008900713175535202,11,2,0,0,289.42546220193617,8.354482641589176
nsga2,1,2440,121,nsga2,20,20,19,0.1,2440,20,591316.8928571402,0.008833291940391064,611169.4821428531,0.008900713175535202,11,2,0,1,291.5082907639444,8.36339849412457
nsga2,1,2460,122,nsga2,20,20,19,0.1,2460,20,591316.8928571402,0.008833291940391064,611169.4821428531,0.008900713175535202,10,2,0,2,293.67023453698494,8.369932362656382
nsga2,1,2480,123,nsga2,20,20,19,0.1,2480,20,591316.8928571402,0.008833291940391064,611169.4821428531,0.008900713175535202,10,2,0,0,295.7523574291263,8.378631438614399
nsga2,1,2500,124,nsga2,20,20,19,0.1,2500,20,591316.8928571402,0.008833291940391064,611169.4821428531,0.008900713175535202,10,2,0,0,297.80332902795635,8.388086218356209
nsga2,1,2520,125,nsga2,20,20,19,0.1,2520,20,591316.8928571402,0.008833291940391064,611169.4821428531,0.008900713175535202,11,2,0,2,300.0367721200455,8.392304657218954
nsga2,1,2540,126,nsga2,20,20,19,0.1,2540,20,591316.8928571402,0.008833291940391064,611169.4821428531,0.008900713175535202,11,2,0,1,302.124886933947,8.400499627013112
nsga2,1,2560,127,nsga2,20,20,19,0.1,2560,20,591294.3928571402,0.008833291940391064,611169.4821428531,0.008957103826105595,12,2,0,3,304.29655812098645,8.406273195449536
nsga2,1,2580,128,nsga2,20,20,20,0.05,2580,20,591294.3928571402,0.008833291940391064,611169.4821428531,0.008957103826105595,12,2,0,4,306.3580419239588,8.414990459561318
nsga2,1,2600,129,nsga2,20,20,20,0.05,2600,19,591294.3928571402,0.008833291940391064,611694.8571428531,0.008957103826105595,12,2,0,5,308.4454860780388,8.42288221829477
nsga2,1,2620,130,nsga2,20,20,20,0.05,2620,20,591294.3928571402,0.008833291940391064,611169.4821428531,0.008957103826105595,13,2,0,1,310.4982803380117,8.431608694096527
nsga2,1,2640,131,nsga2,20,20,20,0.05,2640,20,591294.3928571402,0.008833291940391064,611169.4821428531,0.008957103826105595,13,2,0,1,312.7312064289581,8.435359010451885
nsga2,1,2660,132,nsga2,20,20,20,0.05,2660,18,591294.3928571402,0.008833291940391064,611169.4821428531,0.008957103826105595,12,2,0,2,314.928545756964,8.440009760344894
nsga2,1,2680,133,nsga2,20,20,17,0.15,2680,20,591294.3928571402,0.008833291940391064,611169.4821428531,0.008957103826105595,12,2,0,3,316.97843143506907,8.448524361344663
nsga2,1,2700,134,nsga2,20,20,17,0.15,2700,19,591294.3928571402,0.008833291940391064,611169.4821428531,0.008957103826105595,12,2,0,2,319.13747507799417,8.454036929823532
nsga2,1,2720,135,nsga2,20,20,16,0.15,2720,20,591294.3928571402,0.008833291940391064,611169.4821428531,0.008957103826105595,12,2,0,2,321.2026752119418,8.461946956719958
nsga2,1,2740,136,nsga2,20,20,16,0.15,2740,20,591294.3928571402,0.008833291940391064,611169.4821428531,0.008957103826105595,12,2,0,1,323.2266080409754,8.470837276035468
nsga2,1,2760,137,nsga2,20,20,17,0.1,2760,20,591294.3928571402,0.008833291940391064,611169.4821428531,0.008957103826105595,12,2,0,2,325.337474324042,8.477351112810885
nsga2,1,2780,138,nsga2,20,20,18,0.1,2780,20,591294.3928571402,0.008833291940391064,611169.4821428531,0.008957103826105595,12,2,0,2,327.4066964001395,8.484860054923471
nsga2,1,2800,139,nsga2,20,20,18,0.1,2800,16,591294.3928571402,0.008812262676656246,611169.4821428531,0.008957103826105595,12,2,0,3,329.48681729100645,8.491993770812309
nsga2,1,2820,140,nsga2,20,20,17,0.1,2820,19,591294.3928571402,0.008812262676656246,593641.5714285685,0.008957103826105595,12,2,0,3,331.55123267509043,8.499440575935212
nsga2,1,2840,141,nsga2,20,20,16,0.1,2840,20,591294.3928571402,0.008812262676656246,593641.5714285685,0.008957103826105595,12,2,0,3,333.61608843994327,8.506783990157865
nsga2,1,2860,142,nsga2,20,20,16,0.1,2860,17,591294.3928571402,0.008812262676656246,593641.5714285685,0.008957103826105595,10,2,0,4,335.8397092381492,8.51001213192853
nsga2,1,2880,143,nsga2,20,20,16,0.1,2880,6,590124.8214285688,0.008812262676656246,593641.5714285685,0.008957103826105595,6,2,0,4,338.08723333501257,8.512595910855271
nsga2,1,2900,144,nsga2,20,20,19,0.1,2900,8,590124.8214285688,0.008806454949080944,593641.5714285685,0.009022513404488564,7,2,0,4,340.3297194209881,8.515271616391432
nsga2,1,2920,145,nsga2,20,20,20,0.05,2920,7,590124.8214285688,0.008806454949080944,593641.5714285685,0.009022513404488564,7,2,0,6,342.4130881431047,8.521870515593378
nsga2,1,2940,146,nsga2,20,20,20,0.05,2940,5,590124.8214285688,0.008798515424132347,593204.9107142827,0.009047608822584152,5,2,0,5,344.60687697911635,8.52565690433986
nsga2,1,2960,147,nsga2,20,20,20,0.05,2960,5,590124.8214285688,0.008798515424132347,593204.9107142827,0.009047608822584152,5,2,0,3,346.80442419694737,8.529302954682539
nsga2,1,2980,148,nsga2,20,20,20,0.05,2980,8,590124.8214285688,0.008798515424132347,593204.9107142827,0.009047608822584152,5,2,0,4,349.0327802160755,8.532149897658357
nsga2,1,3000,149,nsga2,20,20,20,0.05,3000,12,590124.8214285688,0.008798515424132347,593090.124999997,0.008895178325474262,6,2,0,8,351.3260297321249,8.533384225148025
nsga2,1,3020,150,nsga2,20,20,20,0.05,3020,7,590124.8214285688,0.008798515424132347,593090.124999997,0.008895178325474262,4,2,0,7,353.3550746620167,8.540983889609368
nsga2,1,3040,151,nsga2,20,20,20,0.05,3040,8,590124.8214285688,0.008798515424132347,593090.124999997,0.008895178325474262,4,2,0,3,355.3649701150134,8.548957425423094
nsga2,1,3060,152,nsga2,20,20,20,0.05,3060,11,590124.8214285688,0.008798515424132347,593090.124999997,0.008895178325474262,4,2,0,4,357.6477070071269,8.550313451161209
nsga2,1,3080,153,nsga2,20,20,18,0.15,3080,17,590124.8214285688,0.008798515424132347,593090.124999997,0.008895178325474262,4,2,0,7,359.70193274714984,8.55708496335398
nsga2,1,3100,154,nsga2,20,20,17,0.2,3100,20,590124.8214285688,0.008798515424132347,593083.0892857113,0.008883834816515446,4,2,0,6,361.75916506908834,8.563708398122678
nsga2,1,3120,155,nsga2,20,20,18,0.15,3120,20,589934.1071428546,0.008798515424132347,593083.0892857113,0.008884446695446968,6,2,0,7,363.8086031069979,8.570440537611423
nsga2,1,3140,156,nsga2,20,20,19,0.1,3140,20,589934.1071428546,0.008798515424132347,593083.0892857113,0.008884446695446968,7,2,0,5,365.8892853280995,8.576364834477454
nsga2,1,3160,157,nsga2,20,20,20,0.05,3160,10,589934.1071428546,0.008798515424132347,593083.0892857113,0.008884446695446968,7,2,0,5,368.0011005511042,8.581496075067987
nsga2,1,3180,158,nsga2,20,20,20,0.05,3180,10,589934.1071428546,0.008798515424132347,593083.0892857113,0.008884446695446968,7,2,0,3,370.07758109108545,8.587388597359574
nsga2,1,3200,159,nsga2,20,20,19,0.1,3200,15,589934.1071428546,0.008798515424132347,593083.0892857113,0.008893216028809547,7,2,0,7,372.0994878381025,8.59447568331893
nsga2,1,3220,160,nsga2,20,20,19,0.1,3220,9,589838.7499999976,0.008798515424132347,593083.0892857113,0.008884446695446968,7,2,0,4,374.1719043960329,8.600325043630182
nsga2,1,3240,161,nsga2,20,20,20,0.05,3240,8,589838.7499999976,0.008798515424132347,593083.0892857113,0.008884446695446968,7,2,0,6,376.195097533986,8.607236035837694
nsga2,1,3260,162,nsga2,20,20,19,0.1,3260,2,589813.1607142825,0.008798515424132347,593083.0892857113,0.008884446695446968,2,2,0,5,378.34495043195784,8.61118932942102
nsga2,1,3280,163,nsga2,20,20,19,0.1,3280,5,589717.8035714254,0.008798515424132347,593867.5535714255,0.00888292957097292,3,2,0,10,380.59843752207235,8.612752120953981
nsga2,1,3300,164,nsga2,20,20,20,0.05,3300,6,589717.8035714254,0.008798515424132347,593867.5535714255,0.008880553767085075,4,2,0,6,382.69012946798466,8.61793849918438
nsga2,1,3320,165,nsga2,20,20,20,0.05,3320,6,589717.8035714254,0.008798515424132347,593867.5535714255,0.008880553767085075,4,2,0,3,384.7558826620225,8.623649824516393
nsga2,1,3340,166,nsga2,20,20,19,0.1,3340,10,589717.8035714254,0.008798515424132347,593867.5535714255,0.008880553767085075,4,2,0,7,386.825165779097,8.629221403620416
nsga2,1,3360,167,nsga2,20,20,19,0.1,3360,15,589717.8035714254,0.008798515424132347,593867.5535714255,0.008880553767085075,4,2,0,5,388.8988789070863,8.634635331006638
nsga2,1,3380,168,nsga2,20,20,20,0.05,3380,13,589717.8035714254,0.008798515424132347,593083.0892857113,0.008880553767085075,4,2,0,4,390.9324709190987,8.640878543698813
nsga2,1,3400,169,nsga2,20,20,20,0.05,3400,20,589717.8035714254,0.008784404024481773,605792.2321428529,0.008816197514533997,5,2,0,8,392.9352702591568,8.647734772597229
nsga2,1,3420,170,nsga2,20,20,20,0.05,3420,20,589717.8035714254,0.008784404024481773,605792.2321428529,0.008816197514533997,6,2,0,8,394.94773070304655,8.654309758700519
nsga2,1,3440,171,nsga2,20,20,20,0.05,3440,20,589717.8035714254,0.008784404024481773,605792.2321428529,0.008816197514533997,7,2,0,7,397.07241373113357,8.658370315113215
nsga2,1,3460,172,nsga2,20,20,19,0.1,3460,20,589717.8035714254,0.008784404024481773,605792.2321428529,0.008816197514533997,7,2,0,6,399.15112931095064,8.66338523448374
nsga2,1,3480,173,nsga2,20,20,20,0.05,3480,20,589717.8035714254,0.008784404024481773,605792.2321428529,0.008816197514533997,7,2,0,4,401.2054742621258,8.668874736558715
nsga2,1,3500,174,nsga2,20,20,20,0.05,3500,20,589717.8035714254,0.008784404024481773,605792.2321428529,0.008816197514533997,7,2,0,6,403.25961070205085,8.674312792967765
nsga2,1,3520,175,nsga2,20,20,20,0.05,3520,20,589717.8035714254,0.008784404024481773,605792.2321428529,0.008816197514533997,7,2,0,7,405.3059401491191,8.67986291714764
nsga2,1,3540,176,nsga2,20,20,18,0.1,3540,20,589717.8035714254,0.008784404024481773,605792.2321428529,0.008816197514533997,7,2,0,5,407.3874575200025,8.684607085200422
nsga2,1,3560,177,nsga2,20,20,19,0.1,3560,20,589717.8035714254,0.008784404024481773,605792.2321428529,0.008816197514533997,8,2,0,7,409.4403782400768,8.689909908967879
nsga2,1,3580,178,nsga2,20,20,18,0.1,3580,20,589717.8035714254,0.008784404024481773,605792.2321428529,0.008816197514533997,9,2,0,5,411.4319417460356,8.696456538633528
nsga2,1,3600,179,nsga2,20,20,18,0.1,3600,20,589717.8035714254,0.008784404024481773,605792.2321428529,0.008816197514533997,9,2,0,7,413.52417317102663,8.70082145962463
nsga2,1,3620,180,nsga2,20,20,19,0.1,3620,20,589717.8035714254,0.008776284754276276,605887.58928571,0.008816197514533997,11,2,0,8,415.5766472311225,8.705975237313693
nsga2,1,3640,181,nsga2,20,20,19,0.1,3640,16,589717.8035714254,0.008776284754276276,607601.1249999955,0.008825360797345638,9,2,0,4,417.6562545110937,8.71051243865275
nsga2,1,3660,182,nsga2,20,20,19,0.1,3660,16,589717.8035714254,0.008776284754276276,607601.1249999955,0.008958673104643822,9,2,0,1,419.72260696603917,8.715279899841034
nsga2,1,3680,183,nsga2,20,20,19,0.1,3680,18,589717.8035714254,0.008776284754276276,607601.1249999955,0.008958673104643822,9,2,0,2,421.753120347159,8.720741643766656
nsga2,1,3700,184,nsga2,20,20,19,0.1,3700,20,589717.8035714254,0.008776284754276276,605887.58928571,0.008816197514533997,9,2,0,2,423.77452073502354,8.72633869914108
nsga2,1,3720,185,nsga2,20,20,19,0.1,3720,20,589717.8035714254,0.008776284754276276,605887.58928571,0.008816197514533997,10,2,0,2,425.7956764320843,8.731887630129641
nsga2,1,3740,186,nsga2,20,20,20,0.05,3740,20,589717.8035714254,0.008776284754276276,605887.58928571,0.008816197514533997,10,2,0,6,427.792591269128,8.73787923467892
nsga2,1,3760,187,nsga2,20,20,19,0.1,3760,17,589671.8035714254,0.008774485439062119,605887.58928571,0.008816197514533997,10,2,0,4,429.8651970170904,8.742275546095422
nsga2,1,3780,188,nsga2,20,20,19,0.1,3780,19,589671.8035714254,0.008771331049501896,605936.9464285672,0.008816197514533997,11,2,0,4,431.9331023830455,8.746724849649533
nsga2,1,3800,189,nsga2,20,20,19,0.1,3800,20,589671.8035714254,0.008771331049501896,605936.9464285672,0.008814314380288124,11,2,0,5,433.95079316804186,8.752144390088194
nsga2,1,3820,190,nsga2,20,20,19,0.1,3820,20,589671.8035714254,0.008771120570600033,605984.6249999957,0.008814314380288124,12,2,0,6,436.0424458940979,8.756028308600218
nsga2,1,3840,191,nsga2,20,20,19,0.1,3840,20,589671.8035714254,0.008770721964538097,606079.9821428529,0.008814314380288124,13,2,0,4,438.0799558281433,8.760957786221175
nsga2,1,3860,192,nsga2,20,20,20,0.05,3860,20,589671.8035714254,0.008770721964538097,606079.9821428529,0.008814314380288124,13,2,0,4,440.1098816280719,8.765992678301913
nsga2,1,3880,193,nsga2,20,20,20,0.05,3880,20,589671.8035714254,0.008770721964538097,606079.9821428529,0.008814314380288124,13,2,0,3,442.1666875400115,8.770448134786458
nsga2,1,3900,194,nsga2,20,20,20,0.05,3900,20,589671.8035714254,0.008770721964538097,606079.9821428529,0.008814314380288124,13,2,0,7,444.1890507170465,8.77554274178422
nsga2,1,3920,195,nsga2,20,20,18,0.1,3920,20,589671.8035714254,0.008770721964538097,606079.9821428529,0.008814314380288124,13,2,0,5,446.1949999181088,8.780914175907572
nsga2,1,3940,196,nsga2,20,20,18,0.1,3940,20,589671.8035714254,0.008770721964538097,606079.9821428529,0.008814314380288124,13,2,0,1,448.31256249407306,8.784050079016161
nsga2,1,3960,197,nsga2,20,20,20,0.05,3960,20,589671.8035714254,0.008770721964538097,606079.9821428529,0.008814314380288124,12,2,0,7,450.37380144698545,8.788255416464107
nsga2,1,3980,198,nsga2,20,20,20,0.05,3980,20,589671.8035714254,0.008770721964538097,606079.9821428529,0.008814314380288124,14,2,0,7,452.4543260480277,8.792047663121997
nsga2,1,4000,199,nsga2,20,20,20,0.05,4000,20,589671.8035714254,0.008770721964538097,606079.9821428529,0.008814314380288124,16,2,0,7,454.5171679719351,8.796147388313532
nsga2,1,4020,200,nsga2,20,20,19,0.1,4020,20,589671.8035714254,0.008770721964538097,606079.9821428529,0.008814314380288124,16,2,0,5,456.57714835414663,8.800265222392198
nsga2,1,4040,201,nsga2,20,20,20,0.05,4040,20,589671.8035714254,0.008770721964538097,606079.9821428529,0.008814314380288124,16,2,0,7,458.5950644100085,8.805153638526324
nsga2,1,4060,202,nsga2,20,20,20,0.05,4060,20,589671.8035714254,0.008770721964538097,606079.9821428529,0.008814314380288124,16,2,0,2,460.64690229995176,8.809350458537589
nsga2,1,4080,203,nsga2,20,20,20,0.05,4080,20,589671.8035714254,0.008739200420677662,606675.321428567,0.008814314380288124,16,2,0,8,462.7835159129463,8.811895540305088
nsga2,1,4100,204,nsga2,20,20,20,0.05,4100,20,589671.8035714254,0.008739200420677662,606675.321428567,0.008814314380288124,16,2,0,3,464.89123634411953,8.814965049086446
nsga2,1,4120,205,nsga2,20,20,20,0.05,4120,20,589671.8035714254,0.008739200420677662,606675.321428567,0.008814314380288124,17,2,0,4,466.92305025598034,8.81944037190367
nsga2,1,4140,206,nsga2,20,20,19,0.1,4140,20,589671.8035714254,0.008739200420677662,606675.321428567,0.008814314380288124,17,2,0,3,468.94922005501576,8.823983115942791
nsga2,1,4160,207,nsga2,20,20,19,0.1,4160,19,589671.8035714254,0.008739200420677662,606675.321428567,0.008814314380288124,13,2,0,7,471.0386447501369,8.827301212633238
nsga2,1,4180,208,nsga2,20,20,18,0.1,4180,20,589671.8035714254,0.008739200420677662,606675.321428567,0.008814314380288124,13,2,0,4,473.0783370840363,8.831518318408715
nsga2,1,4200,209,nsga2,20,20,19,0.1,4200,20,589671.8035714254,0.008739200420677662,606675.321428567,0.008814314380288124,14,2,0,3,475.0781130029354,8.836441597918997
nsga2,1,4220,210,nsga2,20,20,19,0.1,4220,20,589506.8928571396,0.008739200420677662,606675.321428567,0.008836761116981506,16,2,0,2,477.11977561796084,8.840547417127885
nsga2,1,4240,211,nsga2,20,20,19,0.1,4240,20,589506.8928571396,0.008739200420677662,606675.321428567,0.008836761116981506,16,2,0,3,479.1632765440736,8.844584314904582
nsga2,1,4260,212,nsga2,20,20,19,0.1,4260,20,589506.8928571396,0.008739200420677662,606675.321428567,0.008836761116981506,16,2,0,3,481.20781324012205,8.848567880329208
nsga2,1,4280,213,nsga2,20,20,19,0.1,4280,20,589099.6607142824,0.008739200420677662,606675.321428567,0.0088135851547122,15,2,0,4,483.23559029004537,8.852824762828995
nsga2,1,4300,214,nsga2,20,20,19,0.1,4300,20,589099.6607142824,0.008739200420677662,606675.321428567,0.0088135851547122,16,2,0,4,485.3005302550737,8.856367821689734
nsga2,1,4320,215,nsga2,20,20,18,0.1,4320,20,589099.6607142824,0.008739200420677662,606675.321428567,0.0088135851547122,16,2,0,3,487.3267205241136,8.86058534889293
nsga2,1,4340,216,nsga2,20,20,18,0.1,4340,18,589099.6607142824,0.008739200420677662,606675.321428567,0.008814314380288124,11,2,0,7,489.3237489920575,8.865296256181534
nsga2,1,4360,217,nsga2,20,20,17,0.15,4360,20,589099.6607142824,0.008739200420677662,606675.321428567,0.0088135851547122,11,2,0,4,491.38618269516155,8.868788243285929
nsga2,1,4380,218,nsga2,20,20,17,0.15,4380,20,589099.6607142824,0.008739200420677662,606675.321428567,0.0088135851547122,11,2,0,2,493.721057648072,8.867355224537881
nsga2,1,4400,219,nsga2,20,20,18,0.1,4400,20,589099.6607142824,0.008739200420677662,606675.321428567,0.0088135851547122,12,2,0,2,495.80168931907974,8.870482079317016
nsga2,1,4420,220,nsga2,20,20,19,0.1,4420,20,589099.6607142824,0.008739200420677662,606675.321428567,0.0088135851547122,14,2,0,5,497.938193482114,8.872587115892115
nsga2,1,4440,221,nsga2,20,20,19,0.1,4440,20,589099.6607142824,0.008739200420677662,606675.321428567,0.0088135851547122,14,2,0,4,499.97372238500975,8.876466504738572
nsga2,1,4460,222,nsga2,20,20,19,0.1,4460,20,589099.6607142824,0.008739200420677662,606675.321428567,0.0088135851547122,16,2,0,4,502.10283791506663,8.878659237441104
nsga2,1,4480,223,nsga2,20,20,18,0.1,4480,20,589099.6607142824,0.008739200420677662,606675.321428567,0.0088135851547122,16,2,0,2,504.1648370679468,8.88201570351979
nsga2,1,4500,224,nsga2,20,20,18,0.1,4500,20,589099.6607142824,0.008739200420677662,606675.321428567,0.0088135851547122,17,2,0,1,506.1754894021433,8.886246162003422
nsga2,1,4520,225,nsga2,20,20,18,0.1,4520,20,589099.6607142824,0.008739200420677662,606675.321428567,0.0088135851547122,17,2,0,3,508.19699287903495,8.890253313788124
nsga2,1,4540,226,nsga2,20,20,18,0.1,4540,20,589099.6607142824,0.008739200420677662,606675.321428567,0.0088135851547122,17,2,0,4,510.5088519321289,8.889170056160589
nsga2,1,4560,227,nsga2,20,20,18,0.1,4560,20,589099.6607142824,0.008739200420677662,606675.321428567,0.0088135851547122,17,2,0,3,512.5582667400595,8.892647520816515
nsga2,1,4580,228,nsga2,20,20,18,0.1,4580,20,589099.6607142824,0.008739200420677662,606675.321428567,0.0088135851547122,19,2,0,3,514.7063231980428,8.894392381961334
nsga2,1,4600,229,nsga2,20,20,18,0.1,4600,20,589099.6607142824,0.008739200420677662,606675.321428567,0.0088135851547122,21,2,0,5,517.1237941940781,8.891487979519189
nsga2,1,4620,230,nsga2,20,20,19,0.1,4620,20,589099.6607142824,0.008739200420677662,606675.321428567,0.0088135851547122,22,2,0,3,519.4448619410396,8.890260234250182
nsga2,1,4640,231,nsga2,20,20,19,0.1,4640,20,589099.6607142824,0.008739200420677662,606675.321428567,0.0088135851547122,23,2,0,2,521.7420214880258,8.889450741905488
nsga2,1,4660,232,nsga2,20,20,19,0.1,4660,20,589099.6607142824,0.008739200420677662,606675.321428567,0.0088135851547122,24,2,0,3,523.9881029750686,8.889514806830697
nsga2,1,4680,233,nsga2,20,20,19,0.1,4680,20,589099.6607142824,0.008739200420677662,606675.321428567,0.0088135851547122,24,2,0,2,526.4604042221326,8.885758477718646
nsga2,1,4700,234,nsga2,20,20,19,0.1,4700,20,589099.6607142824,0.008739200420677662,606675.321428567,0.0088135851547122,24,2,0,2,528.6206910749897,8.887279819573966
nsga2,1,4720,235,nsga2,20,20,19,0.1,4720,20,589099.6607142824,0.008739200420677662,606675.321428567,0.0088135851547122,24,2,0,2,530.9718148240354,8.885594052790825
nsga2,1,4740,236,nsga2,20,20,20,0.05,4740,20,589099.6607142824,0.008739200420677662,606675.321428567,0.0088135851547122,25,2,0,3,533.3871539290994,8.882853599113487
nsga2,1,4760,237,nsga2,20,20,20,0.05,4760,20,589099.6607142824,0.008739200420677662,606675.321428567,0.0088135851547122,26,2,0,0,535.5614574970677,8.88413446000462
nsga2,1,4780,238,nsga2,20,20,20,0.05,4780,20,589099.6607142824,0.008739200420677662,606675.321428567,0.0088135851547122,27,2,0,1,537.9671324179508,8.88158348731226
nsga2,1,4800,239,nsga2,20,20,19,0.1,4800,20,589099.6607142824,0.008739200420677662,606675.321428567,0.0088135851547122,27,2,0,5,540.3688981169835,8.879119462129536
nsga2,1,4820,240,nsga2,20,20,20,0.05,4820,20,589099.6607142824,0.008739200420677662,606675.321428567,0.0088135851547122,27,2,0,3,542.7175074950792,8.877546667395256
nsga2,1,4840,241,nsga2,20,20,20,0.05,4840,20,589099.6607142824,0.008739200420677662,606675.321428567,0.0088135851547122,28,2,0,4,545.0533632170409,8.876195114997396
nsga2,1,4860,242,nsga2,20,20,20,0.05,4860,20,589099.6607142824,0.008739200420677662,606675.321428567,0.0088135851547122,29,2,0,3,547.2472012641374,8.877158236310851
nsga2,1,4880,243,nsga2,20,20,19,0.1,4880,20,589099.6607142824,0.008739200420677662,606675.321428567,0.0088135851547122,30,2,0,1,549.4040288850665,8.878711737697252
nsga2,1,4900,244,nsga2,20,20,19,0.1,4900,20,589099.6607142824,0.008739200420677662,606675.321428567,0.0088135851547122,30,2,0,2,551.5891677469481,8.879797295524574
nsga2,1,4920,245,nsga2,20,20,19,0.1,4920,20,589099.6607142824,0.008739200420677662,606675.321428567,0.0088135851547122,29,2,0,5,553.7224164090585,8.881706527060416
nsga2,1,4940,246,nsga2,20,20,19,0.1,4940,20,589099.6607142824,0.008739200420677662,606675.321428567,0.0088135851547122,30,2,0,1,556.0717744280118,8.880148619446365
nsga2,1,4960,247,nsga2,20,20,19,0.1,4960,20,589099.6607142824,0.008739200420677662,606675.321428567,0.0088135851547122,30,2,0,1,558.3476794860326,8.879771837798115
nsga2,1,4980,248,nsga2,20,20,19,0.1,4980,20,589099.6607142824,0.008739200420677662,606675.321428567,0.0088135851547122,30,2,0,1,560.67407740606,8.878598459608748
nsga2,1,5000,249,nsga2,20,20,19,0.1,5000,20,589099.6607142824,0.008739200420677662,606675.321428567,0.0088135851547122,30,2,0,1,562.8519106251188,8.87977797650022
nsga2,1,5020,250,nsga2,20,20,20,0.05,5020,20,589099.6607142824,0.008739200420677662,606675.321428567,0.0088135851547122,31,2,0,3,565.1664642691612,8.87879999477494
nsga2,1,5040,251,nsga2,20,20,20,0.05,5040,20,589099.6607142824,0.008739200420677662,606675.321428567,0.0088135851547122,32,2,0,2,567.5279735031072,8.877095465272985
nsga2,1,5060,252,nsga2,20,20,20,0.05,5060,20,588334.3392857112,0.008739200420677662,606675.321428567,0.008880806155502796,33,2,0,1,569.9584501329809,8.874331100486154
nsga2,1,5080,253,nsga2,20,20,20,0.05,5080,20,588334.3392857112,0.008732258342206478,607129.3928571384,0.008880806155502796,31,2,0,6,572.1964659770019,8.874574209977903
nsga2,1,5100,254,nsga2,20,20,20,0.05,5100,20,588334.3392857112,0.008732258342206478,607129.3928571384,0.008880806155502796,31,2,0,1,574.6054949990939,8.872174116622464
nsga2,1,5120,255,nsga2,20,20,20,0.05,5120,20,588334.3392857112,0.008732258342206478,607129.3928571384,0.008880806155502796,31,2,0,1,576.8582659789827,8.872196693436079
nsga2,1,5140,256,nsga2,20,20,20,0.05,5140,20,588334.3392857112,0.008732258342206478,607129.3928571384,0.008880806155502796,31,2,0,0,579.125347194029,8.871999861333258
nsga2,1,5160,257,nsga2,20,20,20,0.05,5160,19,588334.3392857112,0.008732258342206478,607382.571428567,0.008880806155502796,26,2,0,3,581.4118700469844,8.871507902965892
nsga2,1,5180,258,nsga2,20,20,20,0.05,5180,20,588334.3392857112,0.008732258342206478,607129.3928571384,0.008880806155502796,28,2,0,3,583.7766352121253,8.86983083541616
nsga2,1,5200,259,nsga2,20,20,20,0.05,5200,20,588334.3392857112,0.008732258342206478,607129.3928571384,0.008880806155502796,28,2,0,4,585.9138848450966,8.87161088762087
nsga2,1,5220,260,nsga2,20,20,20,0.05,5220,20,588334.3392857112,0.008732258342206478,607129.3928571384,0.008880806155502796,28,2,0,3,588.1025677390862,8.872601968156998
nsga2,1,5240,261,nsga2,20,20,20,0.05,5240,18,588334.3392857112,0.008732258342206478,607129.3928571384,0.009027943015098572,19,2,0,4,590.3984038860071,8.871975204410177
nsga2,1,5260,262,nsga2,20,20,20,0.05,5260,19,588334.3392857112,0.008732258342206478,607325.696428567,0.008880806155502796,20,2,0,2,592.637875579996,8.872197030697981
nsga2,1,5280,263,nsga2,20,20,20,0.05,5280,20,588334.3392857112,0.008732258342206478,607129.3928571384,0.008880806155502796,20,2,0,2,594.7791615461465,8.873881839235388
nsga2,1,5300,264,nsga2,20,20,19,0.1,5300,20,588334.3392857112,0.008732258342206478,607129.3928571384,0.008880806155502796,19,2,0,4,596.9524136930704,8.875079283495491
nsga2,1,5320,265,nsga2,20,20,19,0.1,5320,19,588334.3392857112,0.008732258342206478,607129.3928571384,0.009016387164592743,16,2,0,3,599.0905834671576,8.87678782935091
nsga2,1,5340,266,nsga2,20,20,19,0.1,5340,20,588334.3392857112,0.008732258342206478,607129.3928571384,0.008880806155502796,17,2,0,1,601.2830762430094,8.877682095018153
nsga2,1,5360,267,nsga2,20,20,19,0.1,5360,19,588048.2678571397,0.008732258342206478,607129.3928571384,0.008855640888214111,15,2,0,5,603.6026421790011,8.876700706043398
nsga2,1,5380,268,nsga2,20,20,18,0.1,5380,20,588048.2678571397,0.008732258342206478,607129.3928571384,0.008855640888214111,16,2,0,3,605.8118682510685,8.877343416077116
nsga2,1,5400,269,nsga2,20,20,19,0.1,5400,20,588048.2678571397,0.008732258342206478,607129.3928571384,0.008855640888214111,16,2,0,3,608.1641916909721,8.875892520062902
nsga2,1,5420,270,nsga2,20,20,19,0.1,5420,20,587952.9107142825,0.008732258342206478,607129.3928571384,0.008856094442307949,18,2,0,4,610.4200846119784,8.875854737715624
nsga2,1,5440,271,nsga2,20,20,19,0.1,5440,20,587952.9107142825,0.008732258342206478,607129.3928571384,0.008856094442307949,19,2,0,1,612.6695244500879,8.875910720189601
nsga2,1,5460,272,nsga2,20,20,18,0.1,5460,20,587952.9107142825,0.008732258342206478,607129.3928571384,0.008856094442307949,19,2,0,2,614.7669695680961,8.878160783157417
nsga2,1,5480,273,nsga2,20,20,18,0.1,5480,20,587952.9107142825,0.008732258342206478,607129.3928571384,0.008856094442307949,19,2,0,0,616.9371164939366,8.8793490512154
nsga2,1,5500,274,nsga2,20,20,18,0.1,5500,20,587952.9107142825,0.008732258342206478,607129.3928571384,0.008856094442307949,19,2,0,1,619.2049037199467,8.879128648642984
nsga2,1,5520,275,nsga2,20,20,18,0.1,5520,20,587952.9107142825,0.008732258342206478,607129.3928571384,0.008856094442307949,16,2,0,4,621.4785682980437,8.8788258863236
nsga2,1,5540,276,nsga2,20,20,17,0.1,5540,20,587952.9107142825,0.008732258342206478,607129.3928571384,0.008856094442307949,16,2,0,1,623.8085574379656,8.87772367654755
nsga2,1,5560,277,nsga2,20,20,17,0.1,5560,20,587952.9107142825,0.008732258342206478,607129.3928571384,0.008856094442307949,16,2,0,2,625.9897171689663,8.878740093584943
nsga2,1,5580,278,nsga2,20,20,18,0.1,5580,20,587952.9107142825,0.008732258342206478,607129.3928571384,0.008856094442307949,16,2,0,2,628.2199381000828,8.879055982956338
nsga2,1,5600,279,nsga2,20,20,18,0.1,5600,20,587952.9107142825,0.008732258342206478,607129.3928571384,0.008856094442307949,18,2,0,2,630.3059634731617,8.881400977318156
nsga2,1,5620,280,nsga2,20,20,20,0.05,5620,20,587952.9107142825,0.008732258342206478,607129.3928571384,0.008856094442307949,19,2,0,2,632.3102231230587,8.884879280066041
nsga2,1,5640,281,nsga2,20,20,20,0.05,5640,20,587952.9107142825,0.008732258342206478,607129.3928571384,0.008856094442307949,19,2,0,0,634.3245540079661,8.888194480848043
nsga2,1,5660,282,nsga2,20,20,20,0.05,5660,20,587952.9107142825,0.008732258342206478,607129.3928571384,0.008856094442307949,19,2,0,0,636.4168738231529,8.890399096445456
nsga2,1,5680,283,nsga2,20,20,20,0.05,5680,20,587952.9107142825,0.008732258342206478,607129.3928571384,0.008856094442307949,19,2,0,3,638.4351746090688,8.893620254361446
nsga2,1,5700,284,nsga2,20,20,20,0.05,5700,20,587952.9107142825,0.008732258342206478,607129.3928571384,0.008856094442307949,19,2,0,0,640.5339012180921,8.895704019981165
nsga2,1,5720,285,nsga2,20,20,20,0.05,5720,19,587952.9107142825,0.008732258342206478,607129.3928571384,0.008856094442307949,18,2,0,1,642.5756691531278,8.898562884486344
nsga2,1,5740,286,nsga2,20,20,20,0.05,5740,20,587952.9107142825,0.008732258342206478,607129.3928571384,0.008856094442307949,19,2,0,2,644.6390688971151,8.901104938949628
nsga2,1,5760,287,nsga2,20,20,20,0.05,5760,20,587952.9107142825,0.008732258342206478,607129.3928571384,0.008856094442307949,19,2,0,1,646.7004972100258,8.903657914043634
nsga2,1,5780,288,nsga2,20,20,20,0.05,5780,20,587905.232142854,0.008732258342206478,607129.3928571384,0.008857925422489643,21,2,0,3,648.7255964989308,8.906693417344636
nsga2,1,5800,289,nsga2,20,20,20,0.05,5800,20,587905.232142854,0.008732258342206478,607129.3928571384,0.008857925422489643,21,2,0,1,650.8200996059459,8.908759891574544
nsga2,1,5820,290,nsga2,20,20,20,0.05,5820,20,587905.232142854,0.008732258342206478,607129.3928571384,0.008857925422489643,21,2,0,1,653.183070799103,8.907150629121892
nsga2,1,5840,291,nsga2,20,20,20,0.05,5840,20,587905.232142854,0.008732258342206478,607129.3928571384,0.008857925422489643,21,2,0,1,655.4985088140238,8.906198750264954
nsga2,1,5860,292,nsga2,20,20,20,0.05,5860,20,587905.232142854,0.008732258342206478,607129.3928571384,0.008857925422489643,21,2,0,0,657.5573727160227,8.908728337732253
nsga2,1,5880,293,nsga2,20,20,20,0.05,5880,20,587905.232142854,0.008732258342206478,607129.3928571384,0.008857925422489643,21,2,0,2,660.0568114640191,8.90529405637445
nsga2,1,5900,294,nsga2,20,20,19,0.1,5900,20,587905.232142854,0.008732258342206478,607129.3928571384,0.008857925422489643,22,2,0,2,662.0978431389667,8.908048955480554
nsga2,1,5920,295,nsga2,20,20,19,0.1,5920,20,587905.232142854,0.008732258342206478,607129.3928571384,0.008857925422489643,22,2,0,0,664.1799128409475,8.910236346484021
nsga2,1,5940,296,nsga2,20,20,19,0.1,5940,20,587905.232142854,0.008732258342206478,607129.3928571384,0.008857925422489643,22,2,0,0,666.553169178078,8.908516641398775
nsga2,1,5960,297,nsga2,20,20,18,0.1,5960,20,587905.232142854,0.008732258342206478,607129.3928571384,0.008857925422489643,22,2,0,2,668.9902119820472,8.9059598979004
nsga2,1,5980,298,nsga2,20,20,18,0.1,5980,20,587905.232142854,0.008732258342206478,607129.3928571384,0.008857925422489643,22,2,0,0,671.3428090810776,8.904541642715415
nsga2,1,6000,299,nsga2,20,20,18,0.1,6000,20,587905.232142854,0.008732258342206478,607129.3928571384,0.008857925422489643,23,2,0,3,673.7205583611503,8.90280090990596
nsga2,1,6020,300,nsga2,20,20,19,0.1,6020,20,587905.232142854,0.008732258342206478,607129.3928571384,0.008857925422489643,23,2,0,2,676.2668512379751,8.898854038141069
nsga2,1,6040,301,nsga2,20,20,19,0.1,6040,20,587905.232142854,0.008732258342206478,607129.3928571384,0.008857925422489643,23,2,0,1,678.6181789471302,8.897492267843312
nsga2,1,6060,302,nsga2,20,20,19,0.1,6060,20,587905.232142854,0.008732258342206478,607129.3928571384,0.008857925422489643,23,2,0,0,681.1922458640765,8.893231003115087
nsga2,1,6080,303,nsga2,20,20,19,0.1,6080,20,587905.232142854,0.008732258342206478,607129.3928571384,0.008857925422489643,23,2,0,2,683.6671074831393,8.890291683587977
nsga2,1,6100,304,nsga2,20,20,19,0.1,6100,19,587905.232142854,0.008732258342206478,607129.3928571384,0.009033848531544209,20,2,0,2,686.3076038870495,8.885228672191124
nsga2,1,6120,305,nsga2,20,20,19,0.1,6120,20,587905.232142854,0.008732258342206478,607129.3928571384,0.008857925422489643,20,2,0,1,688.7465056010988,8.882803687926602
nsga2,1,6140,306,nsga2,20,20,19,0.1,6140,20,587905.232142854,0.008732258342206478,607129.3928571384,0.008857925422489643,20,2,0,1,691.3478227700107,8.878309582876804
nsga2,1,6160,307,nsga2,20,20,18,0.1,6160,20,587905.232142854,0.008732258342206478,607129.3928571384,0.008857925422489643,20,2,0,1,693.908199153142,8.87437273044955
nsga2,1,6180,308,nsga2,20,20,18,0.1,6180,20,587905.232142854,0.008732258342206478,607129.3928571384,0.008857925422489643,21,2,0,0,696.4455509460531,8.870758082391067
nsga2,1,6200,309,nsga2,20,20,18,0.1,6200,19,587905.232142854,0.008728566579520702,607129.3928571384,0.008857925422489643,20,2,0,1,699.0775398369879,8.865969290681633
nsga2,1,6220,310,nsga2,20,20,18,0.1,6220,20,587905.232142854,0.008728566579520702,606986.3571428527,0.008857925422489643,20,2,0,2,701.6507463550661,8.861958791181017
nsga2,1,6240,311,nsga2,20,20,18,0.1,6240,20,587905.232142854,0.008728566579520702,606986.3571428527,0.008857925422489643,20,2,0,2,704.225056722993,8.857963715502553
nsga2,1,6260,312,nsga2,20,20,18,0.1,6260,20,587905.232142854,0.008728566579520702,606986.3571428527,0.008857925422489643,20,2,0,1,706.7594049449544,8.854498371319728
nsga2,1,6280,313,nsga2,20,20,20,0.05,6280,20,587905.232142854,0.008728566579520702,606986.3571428527,0.008857925422489643,20,2,0,3,709.2414728160948,8.851710229342265
nsga2,1,6300,314,nsga2,20,20,20,0.05,6300,20,587905.232142854,0.008728566579520702,606986.3571428527,0.008857925422489643,21,2,0,3,711.7069068511482,8.849148349374122
nsga2,1,6320,315,nsga2,20,20,19,0.1,6320,20,587905.232142854,0.008728566579520702,606986.3571428527,0.008857925422489643,21,2,0,4,714.1118449110072,8.847353597372903
nsga2,1,6340,316,nsga2,20,20,19,0.1,6340,20,587905.232142854,0.008728566579520702,606986.3571428527,0.008857925422489643,21,2,0,1,716.7540014360566,8.842643343882928
nsga2,1,6360,317,nsga2,20,20,20,0.05,6360,20,587905.232142854,0.008728566579520702,606986.3571428527,0.008857925422489643,21,2,0,2,719.4324482160155,8.83752187681554
nsga2,1,6380,318,nsga2,20,20,20,0.05,6380,20,587905.232142854,0.008728566579520702,606986.3571428527,0.008857925422489643,21,2,0,1,722.1485538110137,8.831977806146964
nsga2,1,6400,319,nsga2,20,20,20,0.05,6400,20,587905.232142854,0.008728566579520702,606986.3571428527,0.008857925422489643,22,2,0,0,724.6041040210985,8.82964913460345
nsga2,1,6420,320,nsga2,20,20,20,0.05,6420,20,587905.232142854,0.008728566579520702,606986.3571428527,0.008857925422489643,22,2,0,0,727.0231027770787,8.827779991426077
nsga2,1,6440,321,nsga2,20,20,19,0.1,6440,20,587905.232142854,0.008728566579520702,606986.3571428527,0.008857925422489643,23,2,0,3,729.6145352120511,8.82383736794511
nsga2,1,6460,322,nsga2,20,20,19,0.1,6460,20,587905.232142854,0.008728566579520702,606986.3571428527,0.008857925422489643,23,2,0,0,731.8803517071065,8.82384666419416
nsga2,1,6480,323,nsga2,20,20,19,0.1,6480,20,587905.232142854,0.008728566579520702,606986.3571428527,0.008857925422489643,23,2,0,2,734.0212086520623,8.82535807363936
nsga2,1,6500,324,nsga2,20,20,19,0.1,6500,20,587905.232142854,0.008728566579520702,606986.3571428527,0.008857925422489643,23,2,0,2,736.3172159090172,8.8250007735836
nsga2,1,6520,325,nsga2,20,20,20,0.05,6520,20,587905.232142854,0.008728566579520702,606986.3571428527,0.008857925422489643,23,2,0,1,738.4578974340111,8.826501852913626
nsga2,1,6540,326,nsga2,20,20,20,0.05,6540,20,587905.232142854,0.008728566579520702,606986.3571428527,0.008857925422489643,23,2,0,2,740.6423745159991,8.827472238909507
nsga2,1,6560,327,nsga2,20,20,19,0.1,6560,20,587905.232142854,0.008728566579520702,606986.3571428527,0.008857925422489643,19,2,0,3,742.9065099500585,8.82749028601305
nsga2,1,6580,328,nsga2,20,20,19,0.1,6580,20,587905.232142854,0.008728566579520702,606986.3571428527,0.008857925422489643,19,2,0,3,745.0949744540267,8.828404734336148
nsga2,1,6600,329,nsga2,20,20,20,0.05,6600,20,587905.232142854,0.008728566579520702,606986.3571428527,0.008857925422489643,19,2,0,1,747.2658489509486,8.829521661216852
nsga2,1,6620,330,nsga2,20,20,20,0.05,6620,20,587905.232142854,0.008728566579520702,606986.3571428527,0.008857925422489643,19,2,0,0,749.3933788309805,8.831142877621602
nsga2,1,6640,331,nsga2,20,20,20,0.05,6640,20,587905.232142854,0.008728566579520702,606986.3571428527,0.008857925422489643,19,2,0,1,751.5755173219368,8.832113137017764
nsga2,1,6660,332,nsga2,20,20,19,0.1,6660,20,587905.232142854,0.008728566579520702,606986.3571428527,0.008857925422489643,19,2,0,1,753.776447521057,8.832857569238401
nsga2,1,6680,333,nsga2,20,20,18,0.1,6680,20,587905.232142854,0.008728566579520702,606986.3571428527,0.008857925422489643,20,2,0,2,756.1527441800572,8.831548984512864
nsga2,1,6700,334,nsga2,20,20,18,0.1,6700,20,587905.232142854,0.008728566579520702,606986.3571428527,0.008857925422489643,20,2,0,1,758.3993034269661,8.831759166620882
nsga2,1,6720,335,nsga2,20,20,18,0.1,6720,20,587905.232142854,0.008728566579520702,606986.3571428527,0.008857925422489643,20,2,0,0,760.7799766079988,8.830411165594507
nsga2,1,6740,336,nsga2,20,20,19,0.1,6740,20,587905.232142854,0.008728566579520702,606986.3571428527,0.008857925422489643,21,2,0,1,763.015381361125,8.83075251770186
nsga2,1,6760,337,nsga2,20,20,18,0.15,6760,19,587905.232142854,0.008728566579520702,606986.3571428527,0.008857925422489643,18,2,0,3,765.1382591079455,8.832390642547367
nsga2,1,6780,338,nsga2,20,20,18,0.15,6780,19,587905.232142854,0.008728566579520702,606986.3571428527,0.008857925422489643,16,2,0,4,767.2251379520167,8.83443420283748
nsga2,1,6800,339,nsga2,20,20,18,0.15,6800,20,587905.232142854,0.008728566579520702,606986.3571428527,0.008857925422489643,16,2,0,1,769.3997643301263,8.835458905967617
nsga2,1,6820,340,nsga2,20,20,18,0.15,6820,20,587905.232142854,0.008728566579520702,606986.3571428527,0.008857925422489643,16,2,0,0,771.4688532471191,8.837686669141572
nsga2,1,6840,341,nsga2,20,20,18,0.15,6840,20,587905.232142854,0.008728566579520702,606986.3571428527,0.008857925422489643,16,2,0,0,773.5196461961605,8.840111603663031
nsga2,1,6860,342,nsga2,20,20,18,0.15,6860,20,587905.232142854,0.008728566579520702,606986.3571428527,0.008857925422489643,16,2,0,0,775.7948206639849,8.839966209274762
nsga2,1,6880,343,nsga2,20,20,18,0.15,6880,20,587905.232142854,0.008728566579520702,606986.3571428527,0.008857925422489643,16,2,0,0,777.9919172420632,8.84070881402228
nsga2,1,6900,344,nsga2,20,20,19,0.1,6900,20,587905.232142854,0.008728566579520702,606986.3571428527,0.008857925422489643,16,2,0,1,780.3817561760079,8.839263534044253
nsga2,1,6920,345,nsga2,20,20,18,0.1,6920,20,587903.6249999969,0.008728566579520702,606986.3571428527,0.009092741645872593,18,2,0,4,782.5273590530269,8.840585469588945
nsga2,1,6940,346,nsga2,20,20,18,0.1,6940,18,587903.6249999969,0.008728566579520702,606986.3571428527,0.009092741645872593,17,2,0,2,784.8215960990638,8.840225644254893
nsga2,1,6960,347,nsga2,20,20,18,0.1,6960,17,587903.6249999969,0.008728566579520702,606986.3571428527,0.009092741645872593,16,2,0,2,787.015219904948,8.840998018869767
nsga2,1,6980,348,nsga2,20,20,17,0.1,6980,20,587538.3749999969,0.008728566579520702,606986.3571428527,0.00887264870107174,16,2,0,4,789.2604461321607,8.841188018728538
nsga2,1,7000,349,nsga2,20,20,18,0.1,7000,20,587538.3749999969,0.008728566579520702,606986.3571428527,0.00887264870107174,16,2,0,2,791.4698931940366,8.841776623693217
nsga2,1,7020,350,nsga2,20,20,18,0.1,7020,19,587538.3749999969,0.008728566579520702,606986.3571428527,0.00887264870107174,15,2,0,1,793.7701788730919,8.84135003656019
nsga2,1,7040,351,nsga2,20,20,18,0.1,7040,20,587538.3749999969,0.008728566579520702,606986.3571428527,0.00887264870107174,15,2,0,2,796.019166611135,8.8414956513706
nsga2,1,7060,352,nsga2,20,20,20,0.05,7060,20,587428.3392857112,0.008728566579520702,606986.3571428527,0.008915122598409653,17,2,0,5,798.1813990040682,8.84260145476533
nsga2,1,7080,353,nsga2,20,20,20,0.05,7080,20,587428.3392857112,0.008728566579520702,606986.3571428527,0.008915122598409653,18,2,0,2,800.2092295840848,8.845186656593361
nsga2,1,7100,354,nsga2,20,20,20,0.05,7100,20,587428.3392857112,0.008728566579520702,606986.3571428527,0.008915122598409653,19,2,0,1,802.5505353091285,8.844302866567741
nsga2,1,7120,355,nsga2,20,20,20,0.05,7120,20,587428.3392857112,0.008728566579520702,606986.3571428527,0.008915122598409653,19,2,0,1,804.7295285291038,8.845207920989779
nsga2,1,7140,356,nsga2,20,20,19,0.1,7140,20,587428.3392857112,0.008728566579520702,606986.3571428527,0.008915122598409653,20,2,0,2,807.0250098761171,8.844831216687725
nsga2,1,7160,357,nsga2,20,20,20,0.05,7160,20,587428.3392857112,0.008728566579520702,606986.3571428527,0.008915122598409653,18,2,0,4,809.2612120290287,8.845104514589337
nsga2,1,7180,358,nsga2,20,20,20,0.05,7180,20,587428.3392857112,0.008728566579520702,606986.3571428527,0.008915122598409653,18,2,0,0,811.6095083169639,8.844154641417436
nsga2,1,7200,359,nsga2,20,20,20,0.05,7200,20,587428.3392857112,0.008728566579520702,606986.3571428527,0.008915122598409653,18,2,0,3,813.8860933459364,8.84398942167518
nsga2,1,7220,360,nsga2,20,20,19,0.1,7220,20,587428.3392857112,0.008728566579520702,606986.3571428527,0.008915122598409653,20,2,0,5,815.9564976729453,8.846059833563757
nsga2,1,7240,361,nsga2,20,20,19,0.1,7240,20,587428.3392857112,0.008728566579520702,606986.3571428527,0.008915122598409653,20,2,0,4,818.1848757530097,8.846411385126823
nsga2,1,7260,362,nsga2,20,20,19,0.1,7260,20,587428.3392857112,0.008728566579520702,606986.3571428527,0.008915122598409653,20,2,0,0,820.4135304330848,8.846758044286036
nsga2,1,7280,363,nsga2,20,20,19,0.1,7280,20,587237.624999997,0.008728566579520702,606986.3571428527,0.00891482550650835,21,2,0,3,822.8369426501449,8.84500880157306
nsga2,1,7300,364,nsga2,20,20,19,0.1,7300,20,587237.624999997,0.008728566579520702,606986.3571428527,0.00891482550650835,21,2,0,1,824.8896267300006,8.847244241548392
nsga2,1,7320,365,nsga2,20,20,19,0.1,7320,20,587237.624999997,0.008728566579520702,606986.3571428527,0.00891482550650835,21,2,0,4,827.1560846250504,8.847181488506184
nsga2,1,7340,366,nsga2,20,20,18,0.1,7340,20,587237.624999997,0.008728566579520702,606986.3571428527,0.00891482550650835,20,2,0,2,829.2565644639544,8.848889854424497
nsga2,1,7360,367,nsga2,20,20,17,0.15,7360,20,587237.624999997,0.008728566579520702,606986.3571428527,0.00891482550650835,18,2,0,3,831.3282351121306,8.850896299711922
nsga2,1,7380,368,nsga2,20,20,17,0.15,7380,20,587237.624999997,0.008728566579520702,606986.3571428527,0.00891482550650835,18,2,0,1,833.6495574989822,8.850241607678186
nsga2,1,7400,369,nsga2,20,20,17,0.1,7400,20,587237.624999997,0.008728566579520702,606986.3571428527,0.00891482550650835,18,2,0,2,835.8796932690311,8.850555958677806
nsga2,1,7420,370,nsga2,20,20,18,0.1,7420,20,587237.624999997,0.008728566579520702,606986.3571428527,0.00891482550650835,18,2,0,3,838.1477396651171,8.850468299256967
nsga2,1,7440,371,nsga2,20,20,18,0.1,7440,20,587237.624999997,0.008728566579520702,606986.3571428527,0.00891482550650835,18,2,0,2,840.3127546999604,8.851466264671647
nsga2,1,7460,372,nsga2,20,20,18,0.1,7460,20,587237.624999997,0.008728566579520702,606986.3571428527,0.00891482550650835,18,2,0,2,842.658824826125,8.85055704666582
nsga2,1,7480,373,nsga2,20,20,18,0.1,7480,20,587237.624999997,0.008728566579520702,606986.3571428527,0.00891482550650835,18,2,0,0,844.8390928369481,8.851389647333987
nsga2,1,7500,374,nsga2,20,20,19,0.1,7500,20,587237.624999997,0.008728159591555595,607081.7142857098,0.00891482550650835,19,2,0,1,847.2458611580078,8.849851434802884
nsga2,1,7520,375,nsga2,20,20,19,0.1,7520,20,587237.624999997,0.008728159591555595,607081.7142857098,0.00891482550650835,20,2,0,1,849.3238460980356,8.851747227561315
nsga2,1,7540,376,nsga2,20,20,18,0.1,7540,20,587237.624999997,0.008728159591555595,607081.7142857098,0.00891482550650835,19,2,0,3,851.6165381839965,8.851401613306122
nsga2,1,7560,377,nsga2,20,20,18,0.1,7560,20,587237.624999997,0.008728159591555595,607081.7142857098,0.00891482550650835,20,2,0,0,853.7722503039986,8.852477926412881
nsga2,1,7580,378,nsga2,20,20,19,0.1,7580,20,587237.624999997,0.008726493455469608,606150.9642857099,0.00891482550650835,21,2,0,5,855.9691865821369,8.853122424019444
nsga2,1,7600,379,nsga2,20,20,19,0.1,7600,20,587237.624999997,0.008726493455469608,606150.9642857099,0.00891482550650835,21,2,0,0,858.0779032539576,8.854673883556803
nsga2,1,7620,380,nsga2,20,20,19,0.1,7620,20,587237.624999997,0.008717488497495651,605881.821428567,0.00891482550650835,21,2,0,1,860.3723915601149,8.854305501582013
nsga2,1,7640,381,nsga2,20,20,19,0.1,7640,20,587236.5535714255,0.008717488497495651,605881.821428567,0.008946855552494526,22,2,0,1,862.599210010143,8.854633659947575
nsga2,1,7660,382,nsga2,20,20,20,0.05,7660,20,587236.5535714255,0.008717488497495651,605881.821428567,0.008946855552494526,22,2,0,2,864.8862282331102,8.854343785360822
nsga2,1,7680,383,nsga2,20,20,20,0.05,7680,20,587141.0892857112,0.008717488497495651,605881.821428567,0.008955410681664944,24,2,0,2,867.1215722360648,8.854583077895962
nsga2,1,7700,384,nsga2,20,20,20,0.05,7700,20,587141.0892857112,0.008717488497495651,605881.821428567,0.008955410681664944,26,2,0,3,869.3537707671057,8.854853178134134
nsga2,1,7720,385,nsga2,20,20,20,0.05,7720,20,587141.0892857112,0.008717488497495651,605881.821428567,0.008955410681664944,27,2,0,3,871.6156898699701,8.854819950695692
nsga2,1,7740,386,nsga2,20,20,20,0.05,7740,20,587141.0892857112,0.008717488497495651,605881.821428567,0.008955410681664944,27,2,0,0,873.7155889789574,8.856428908453827
nsga2,1,7760,387,nsga2,20,20,20,0.05,7760,20,587141.0892857112,0.008717488497495651,605881.821428567,0.008955410681664944,27,2,0,3,875.9462462300435,8.856707855521275
nsga2,1,7780,388,nsga2,20,20,20,0.05,7780,20,587141.0892857112,0.008717488497495651,605881.821428567,0.008955410681664944,27,2,0,3,878.0851428241003,8.857910948116455
nsga2,1,7800,389,nsga2,20,20,20,0.05,7800,20,587141.0892857112,0.008717488497495651,605881.821428567,0.008955410681664944,26,2,0,2,880.376893669134,8.857570043098688
nsga2,1,7820,390,nsga2,20,20,20,0.05,7820,20,587141.0892857112,0.008717488497495651,605881.821428567,0.008955410681664944,26,2,0,1,882.3944364951458,8.85998333245725
nsga2,1,7840,391,nsga2,20,20,20,0.05,7840,20,587141.0892857112,0.008717488497495651,605881.821428567,0.008955410681664944,26,2,0,0,884.6002325259615,8.860499592701574
nsga2,1,7860,392,nsga2,20,20,20,0.05,7860,20,587141.0892857112,0.008717488497495651,605881.821428567,0.008955410681664944,26,2,0,1,886.8299236560706,8.86077453002982
nsga2,1,7880,393,nsga2,20,20,20,0.05,7880,20,587141.0892857112,0.008717488497495651,605881.821428567,0.008955410681664944,26,2,0,0,888.9577632660512,8.862063334770875
nsga2,1,7900,394,nsga2,20,20,20,0.05,7900,20,587141.0892857112,0.008717488497495651,605881.821428567,0.008955410681664944,26,2,0,0,891.179718103027,8.862409948928992
nsga2,1,7920,395,nsga2,20,20,20,0.05,7920,20,587141.0892857112,0.008717488497495651,605881.821428567,0.008955410681664944,26,2,0,0,893.3199509780388,8.863565614236073
nsga2,1,7940,396,nsga2,20,20,20,0.05,7940,20,587141.0892857112,0.008717292919754982,605929.4999999956,0.008955410681664944,29,2,0,3,895.5479849181138,8.86384664326594
nsga2,1,7960,397,nsga2,20,20,20,0.05,7960,20,587141.0892857112,0.008717292919754982,605929.4999999956,0.008955410681664944,29,2,0,1,897.6787818891462,8.865086443563426
nsga2,1,7980,398,nsga2,20,20,20,0.05,7980,20,587141.0892857112,0.008717292919754982,605929.4999999956,0.008955410681664944,29,2,0,0,899.8903699619696,8.865524364192451
nsga2,1,8000,399,nsga2,20,20,20,0.05,8000,20,587141.0892857112,0.008717292919754982,605929.4999999956,0.008955410681664944,29,2,0,3,901.9277427149937,8.867672676221629
nsga2,1,8020,400,nsga2,20,20,20,0.05,8020,20,587141.0892857112,0.008717292919754982,605929.4999999956,0.008955410681664944,30,2,0,3,903.9933859510347,8.86953391983589
nsga2,1,8040,401,nsga2,20,20,20,0.05,8040,20,587141.0892857112,0.008717292919754982,605929.4999999956,0.008955410681664944,30,2,0,1,906.2105644161347,8.869903216344458
nsga2,1,8060,402,nsga2,20,20,20,0.05,8060,20,587141.0892857112,0.008717292919754982,605929.4999999956,0.008955410681664944,30,2,0,1,908.3966643190943,8.870574184725816
nsga2,1,8080,403,nsga2,20,20,20,0.05,8080,20,587141.0892857112,0.008717292919754982,605929.4999999956,0.008955410681664944,31,2,0,1,910.6548595009372,8.870539607537983
nsga2,1,8100,404,nsga2,20,20,19,0.1,8100,20,587141.0892857112,0.008717292919754982,605929.4999999956,0.008955410681664944,31,2,0,1,912.870662905043,8.87091712886205
nsga2,1,8120,405,nsga2,20,20,19,0.1,8120,20,587141.0892857112,0.008717292919754982,605929.4999999956,0.008955410681664944,31,2,0,0,915.0077837491408,8.872055674474609
nsga2,1,8140,406,nsga2,20,20,19,0.1,8140,20,587141.0892857112,0.008717292919754982,605929.4999999956,0.008955410681664944,32,2,0,2,917.2996013539378,8.871692506993659
nsga2,1,8160,407,nsga2,20,20,20,0.05,8160,20,587141.0892857112,0.008717292919754982,605929.4999999956,0.008955410681664944,33,2,0,1,919.536996918032,8.871856192130146
nsga2,1,8180,408,nsga2,20,20,20,0.05,8180,20,587141.0892857112,0.008717292919754982,605929.4999999956,0.008955410681664944,33,2,0,4,921.6184252290986,8.87352051144929
nsga2,1,8200,409,nsga2,20,20,20,0.05,8200,20,587141.0892857112,0.008717292919754982,605929.4999999956,0.008955410681664944,34,2,0,2,923.8584707439877,8.873653551499194
nsga2,1,8220,410,nsga2,20,20,20,0.05,8220,20,587141.0892857112,0.008717292919754982,605929.4999999956,0.008955410681664944,34,2,0,4,926.0609053331427,8.874146346825475
nsga2,1,8240,411,nsga2,20,20,20,0.05,8240,20,587141.0892857112,0.008717292919754982,605929.4999999956,0.008955410681664944,35,2,0,3,928.2719894261099,8.87455411112105
nsga2,1,8260,412,nsga2,20,20,20,0.05,8260,20,587141.0892857112,0.008717292919754982,605929.4999999956,0.008955410681664944,35,2,0,2,930.3060781189706,8.876648443163175
nsga2,1,8280,413,nsga2,20,20,20,0.05,8280,20,587141.0892857112,0.008717292919754982,605929.4999999956,0.008955410681664944,36,2,0,1,932.7145964601077,8.875169351286175
nsga2,1,8300,414,nsga2,20,20,20,0.05,8300,20,587141.0892857112,0.008717292919754982,605929.4999999956,0.008955410681664944,36,2,0,1,934.8525749039836,8.876265865612305
nsga2,1,8320,415,nsga2,20,20,20,0.05,8320,20,587141.0892857112,0.008717292919754982,605929.4999999956,0.008955410681664944,36,2,0,0,936.9423066889867,8.877814504283153
nsga2,1,8340,416,nsga2,20,20,19,0.1,8340,20,587141.0892857112,0.008717292919754982,605929.4999999956,0.008955410681664944,38,2,0,3,939.1438748680521,8.878298866796605
nsga2,1,8360,417,nsga2,20,20,19,0.1,8360,20,587141.0892857112,0.008717292919754982,605929.4999999956,0.008955410681664944,38,2,0,3,941.5013942089863,8.87731027421587
nsga2,1,8380,418,nsga2,20,20,19,0.1,8380,20,587141.0892857112,0.008717292919754982,605929.4999999956,0.008955410681664944,38,2,0,0,943.672059066128,8.878084202568203
nsga2,1,8400,419,nsga2,20,20,20,0.05,8400,20,587141.0892857112,0.008717292919754982,605929.4999999956,0.008955410681664944,38,2,0,1,945.9954907840583,8.877420750747538
nsga2,1,8420,420,nsga2,20,20,20,0.05,8420,20,587141.0892857112,0.008717292919754982,605929.4999999956,0.008955410681664944,38,2,0,2,948.1603383780457,8.878245228439008
nsga2,1,8440,421,nsga2,20,20,20,0.05,8440,20,587141.0892857112,0.008717292919754982,605929.4999999956,0.008955410681664944,38,2,0,2,950.3354541470762,8.878970013355005
nsga2,1,8460,422,nsga2,20,20,20,0.05,8460,20,587141.0892857112,0.008717292919754982,605929.4999999956,0.008955410681664944,39,2,0,1,952.6327849850059,8.87855229560793
nsga2,1,8480,423,nsga2,20,20,20,0.05,8480,20,587141.0892857112,0.008717292919754982,605929.4999999956,0.008955410681664944,40,2,0,3,954.7110540741123,8.880173706820692
nsga2,1,8500,424,nsga2,20,20,20,0.05,8500,20,587141.0892857112,0.008717292919754982,605929.4999999956,0.008955410681664944,40,2,0,1,956.8626112940256,8.881107799277077
nsga2,1,8520,425,nsga2,20,20,20,0.05,8520,20,587141.0892857112,0.008717292919754982,605929.4999999956,0.008955410681664944,40,2,0,3,959.1796125390101,8.88050568282233
nsga2,1,8540,426,nsga2,20,20,20,0.05,8540,20,587141.0892857112,0.008717292919754982,605929.4999999956,0.008955410681664944,38,2,0,2,961.3163633230142,8.881571484424141
nsga2,1,8560,427,nsga2,20,20,20,0.05,8560,20,587141.0892857112,0.008717292919754982,605929.4999999956,0.008955410681664944,38,2,0,1,963.4253859750461,8.882888207620535
nsga2,1,8580,428,nsga2,20,20,20,0.05,8580,20,587141.0892857112,0.008717292919754982,605929.4999999956,0.008955410681664944,38,2,0,0,965.5482480020728,8.88407183975501
nsga2,1,8600,429,nsga2,20,20,20,0.05,8600,20,587141.0892857112,0.008717292919754982,605929.4999999956,0.008955410681664944,36,2,0,5,967.5868238869589,8.886024269595145
nsga2,1,8620,430,nsga2,20,20,20,0.05,8620,20,587141.0892857112,0.008717292919754982,605929.4999999956,0.008955410681664944,36,2,0,0,969.8562477731612,8.885852949638013
nsga2,1,8640,431,nsga2,20,20,20,0.05,8640,20,587141.0892857112,0.008717292919754982,605929.4999999956,0.008955410681664944,36,2,0,2,971.9751898590475,8.887058116424404
nsga2,1,8660,432,nsga2,20,20,20,0.05,8660,20,587141.0892857112,0.008717292919754982,605929.4999999956,0.008955410681664944,37,2,0,0,974.1635878931265,8.887624324704129
nsga2,1,8680,433,nsga2,20,20,20,0.05,8680,20,587141.0892857112,0.008717292919754982,605929.4999999956,0.008955410681664944,37,2,0,1,976.4950830840971,8.886885505446665
nsga2,1,8700,434,nsga2,20,20,20,0.05,8700,20,587141.0892857112,0.008717292919754982,605929.4999999956,0.008955410681664944,37,2,0,0,978.7992722140625,8.886398107269695
nsga2,1,8720,435,nsga2,20,20,20,0.05,8720,20,587141.0892857112,0.008717292919754982,605929.4999999956,0.008955410681664944,37,2,0,1,981.0053078951314,8.886802069099453
nsga2,1,8740,436,nsga2,20,20,20,0.05,8740,20,587141.0892857112,0.008717292919754982,605929.4999999956,0.008955410681664944,37,2,0,0,983.25112997205,8.886844605251953
nsga2,1,8760,437,nsga2,20,20,20,0.05,8760,20,587141.0892857112,0.008717292919754982,605929.4999999956,0.008955410681664944,38,2,0,2,985.4243384399451,8.887541801398019
nsga2,1,8780,438,nsga2,20,20,20,0.05,8780,20,587141.0892857112,0.008717292919754982,605929.4999999956,0.008955410681664944,38,2,0,0,987.6060706409626,8.888159217473241
nsga2,1,8800,439,nsga2,20,20,20,0.05,8800,20,587141.0892857112,0.008717292919754982,605929.4999999956,0.008955410681664944,38,2,0,1,989.6500515269581,8.890011157403897
nsga2,1,8820,440,nsga2,20,20,20,0.05,8820,20,587141.0892857112,0.008717292919754982,605929.4999999956,0.008955410681664944,38,2,0,0,991.8166304130573,8.89075634507924
nsga2,1,8840,441,nsga2,20,20,20,0.05,8840,20,587141.0892857112,0.008717292919754982,605929.4999999956,0.008955410681664944,38,2,0,0,993.9276932061184,8.891994921170987
nsga2,1,8860,442,nsga2,20,20,20,0.05,8860,20,587141.0892857112,0.008717292919754982,605929.4999999956,0.008955410681664944,38,2,0,2,996.0924604700413,8.892748767338366
nsga2,1,8880,443,nsga2,20,20,20,0.05,8880,20,587141.0892857112,0.008717292919754982,605929.4999999956,0.008955410681664944,38,2,0,3,998.2367755270097,8.893681556976242
nsga2,1,8900,444,nsga2,20,20,20,0.05,8900,20,587141.0892857112,0.008717292919754982,605929.4999999956,0.008955410681664944,34,2,0,2,1000.5204588680062,8.89337136600609
nsga2,1,8920,445,nsga2,20,20,20,0.05,8920,20,587141.0892857112,0.008717292919754982,605929.4999999956,0.008955410681664944,34,2,0,1,1002.7354234331287,8.893672041092234
nsga2,1,8940,446,nsga2,20,20,20,0.05,8940,20,587141.0892857112,0.008717292919754982,605929.4999999956,0.008955410681664944,34,2,0,3,1004.7582690611016,8.895671999148743
nsga2,1,8960,447,nsga2,20,20,20,0.05,8960,20,587141.0892857112,0.008717292919754982,605929.4999999956,0.008955410681664944,34,2,0,1,1006.8273607869633,8.897255228541056
nsga2,1,8980,448,nsga2,20,20,20,0.05,8980,20,587141.0892857112,0.008717292919754982,605929.4999999956,0.008955410681664944,34,2,0,1,1009.1398898309562,8.896685276710178
nsga2,1,9000,449,nsga2,20,20,20,0.05,9000,20,587141.0892857112,0.008717292919754982,605929.4999999956,0.008955410681664944,34,2,0,1,1011.1349545870908,8.898911029808522
nsga2,1,9020,450,nsga2,20,20,20,0.05,9020,20,587141.0892857112,0.008717292919754982,605929.4999999956,0.008955410681664944,34,2,0,1,1013.317365589086,8.899482340122969
nsga2,1,9040,451,nsga2,20,20,20,0.05,9040,20,587141.0892857112,0.008711242116987705,605977.2321428527,0.008955410681664944,35,2,0,2,1015.4656360370573,8.900350419805026
nsga2,1,9060,452,nsga2,20,20,20,0.05,9060,20,587141.0892857112,0.008711242116987705,605977.2321428527,0.008955410681664944,36,2,0,3,1017.6530607901514,8.900872359158399
nsga2,1,9080,453,nsga2,20,20,20,0.05,9080,20,587141.0892857112,0.008711242116987705,605977.2321428527,0.008955410681664944,36,2,0,1,1019.9604386619758,8.900345205456084
nsga2,1,9100,454,nsga2,20,20,20,0.05,9100,20,587141.0892857112,0.008711242116987705,605977.2321428527,0.008955410681664944,34,2,0,3,1022.1483474660199,8.900860645673012
nsga2,1,9120,455,nsga2,20,20,20,0.05,9120,20,587141.0892857112,0.008711242116987705,605977.2321428527,0.008955410681664944,34,2,0,0,1024.4344281191006,8.900520862756423
nsga2,1,9140,456,nsga2,20,20,20,0.05,9140,20,587141.0892857112,0.008711242116987705,605977.2321428527,0.008955410681664944,34,2,0,1,1026.7274638439994,8.900122302940972
nsga2,1,9160,457,nsga2,20,20,20,0.05,9160,20,587141.0892857112,0.008711242116987705,605977.2321428527,0.008955410681664944,34,2,0,2,1028.9856737360824,8.900026728991053
nsga2,1,9180,458,nsga2,20,20,19,0.1,9180,20,587141.0892857112,0.008711242116987705,605977.2321428527,0.008955410681664944,34,2,0,1,1031.2426659369376,8.899942082653562
nsga2,1,9200,459,nsga2,20,20,19,0.1,9200,20,587141.0892857112,0.008711242116987705,605977.2321428527,0.008955410681664944,34,2,0,0,1033.5007373290136,8.899848512707765
nsga2,1,9220,460,nsga2,20,20,19,0.1,9220,20,587141.0892857112,0.008711242116987705,605977.2321428527,0.008955410681664944,34,2,0,0,1035.5416091741063,8.901622028835513
nsga2,1,9240,461,nsga2,20,20,20,0.05,9240,20,587141.0892857112,0.008711242116987705,605977.2321428527,0.008955410681664944,35,2,0,2,1037.6304157080594,8.902977264497554
nsga2,1,9260,462,nsga2,20,20,20,0.05,9260,20,587141.0892857112,0.008711242116987705,605977.2321428527,0.008955410681664944,33,2,0,1,1039.788073490141,8.90373744038504
nsga2,1,9280,463,nsga2,20,20,20,0.05,9280,20,587141.0892857112,0.008711242116987705,605977.2321428527,0.008955410681664944,33,2,0,0,1041.9135857289657,8.904769193031234
nsga2,1,9300,464,nsga2,20,20,20,0.05,9300,20,587141.0892857112,0.008711242116987705,605977.2321428527,0.008955410681664944,33,2,0,0,1044.0362844669726,8.905820744292472
nsga2,1,9320,465,nsga2,20,20,20,0.05,9320,20,587141.0892857112,0.008711242116987705,605977.2321428527,0.008955410681664944,33,2,0,1,1046.0466498490423,8.907824523260702
nsga2,1,9340,466,nsga2,20,20,20,0.05,9340,20,587141.0892857112,0.008711242116987705,605977.2321428527,0.008955410681664944,33,2,0,2,1048.0912204659544,8.909529836390162
nsga2,1,9360,467,nsga2,20,20,20,0.05,9360,20,587141.0892857112,0.008711242116987705,605977.2321428527,0.008955410681664944,33,2,0,1,1050.1109844429884,8.911439018004154
nsga2,1,9380,468,nsga2,20,20,20,0.05,9380,20,587141.0892857112,0.008711242116987705,605977.2321428527,0.008955410681664944,33,2,0,0,1052.1476867559832,8.913197375279665
nsga2,1,9400,469,nsga2,20,20,20,0.05,9400,20,587141.0892857112,0.008711242116987705,605977.2321428527,0.008955410681664944,33,2,0,1,1054.1689723031595,8.91507931547933
nsga2,1,9420,470,nsga2,20,20,20,0.05,9420,20,587070.3035714255,0.008711242116987705,605977.2321428527,0.008930123411118984,34,2,0,2,1056.1994482439477,8.916876462734857
nsga2,1,9440,471,nsga2,20,20,20,0.05,9440,20,587070.3035714255,0.008711242116987705,605977.2321428527,0.008930123411118984,35,2,0,2,1058.311561287148,8.917978736357412
nsga2,1,9460,472,nsga2,20,20,20,0.05,9460,20,587070.3035714255,0.008711242116987705,605977.2321428527,0.008930123411118984,36,2,0,1,1060.4321834139992,8.91900505089399
nsga2,1,9480,473,nsga2,20,20,20,0.05,9480,20,587070.3035714255,0.008711242116987705,605977.2321428527,0.008930123411118984,36,2,0,0,1062.4620256249327,8.920789422497343
nsga2,1,9500,474,nsga2,20,20,20,0.05,9500,20,587070.3035714255,0.008711242116987705,605977.2321428527,0.008930123411118984,36,2,0,1,1064.4571339220274,8.922858138029763
nsga2,1,9520,475,nsga2,20,20,20,0.05,9520,20,587070.3035714255,0.008711242116987705,605977.2321428527,0.008930123411118984,36,2,0,1,1066.5380176729523,8.924201333926232
nsga2,1,9540,476,nsga2,20,20,20,0.05,9540,20,587070.3035714255,0.008711242116987705,605977.2321428527,0.008930123411118984,36,2,0,0,1068.6276528870221,8.925466203529341
nsga2,1,9560,477,nsga2,20,20,19,0.1,9560,20,587070.3035714255,0.008711242116987705,605977.2321428527,0.008930123411118984,36,2,0,2,1070.6493876751047,8.92729226769094
nsga2,1,9580,478,nsga2,20,20,20,0.05,9580,20,587070.3035714255,0.008711242116987705,605977.2321428527,0.008930123411118984,36,2,0,2,1072.6814929160755,8.929025123722688
nsga2,1,9600,479,nsga2,20,20,20,0.05,9600,20,587070.3035714255,0.008711242116987705,605977.2321428527,0.008930123411118984,37,2,0,2,1074.6895697680302,8.930951104393532
nsga2,1,9620,480,nsga2,20,20,20,0.05,9620,20,587070.3035714255,0.008711242116987705,605977.2321428527,0.008930123411118984,37,2,0,1,1076.7774929821026,8.932207501257517
nsga2,1,9640,481,nsga2,20,20,20,0.05,9640,20,587070.3035714255,0.008711242116987705,605977.2321428527,0.008930123411118984,37,2,0,1,1078.7535210109781,8.934385670386996
nsga2,1,9660,482,nsga2,20,20,20,0.05,9660,20,587070.3035714255,0.008711242116987705,605977.2321428527,0.008930123411118984,38,2,0,1,1080.7613892031368,8.93629259564963
nsga2,1,9680,483,nsga2,20,20,20,0.05,9680,20,587070.3035714255,0.00871113408356905,606072.5892857099,0.008930123411118984,39,2,0,2,1082.7938403750304,8.937989522223345
nsga2,1,9700,484,nsga2,20,20,20,0.05,9700,20,587070.3035714255,0.00871113408356905,606072.5892857099,0.008930123411118984,39,2,0,1,1084.8196046641096,8.939735194961536
nsga2,1,9720,485,nsga2,20,20,20,0.05,9720,20,587070.3035714255,0.00871113408356905,606072.5892857099,0.008930123411118984,39,2,0,1,1086.8722289230209,8.941253388753472
nsga2,1,9740,486,nsga2,20,20,20,0.05,9740,20,587070.3035714255,0.00871113408356905,606072.5892857099,0.008930123411118984,39,2,0,1,1088.9998449529521,8.942150033474714
nsga2,1,9760,487,nsga2,20,20,20,0.05,9760,20,587070.3035714255,0.00871113408356905,606072.5892857099,0.008930123411118984,39,2,0,1,1091.0611417561304,8.94358677671711
nsga2,1,9780,488,nsga2,20,20,20,0.05,9780,20,587070.3035714255,0.00871113408356905,606072.5892857099,0.008930123411118984,39,2,0,0,1093.2854903049301,8.943684048411546
nsga2,1,9800,489,nsga2,20,20,20,0.05,9800,20,587070.3035714255,0.00871113408356905,606072.5892857099,0.008930123411118984,39,2,0,1,1095.4273180800956,8.944454678355564
nsga2,1,9820,490,nsga2,20,20,20,0.05,9820,20,587070.3035714255,0.00871113408356905,606072.5892857099,0.008930123411118984,39,2,0,1,1097.440055744024,8.946274512773964
nsga2,1,9840,491,nsga2,20,20,20,0.05,9840,20,587070.3035714255,0.00871113408356905,606072.5892857099,0.008930123411118984,39,2,0,1,1099.4906374830753,8.947779694169009
nsga2,1,9860,492,nsga2,20,20,20,0.05,9860,20,587070.3035714255,0.00871113408356905,606072.5892857099,0.008930123411118984,39,2,0,0,1101.485365969129,8.949733064611852
nsga2,1,9880,493,nsga2,20,20,20,0.05,9880,20,587070.3035714255,0.00871113408356905,606072.5892857099,0.008930123411118984,39,2,0,2,1103.4883840689436,8.951612126243138
nsga2,1,9900,494,nsga2,20,20,20,0.05,9900,20,587070.3035714255,0.00871113408356905,606072.5892857099,0.008930123411118984,39,2,0,0,1105.5485003921203,8.953021958321447
nsga2,1,9920,495,nsga2,20,20,20,0.05,9920,20,587070.3035714255,0.00871113408356905,606072.5892857099,0.008930123411118984,39,2,0,1,1107.873269469943,8.95228748026859
nsga2,1,9940,496,nsga2,20,20,20,0.05,9940,20,587070.3035714255,0.00871113408356905,606072.5892857099,0.008930123411118984,39,2,0,0,1110.2004952889401,8.951536269503773
nsga2,1,9960,497,nsga2,20,20,20,0.05,9960,20,587070.3035714255,0.00871113408356905,606072.5892857099,0.008930123411118984,39,2,0,0,1112.5814865301363,8.95035565534756
nsga2,1,9980,498,nsga2,20,20,20,0.05,9980,20,587070.3035714255,0.00871113408356905,606072.5892857099,0.008930123411118984,39,2,0,2,1114.595282444032,8.952128326006111
nsga2,1,10000,499,nsga2,20,20,20,0.05,10000,20,587070.3035714255,0.00871113408356905,606072.5892857099,0.008930123411118984,39,2,0,0,1116.625697575044,8.953761338031606
moead,2,20,0,moead,19,20,19,0.05263157894736842,20,3,680436.9464285695,0.009542316198348999,1319193.9464285683,0.02150079421699047,3,1,0,0,4.405504000140354,4.312786913686762
moead,2,40,1,moead,20,4,4,0.5,40,11,629730.1785714237,0.009213881567120552,644905.6785714215,0.010793710127472878,1,1,0,84,31.108441434102133,1.2536790080793592
moead,2,60,2,moead,20,4,4,0.35,60,20,612549.5535714229,0.009159521199762821,612591.0892857088,0.009225794114172459,2,1,0,76,54.21436051116325,1.0882725433577942
moead,2,80,3,moead,20,4,4,0.5,80,10,605912.9464285668,0.009116125293076038,612591.0892857088,0.009180375374853611,1,1,0,29,77.54954223008826,1.0187036277481594
moead,2,100,4,moead,20,5,4,0.5,100,10,604670.9999999952,0.00909730326384306,605912.9464285668,0.009116125293076038,1,1,0,33,100.44328165217303,0.9856308791545562
moead,2,120,5,moead,20,2,2,0.5,120,10,604670.9999999952,0.00909730326384306,605912.9464285668,0.00911470502614975,1,1,0,10,123.29134948714636,0.9651934259378534
moead,2,140,6,moead,20,4,3,0.7,140,20,604670.9999999952,0.00909730326384306,604670.9999999952,0.00909730326384306,1,1,0,10,146.08057430805638,0.9515296654493924
moead,2,160,7,moead,20,4,4,0.5,160,20,604670.9999999952,0.00909637100994587,604861.9285714239,0.00909730326384306,2,1,0,10,168.9331743440125,0.941200570091788
moead,2,180,8,moead,20,5,5,0.35,180,20,604670.9999999952,0.00909637100994587,604861.9285714239,0.00909730326384306,4,1,0,3,192.027536557056,0.9321579769723015
moead,2,200,9,moead,20,5,5,0.35,200,16,604670.9999999952,0.009091882966458797,604861.9285714239,0.00909730326384306,3,1,0,11,215.22403658018447,0.9246179151828147
moead,2,220,10,moead,20,6,5,0.35,220,20,604670.9999999952,0.009090951643884182,604909.6071428524,0.00909730326384306,4,1,0,11,238.02681732713245,0.9200643963533617
moead,2,240,11,moead,20,8,5,0.4,240,20,604627.8214285666,0.009090951643884182,604909.6071428524,0.00909859873354435,5,1,0,10,260.7800572530832,0.9164811240456705
moead,2,260,12,moead,20,10,7,0.35,260,13,604627.8214285666,0.009090951643884182,604909.6071428524,0.00909859873354435,5,1,0,3,283.56241231109016,0.9133791671790996
moead,2,280,13,moead,20,6,5,0.4,280,11,604627.8214285666,0.009088665246963501,604670.9999999953,0.00909859873354435,5,1,0,14,306.51206900621764,0.9102414821856181
moead,2,300,14,moead,20,2,2,0.5,300,10,600044.8392857098,0.00906431209295988,600140.1964285669,0.009069684892892838,1,1,0,28,329.3613863410428,0.9078174078681931
moead,2,320,15,moead,20,5,3,0.7,320,20,600044.8392857098,0.00906431209295988,600044.8392857098,0.00906431209295988,1,1,0,10,352.23725498700514,0.9056395809459981
moead,2,340,16,moead,20,5,3,0.7,340,20,600044.8392857098,0.00906431209295988,600044.8392857098,0.00906431209295988,1,1,0,0,374.95709257014096,0.9041034473473397
moead,2,360,17,moead,20,5,3,0.7,360,20,600044.8392857098,0.00906431209295988,600044.8392857098,0.00906431209295988,1,1,0,0,397.72754467302,0.9026279542573328
moead,2,380,18,moead,20,4,4,0.45,380,19,600044.8392857098,0.00904904305934906,600657.5892857097,0.00906431209295988,2,1,0,33,420.9873930620961,0.9002644883099792
moead,2,400,19,moead,20,7,7,0.35,400,19,600044.8392857098,0.00904904305934906,600657.5892857097,0.00906431209295988,3,1,0,10,443.8967059410643,0.8988577627628866
moead,2,420,20,moead,20,7,7,0.35,420,19,600044.8392857098,0.00904904305934906,600657.5892857097,0.00906431209295988,3,1,0,2,466.8604081121739,0.8974845429585574
moead,2,440,21,moead,20,7,7,0.35,440,19,600044.8392857098,0.00904904305934906,600657.5892857097,0.00906431209295988,3,1,0,0,489.7118561170064,0.8964455210067656
moead,2,460,22,moead,20,7,7,0.35,460,19,600044.8392857098,0.00904904305934906,600657.5892857097,0.00906431209295988,3,1,0,0,512.6416922640055,0.8953622128799064
moead,2,480,23,moead,20,7,7,0.35,480,19,600044.8392857098,0.00904904305934906,600657.5892857097,0.00906431209295988,3,1,0,0,535.82168486109,0.8939541148361309
moead,2,500,24,moead,20,7,7,0.35,500,19,600044.8392857098,0.00904904305934906,600657.5892857097,0.00906431209295988,3,1,0,0,558.9322127101477,0.8927737365152946
moead,2,520,25,moead,20,4,4,0.4,520,15,598889.9821428526,0.008429656736552715,686622.8392857118,0.00908956490457058,6,1,0,22,582.6394583079964,0.8907738612609462
moead,2,540,26,moead,20,4,4,0.4,540,20,598889.9821428526,0.008256878703832626,683574.339285712,0.00908956490457058,9,1,0,16,608.1199410941917,0.8863383085747458
moead,2,560,27,moead,20,5,4,0.45,560,20,598889.9821428526,0.008014144375920296,665450.1249999981,0.00908956490457058,6,1,0,28,632.5390060162172,0.8837399665210025
moead,2,580,28,moead,20,6,6,0.45,580,20,598720.4821428526,0.008014144375920296,665450.1249999981,0.009071803651750088,6,1,0,16,657.4050087460782,0.8807356078779709
moead,2,600,29,moead,20,6,6,0.4,600,19,598672.8035714241,0.008014144375920296,665450.1249999981,0.009070481173694134,6,1,0,31,681.8811459601857,0.8784522105483981
moead,2,620,30,moead,20,5,5,0.4,620,19,598672.8035714241,0.007945061661303043,665211.9464285695,0.009070481173694134,6,1,0,3,706.801940402016,0.8757757507682055
moead,2,640,31,moead,20,6,6,0.4,640,17,598672.8035714241,0.007945061661303043,665211.9464285695,0.009070481173694134,6,1,0,5,731.5983557251748,0.8734300658270487
moead,2,660,32,moead,20,5,5,0.4,660,20,598672.8035714241,0.007945061661303043,665211.9464285695,0.009070481173694134,6,1,0,17,756.2221183690708,0.8714370870575066
moead,2,680,33,moead,20,5,5,0.4,680,20,598672.8035714241,0.007945061661303043,665211.9464285695,0.009070481173694134,6,1,0,0,780.0771759250201,0.8704266974544381
moead,2,700,34,moead,20,5,5,0.4,700,20,598672.8035714241,0.007945061661303043,665211.9464285695,0.009070481173694134,6,1,0,0,804.5210263270419,0.8688399396982981
moead,2,720,35,moead,20,5,5,0.4,720,20,598672.8035714241,0.007945061661303043,665211.9464285695,0.009070481173694134,6,1,0,0,829.0239444121253,0.8672849618473383
moead,2,740,36,moead,20,5,5,0.45,740,19,598672.8035714241,0.007931890897452831,665211.9464285695,0.009070481173694134,6,1,0,11,853.782516349107,0.865560006030654
moead,2,760,37,moead,20,5,5,0.45,760,19,598672.8035714241,0.007931890897452831,665211.9464285695,0.009070481173694134,6,1,0,0,878.1527910111472,0.864314283082846
moead,2,780,38,moead,20,4,4,0.45,780,20,598672.8035714241,0.007931890897452831,664988.392857141,0.009070481173694134,5,1,0,3,902.4873861800879,0.8631699588591851
moead,2,800,39,moead,20,4,4,0.45,800,20,598672.8035714241,0.007931890897452831,664988.392857141,0.009070481173694134,5,1,0,0,926.6921664359979,0.8622064898561792
moead,2,820,40,moead,20,4,4,0.45,820,20,598672.8035714241,0.007931890897452831,664988.392857141,0.009070481173694134,5,1,0,0,951.630342095159,0.8606282962739995
moead,2,840,41,moead,20,5,5,0.45,840,20,598672.8035714241,0.007931890897452831,664988.392857141,0.009070481173694134,6,1,0,23,976.0189846940339,0.8596144267245098
moead,2,860,42,moead,20,5,5,0.45,860,20,598672.8035714241,0.007931890897452831,664988.392857141,0.009070481173694134,6,1,0,0,1001.0581558439881,0.8580920049303036
moead,2,880,43,moead,20,5,5,0.45,880,20,598672.8035714241,0.007931890897452831,664988.392857141,0.009070481173694134,6,1,0,0,1026.1480089640245,0.8566015743551637
moead,2,900,44,moead,20,5,5,0.45,900,20,598672.8035714241,0.007931890897452831,664988.392857141,0.009070481173694134,6,1,0,0,1050.6679084862117,0.8556461968037714
moead,2,920,45,moead,20,5,5,0.45,920,20,598529.7678571384,0.00791869405657053,664446.6071428553,0.00906545203179121,7,1,0,6,1075.959001915995,0.8541217633418252
moead,2,940,46,moead,20,5,5,0.45,940,20,598529.7678571384,0.00791869405657053,664446.6071428553,0.00906545203179121,7,1,0,7,1099.8785067580175,0.8537306568229793
moead,2,960,47,moead,20,5,5,0.4,960,20,597903.4107142813,0.00791869405657053,664446.6071428553,0.009046419523656368,7,1,0,13,1124.0985160199925,0.853128072257809
moead,2,980,48,moead,20,5,5,0.4,980,20,597903.4107142813,0.00791869405657053,664446.6071428553,0.009046419523656368,7,1,0,0,1148.8546912469901,0.8521530246243532
moead,2,1000,49,moead,20,6,6,0.4,1000,20,597903.4107142813,0.00791869405657053,664446.6071428553,0.009046419523656368,10,1,0,11,1173.195765057113,0.851520291629562
moead,2,1020,50,moead,20,6,6,0.4,1020,20,597903.4107142813,0.00791869405657053,664446.6071428553,0.009046419523656368,10,1,0,0,1197.8975201521534,0.8506570744637401
moead,2,1040,51,moead,20,7,7,0.35,1040,20,597903.4107142813,0.00791869405657053,664446.6071428553,0.009046419523656368,12,1,0,7,1222.4615718421992,0.8499244671014646
moead,2,1060,52,moead,20,7,7,0.35,1060,20,597903.4107142813,0.00791869405657053,664446.6071428553,0.009046419523656368,12,1,0,0,1246.5385262269992,0.849552563132856
moead,2,1080,53,moead,20,7,7,0.35,1080,20,597903.4107142813,0.00791869405657053,664446.6071428553,0.009046419523656368,13,1,0,0,1270.6433997331187,0.8491760947458816
moead,2,1100,54,moead,20,7,7,0.35,1100,20,597903.4107142813,0.00791869405657053,664446.6071428553,0.009046419523656368,13,1,0,0,1294.721286549,0.8488313364564484
moead,2,1120,55,moead,20,7,7,0.35,1120,20,597903.4107142813,0.00787064153701067,663636.2321428553,0.009046419523656368,13,1,0,1,1318.9175650621764,0.8484230020450505
moead,2,1140,56,moead,20,7,7,0.35,1140,20,597903.4107142813,0.00787064153701067,663636.2321428553,0.009046419523656368,13,1,0,0,1342.8373749940656,0.848203975559612
moead,2,1160,57,moead,20,7,7,0.35,1160,20,597903.4107142813,0.00787064153701067,663636.2321428553,0.009046419523656368,13,1,0,0,1367.1273170041386,0.8477630324436648
moead,2,1180,58,moead,20,7,7,0.35,1180,20,597903.4107142813,0.00787064153701067,663636.2321428553,0.009046419523656368,13,1,0,0,1391.0462886260357,0.8475634561122491
moead,2,1200,59,moead,20,7,7,0.35,1200,20,597903.4107142813,0.00787064153701067,663636.2321428553,0.009046419523656368,13,1,0,0,1415.558735105209,0.8470153659225496
moead,2,1220,60,moead,20,8,8,0.35,1220,20,597903.4107142813,0.00787064153701067,663636.2321428553,0.009046419523656368,12,1,0,7,1439.7303784380201,0.8466863089480039
moead,2,1240,61,moead,20,8,8,0.35,1240,20,597903.4107142813,0.00787064153701067,663636.2321428553,0.009046419523656368,10,1,0,6,1464.2527006110176,0.8461654190447988
moead,2,1260,62,moead,20,8,8,0.35,1260,20,597903.4107142813,0.00787064153701067,663636.2321428553,0.009046419523656368,10,1,0,0,1488.34275118215,0.8459073012584034
moead,2,1280,63,moead,20,8,8,0.35,1280,20,597903.4107142813,0.00787064153701067,663636.2321428553,0.009046419523656368,10,1,0,2,1512.6734612181317,0.8455228658338739
moead,2,1300,64,moead,20,9,9,0.35,1300,19,597903.4107142813,0.00787064153701067,663636.2321428553,0.009046419523656368,11,1,0,2,1536.9953145210166,0.8451554716709175
moead,2,1320,65,moead,20,9,9,0.35,1320,20,597903.4107142813,0.00787064153701067,663636.2321428553,0.009046419523656368,11,1,0,1,1562.3856079610996,0.8442218062423682
moead,2,1340,66,moead,20,9,9,0.35,1340,20,597903.4107142813,0.00787064153701067,663636.2321428553,0.009046419523656368,12,1,0,1,1586.741751017049,0.8438676294625419
moead,2,1360,67,moead,20,9,9,0.35,1360,20,597903.4107142813,0.00787064153701067,663636.2321428553,0.009046419523656368,12,1,0,1,1611.924722594209,0.8430914799872568
moead,2,1380,68,moead,20,9,9,0.35,1380,20,597903.4107142813,0.00787064153701067,663636.2321428553,0.009046419523656368,12,1,0,0,1636.5147961040493,0.8426443826129167
moead,2,1400,69,moead,20,9,9,0.35,1400,20,597903.4107142813,0.00787064153701067,663636.2321428553,0.009046419523656368,12,1,0,0,1660.5969100811053,0.8424681459461896
moead,2,1420,70,moead,20,9,9,0.35,1420,20,597903.4107142813,0.00787064153701067,663636.2321428553,0.009046419523656368,12,1,0,0,1684.3633342431858,0.8424548143216272
moead,2,1440,71,moead,20,9,9,0.35,1440,20,597903.4107142813,0.00787064153701067,663636.2321428553,0.009046419523656368,12,1,0,0,1708.50565603422,0.842256503464088
moead,2,1460,72,moead,20,9,9,0.35,1460,20,597903.4107142813,0.00787064153701067,663636.2321428553,0.009046419523656368,12,1,0,0,1732.7240049161483,0.8420267716384557
moead,2,1480,73,moead,20,9,9,0.35,1480,20,597903.4107142813,0.00787064153701067,663636.2321428553,0.009046419523656368,12,1,0,0,1757.201281280024,0.8416793316486944
moead,2,1500,74,moead,20,9,9,0.35,1500,20,597903.4107142813,0.00787064153701067,663636.2321428553,0.009046419523656368,13,1,0,1,1781.115041821031,0.8416076248883995
moead,2,1520,75,moead,20,9,9,0.35,1520,20,597903.4107142813,0.00787064153701067,663636.2321428553,0.009046419523656368,13,1,0,0,1805.0936929660384,0.8415075660167292
moead,2,1540,76,moead,20,9,9,0.35,1540,20,597903.4107142813,0.00787064153701067,663636.2321428553,0.009046419523656368,13,1,0,0,1829.2734151131008,0.8413176440903156
moead,2,1560,77,moead,20,9,9,0.35,1560,20,597903.4107142813,0.00787064153701067,663636.2321428553,0.009046419523656368,14,1,0,0,1853.6574851900805,0.8410399507221448
moead,2,1580,78,moead,20,9,9,0.35,1580,20,597903.4107142813,0.00787064153701067,663636.2321428553,0.009046419523656368,14,1,0,0,1877.5387788671069,0.8409946136786357
moead,2,1600,79,moead,20,9,9,0.35,1600,20,597903.4107142813,0.00787064153701067,663636.2321428553,0.009046419523656368,14,1,0,0,1901.3890193821862,0.8409641497348919
moead,2,1620,80,moead,20,9,9,0.35,1620,20,597903.4107142813,0.00787064153701067,663636.2321428553,0.009046419523656368,15,1,0,1,1925.962369215209,0.840618708796325
moead,2,1640,81,moead,20,9,9,0.35,1640,20,597903.4107142813,0.00787064153701067,663636.2321428553,0.009046419523656368,15,1,0,0,1949.6187260821462,0.8406771939935407
moead,2,1660,82,moead,20,9,9,0.35,1660,20,597903.4107142813,0.00787064153701067,663636.2321428553,0.009046419523656368,15,1,0,0,1975.1525226100348,0.8399351346334206
moead,2,1680,83,moead,20,8,8,0.35,1680,20,597903.4107142813,0.00787064153701067,663636.2321428553,0.009046419523656368,14,1,0,7,2000.914751158096,0.8391162087381399
moead,2,1700,84,moead,20,8,8,0.35,1700,20,597903.4107142813,0.00787064153701067,663636.2321428553,0.009046419523656368,14,1,0,0,2024.5950727150775,0.8391801515754757
moead,2,1720,85,moead,20,7,7,0.35,1720,20,597903.4107142813,0.00787064153701067,663636.2321428553,0.009046419523656368,13,1,0,2,2049.1470728190616,0.8388856138252341
moead,2,1740,86,moead,20,7,7,0.35,1740,20,597903.4107142813,0.00787064153701067,663636.2321428553,0.009046419523656368,13,1,0,0,2073.353770966176,0.8387377129517226
moead,2,1760,87,moead,20,7,7,0.35,1760,20,597903.4107142813,0.00787064153701067,663636.2321428553,0.009046419523656368,13,1,0,0,2097.165825826116,0.8387510316725166
moead,2,1780,88,moead,20,7,7,0.35,1780,20,597903.4107142813,0.00787064153701067,663636.2321428553,0.009046419523656368,13,1,0,0,2121.360650908202,0.8386127079515547
moead,2,1800,89,moead,20,7,7,0.35,1800,20,597903.4107142813,0.00787064153701067,663636.2321428553,0.009046419523656368,13,1,0,0,2145.5881985130254,0.8384647162240991
moead,2,1820,90,moead,20,7,7,0.35,1820,20,597903.4107142813,0.00787064153701067,663636.2321428553,0.009046419523656368,12,1,0,0,2169.68179983506,0.8383717834284646
moead,2,1840,91,moead,20,7,7,0.35,1840,20,597903.4107142813,0.00787064153701067,663636.2321428553,0.009046419523656368,12,1,0,0,2194.1427624640055,0.8381405401054292
moead,2,1860,92,moead,20,7,7,0.35,1860,20,597903.4107142813,0.00787064153701067,663636.2321428553,0.009046419523656368,13,1,0,0,2218.040405997075,0.8381272022699353
moead,2,1880,93,moead,20,7,7,0.35,1880,20,597903.4107142813,0.00787064153701067,663636.2321428553,0.009046419523656368,13,1,0,0,2242.425356535008,0.8379320161200048
moead,2,1900,94,moead,20,7,7,0.35,1900,20,597903.4107142813,0.00787064153701067,663636.2321428553,0.009046419523656368,13,1,0,0,2266.6043186911847,0.8378171630311495
moead,2,1920,95,moead,20,7,7,0.35,1920,20,597903.4107142813,0.00787064153701067,663636.2321428553,0.009046419523656368,13,1,0,0,2291.295683450997,0.8375173985008038
moead,2,1940,96,moead,20,7,7,0.35,1940,20,597903.4107142813,0.00787064153701067,663636.2321428553,0.009046419523656368,13,1,0,7,2315.4255420980044,0.8374270581135053
moead,2,1960,97,moead,20,7,7,0.35,1960,20,597903.4107142813,0.00787064153701067,663636.2321428553,0.009046419523656368,14,1,0,0,2339.280514104059,0.8374369761081407
moead,2,1980,98,moead,20,7,7,0.35,1980,20,597903.4107142813,0.00787064153701067,663636.2321428553,0.009046419523656368,14,1,0,0,2365.565449751215,0.8365864492179365
moead,2,2000,99,moead,20,7,7,0.35,2000,20,597903.4107142813,0.00787064153701067,663636.2321428553,0.009046419523656368,14,1,0,0,2390.974158488214,0.8360608971466028
moead,2,2020,100,moead,20,7,7,0.35,2020,20,597903.4107142813,0.00787064153701067,663636.2321428553,0.009046419523656368,14,1,0,0,2415.0093327171635,0.8360216139323953
moead,2,2040,101,moead,20,7,7,0.35,2040,20,597903.4107142813,0.00787064153701067,663636.2321428553,0.009046419523656368,14,1,0,0,2439.330472260015,0.8358851017471557
moead,2,2060,102,moead,20,7,7,0.35,2060,20,597903.4107142813,0.00787064153701067,663636.2321428553,0.009046419523656368,14,1,0,0,2463.832352334168,0.8356899762475151
moead,2,2080,103,moead,20,7,7,0.35,2080,20,597903.4107142813,0.00787064153701067,663636.2321428553,0.009046419523656368,14,1,0,0,2488.334643029142,0.835498555559696
moead,2,2100,104,moead,20,7,7,0.35,2100,20,597903.4107142813,0.00787064153701067,663636.2321428553,0.009046419523656368,14,1,0,0,2512.2876658851746,0.8354934940384076
moead,2,2120,105,moead,20,7,7,0.35,2120,20,597903.4107142813,0.00787064153701067,663636.2321428553,0.009046419523656368,14,1,0,0,2536.321628353093,0.8354618658422781
moead,2,2140,106,moead,20,6,6,0.35,2140,20,597903.4107142813,0.007867309264838696,659032.2678571407,0.009046419523656368,5,1,0,10,2560.966227475088,0.8352316313475505
moead,2,2160,107,moead,20,6,6,0.35,2160,20,597903.4107142813,0.007867309264838696,659032.2678571407,0.009046419523656368,5,1,0,0,2585.49740212108,0.8350424170717821
moead,2,2180,108,moead,20,6,6,0.35,2180,20,597903.4107142813,0.007867309264838696,659032.2678571407,0.009046419523656368,5,1,0,0,2609.4154317132197,0.8350529292951145
moead,2,2200,109,moead,20,6,6,0.4,2200,20,597903.4107142813,0.007864637300372124,659079.9464285694,0.009046419523656368,6,1,0,11,2633.7900768769905,0.834918477104849
moead,2,2220,110,moead,20,7,7,0.4,2220,13,597903.4107142813,0.007864637300372124,659079.9464285694,0.009046419523656368,7,1,0,2,2657.557019028114,0.8349773811481579
moead,2,2240,111,moead,20,7,7,0.4,2240,13,597903.4107142813,0.007864637300372124,659079.9464285694,0.009046419523656368,7,1,0,0,2682.0650523861405,0.8348045093119718
moead,2,2260,112,moead,20,7,7,0.4,2260,13,597903.4107142813,0.007864637300372124,659079.9464285694,0.009046419523656368,7,1,0,0,2705.8267152851913,0.8348649923658927
moead,2,2280,113,moead,20,7,7,0.4,2280,20,597903.4107142813,0.007864637300372124,659079.9464285694,0.009046419523656368,8,1,0,8,2730.130051720189,0.8347587685663755
moead,2,2300,114,moead,20,7,7,0.4,2300,20,597903.4107142813,0.007864637300372124,659079.9464285694,0.009046419523656368,8,1,0,0,2754.036479278002,0.8347747087949633
moead,2,2320,115,moead,20,5,5,0.5,2320,20,597903.4107142813,0.007569948211312294,652977.357142855,0.009046419523656368,6,1,0,17,2778.0764408879913,0.8347502487220074
moead,2,2340,116,moead,20,5,5,0.5,2340,20,597903.4107142813,0.007569948211312294,652977.357142855,0.009046419523656368,7,1,0,0,2802.3438579991926,0.8346584568212092
moead,2,2360,117,moead,20,5,5,0.5,2360,20,597903.4107142813,0.007569948211312294,652977.357142855,0.009046419523656368,7,1,0,7,2826.695198374102,0.8345434631073356
moead,2,2380,118,moead,20,6,6,0.35,2380,20,597903.4107142813,0.007569948211312294,652977.357142855,0.009046419523656368,9,1,0,14,2850.479394342052,0.8345964558530412
moead,2,2400,119,moead,20,7,6,0.4,2400,20,597903.4107142813,0.007569948211312294,652977.357142855,0.009046419523656368,11,1,0,3,2874.337994110072,0.8346269662495825
moead,2,2420,120,moead,20,8,7,0.4,2420,20,597903.4107142813,0.007552159484475851,653311.482142855,0.009046419523656368,12,1,0,1,2898.383443833096,0.8346031665157754
moead,2,2440,121,moead,20,9,8,0.4,2440,16,597903.4107142813,0.007552159484475851,653311.482142855,0.009046419523656368,12,1,0,4,2922.557884917129,0.8345429230289342
moead,2,2460,122,moead,20,8,7,0.4,2460,20,597903.4107142813,0.007552159484475851,653311.482142855,0.009046419523656368,14,1,0,11,2947.1581864510663,0.8343630862112289
moead,2,2480,123,moead,20,8,7,0.4,2480,20,597855.7321428526,0.007552159484475851,653311.482142855,0.009045149199664593,14,1,0,8,2972.3792481531855,0.8340120129489753
moead,2,2500,124,moead,20,8,7,0.4,2500,14,593001.2857142813,0.007552159484475851,653311.482142855,0.00909509789198637,6,1,0,15,2996.493411493022,0.833974802152112
moead,2,2520,125,moead,20,7,6,0.4,2520,20,592454.6607142813,0.007552159484475851,653311.482142855,0.008866842836141586,6,1,0,19,3020.4720786490943,0.8339755953402563
moead,2,2540,126,moead,20,7,6,0.4,2540,20,592454.6607142813,0.007552159484475851,653311.482142855,0.008866842836141586,6,1,0,1,3044.323796374025,0.8340111531579208
moead,2,2560,127,moead,20,7,6,0.4,2560,20,592454.6607142813,0.007552159484475851,653311.482142855,0.008866842836141586,6,1,0,0,3068.1390512851067,0.8340560702188999
moead,2,2580,128,moead,20,7,6,0.45,2580,20,591175.1785714243,0.007552159484475851,653311.482142855,0.008919663727283478,8,1,0,10,3092.168919011019,0.8340424043925945
moead,2,2600,129,moead,20,7,6,0.45,2600,20,591175.1785714243,0.007552159484475851,653311.482142855,0.008919663727283478,8,1,0,0,3116.2362458221614,0.8340189237848692
moead,2,2620,130,moead,20,7,6,0.45,2620,20,591175.1785714243,0.007552159484475851,653311.482142855,0.008919663727283478,8,1,0,1,3140.398662792053,0.8339705499910989
moead,2,2640,131,moead,20,7,6,0.45,2640,20,591175.1785714243,0.007552159484475851,653311.482142855,0.008919663727283478,9,1,0,10,3164.7942422539927,0.8338614766059743
moead,2,2660,132,moead,20,8,7,0.4,2660,20,588953.8035714244,0.007552159484475851,653311.482142855,0.009046941064298153,10,1,0,5,3188.442625698168,0.8339494581364039
moead,2,2680,133,moead,20,8,7,0.4,2680,20,588953.8035714244,0.007552159484475851,653311.482142855,0.009046941064298153,10,1,0,10,3213.0348410690203,0.8337911452926108
moead,2,2700,134,moead,20,9,8,0.4,2700,20,588953.8035714244,0.007552159484475851,653311.482142855,0.009046941064298153,11,1,0,1,3236.575090670027,0.833906189224629
moead,2,2720,135,moead,20,9,8,0.4,2720,20,588953.8035714244,0.007552159484475851,653311.482142855,0.009046941064298153,11,1,0,0,3260.282955777133,0.8339766937044546
moead,2,2740,136,moead,20,7,7,0.4,2740,20,588953.8035714244,0.007552159484475851,653311.482142855,0.009046941064298153,11,1,0,7,3284.1665447549894,0.8340015534152332
moead,2,2760,137,moead,20,7,7,0.4,2760,20,588906.1249999958,0.007552159484475851,653311.482142855,0.009045995771884918,12,1,0,1,3307.812421378214,0.8340859905382576
moead,2,2780,138,moead,20,7,7,0.4,2780,20,588906.1249999958,0.007552159484475851,653311.482142855,0.009045995771884918,12,1,0,0,3330.8456847171765,0.8343226504760656
moead,2,2800,139,moead,20,7,7,0.4,2800,20,588906.1249999958,0.007552159484475851,653311.482142855,0.009045995771884918,13,1,0,0,3354.415446449071,0.8344225826180759
moead,2,2820,140,moead,20,7,7,0.4,2820,20,588906.1249999958,0.007552159484475851,653311.482142855,0.009045995771884918,13,1,0,0,3378.0183810251765,0.8345129250434916
moead,2,2840,141,moead,20,7,6,0.4,2840,20,588906.1249999958,0.007550429552793503,653657.7678571407,0.009045995771884918,14,1,0,2,3401.578542134026,0.8346125085263841
moead,2,2860,142,moead,20,7,7,0.4,2860,20,588906.1249999958,0.007550429552793503,653657.7678571407,0.009045995771884918,14,1,0,8,3425.9889412031043,0.8345035693536141
moead,2,2880,143,moead,20,7,7,0.4,2880,20,588906.1249999958,0.007550429552793503,653657.7678571407,0.009045995771884918,14,1,0,0,3449.382982575102,0.834642025702438
moead,2,2900,144,moead,20,8,8,0.3,2900,20,588906.1249999958,0.007550429552793503,653657.7678571407,0.009045995771884918,15,1,0,36,3473.2031100580934,0.8346762075631997
moead,2,2920,145,moead,20,8,8,0.3,2920,20,588906.1249999958,0.007550429552793503,653657.7678571407,0.009045995771884918,15,1,0,0,3497.3362445950042,0.8346352183068471
moead,2,2940,146,moead,20,8,8,0.3,2940,20,588906.1249999958,0.007550429552793503,653657.7678571407,0.009045995771884918,15,1,0,0,3521.0202673131134,0.8347012447737904
moead,2,2960,147,moead,20,9,9,0.3,2960,20,588906.1249999958,0.007550429552793503,653657.7678571407,0.009045995771884918,17,1,0,15,3544.4443865581416,0.8348275998409326
moead,2,2980,148,moead,20,9,9,0.3,2980,20,588906.1249999958,0.007550429552793503,653657.7678571407,0.009045995771884918,17,1,0,3,3568.5104265881237,0.8348021005639156
moead,2,3000,149,moead,20,9,9,0.3,3000,20,588906.1249999958,0.007550429552793503,653657.7678571407,0.009045995771884918,19,1,0,8,3592.465079085203,0.8348028259090762
moead,2,3020,150,moead,20,9,9,0.3,3020,20,588906.1249999958,0.007550429552793503,653657.7678571407,0.009045995771884918,21,1,0,0,3615.7910647101235,0.8349486864617914
moead,2,3040,151,moead,20,10,10,0.3,3040,16,588906.1249999958,0.007550429552793503,653657.7678571407,0.009045995771884918,21,1,0,4,3639.977142699063,0.8348953525973422
moead,2,3060,152,moead,20,8,8,0.4,3060,20,588906.1249999958,0.007550429552793503,653657.7678571407,0.009045995771884918,21,1,0,12,3664.123391622212,0.834851797566155
moead,2,3080,153,moead,20,8,8,0.4,3080,20,588906.1249999958,0.007550429552793503,653657.7678571407,0.009045995771884918,22,1,0,1,3688.820247674128,0.8346842061337547
moead,2,3100,154,moead,20,8,8,0.4,3100,20,588906.1249999958,0.007550429552793503,653657.7678571407,0.009045995771884918,22,1,0,0,3712.812171646161,0.834677289539801
moead,2,3120,155,moead,20,8,8,0.4,3120,12,588906.1249999958,0.007550429552793503,653657.7678571407,0.009045995771884918,19,1,0,1,3737.0241827450227,0.8346213049413412
moead,2,3140,156,moead,20,9,9,0.35,3140,19,588906.1249999958,0.007550429552793503,653657.7678571407,0.009045995771884918,20,1,0,15,3762.2470289880875,0.8343418111075712
moead,2,3160,157,moead,20,9,9,0.35,3160,19,588906.1249999958,0.007550429552793503,653657.7678571407,0.009045995771884918,20,1,0,0,3786.829449554207,0.8342070964859227
moead,2,3180,158,moead,20,9,9,0.35,3180,19,588906.1249999958,0.007550429552793503,653657.7678571407,0.009045995771884918,20,1,0,0,3811.196770636132,0.8341211937659647
moead,2,3200,159,moead,20,9,9,0.35,3200,20,588906.1249999958,0.007550429552793503,653657.7678571407,0.009045995771884918,21,1,0,1,3835.112255016109,0.8341346451634863
moead,2,3220,160,moead,20,9,9,0.35,3220,20,588906.1249999958,0.007550429552793503,653657.7678571407,0.009045995771884918,20,1,0,0,3859.9118733901996,0.8339568636764548
moead,2,3240,161,moead,20,9,9,0.35,3240,20,588906.1249999958,0.007550429552793503,653657.7678571407,0.009045995771884918,20,1,0,0,3883.8686381371226,0.8339622942431878
moead,2,3260,162,moead,20,9,9,0.35,3260,20,588906.1249999958,0.007550429552793503,653657.7678571407,0.009045995771884918,20,1,0,0,3907.6934745921753,0.8339958139475421
moead,2,3280,163,moead,20,9,9,0.35,3280,20,588906.1249999958,0.007550429552793503,653657.7678571407,0.009045995771884918,20,1,0,0,3931.380326531129,0.8340582003403472
moead,2,3300,164,moead,20,9,9,0.35,3300,20,588906.1249999958,0.007550429552793503,653657.7678571407,0.009045995771884918,21,1,0,0,3954.713781139115,0.8341943772855686
moead,2,3320,165,moead,20,9,9,0.35,3320,20,588906.1249999958,0.007550429552793503,653657.7678571407,0.009045995771884918,21,1,0,0,3978.556636091089,0.8342221321903563
moead,2,3340,166,moead,20,9,9,0.35,3340,20,588906.1249999958,0.007550429552793503,653657.7678571407,0.009045995771884918,22,1,0,0,4002.373511312064,0.8342549715969423
moead,2,3360,167,moead,20,9,9,0.35,3360,20,588906.1249999958,0.007550429552793503,653657.7678571407,0.009045995771884918,22,1,0,0,4026.941646913998,0.8341317790323911
moead,2,3380,168,moead,20,9,9,0.35,3380,20,588906.1249999958,0.007550429552793503,653657.7678571407,0.009045995771884918,22,1,0,0,4052.0088626639917,0.8339073567026893
moead,2,3400,169,moead,20,9,9,0.35,3400,20,588906.1249999958,0.007550429552793503,653657.7678571407,0.009045995771884918,22,1,0,0,4075.4909062020015,0.8340099581200069
moead,2,3420,170,moead,20,9,9,0.35,3420,20,588906.1249999958,0.007550429552793503,653657.7678571407,0.009045995771884918,23,1,0,0,4099.350084020058,0.8340346469377733
moead,2,3440,171,moead,20,9,9,0.35,3440,20,588906.1249999958,0.007550429552793503,653657.7678571407,0.009045995771884918,23,1,0,0,4123.5124768991955,0.8339977189995225
moead,2,3460,172,moead,20,9,9,0.35,3460,20,588906.1249999958,0.007550429552793503,653657.7678571407,0.009045995771884918,23,1,0,0,4147.961458653212,0.8339036016798217
moead,2,3480,173,moead,20,9,9,0.35,3480,20,588906.1249999958,0.007550429552793503,653657.7678571407,0.009045995771884918,23,1,0,0,4171.813508618157,0.8339298947119906
moead,2,3500,174,moead,20,9,9,0.35,3500,20,588906.1249999958,0.007550429552793503,653657.7678571407,0.009045995771884918,23,1,0,0,4195.946344326017,0.8339000818567508
moead,2,3520,175,moead,20,9,9,0.35,3520,20,588906.1249999958,0.007550429552793503,653657.7678571407,0.009045995771884918,23,1,0,0,4219.780820544111,0.8339295687746763
moead,2,3540,176,moead,20,9,9,0.35,3540,20,588906.1249999958,0.007550429552793503,653657.7678571407,0.009045995771884918,23,1,0,0,4243.42313081515,0.8339964907812923
moead,2,3560,177,moead,20,8,8,0.35,3560,20,588906.1249999958,0.007550429552793503,653657.7678571407,0.009045995771884918,21,1,0,7,4267.605724243214,0.8339570780360988
moead,2,3580,178,moead,20,8,8,0.35,3580,20,588906.1249999958,0.007550429552793503,653657.7678571407,0.009045995771884918,20,1,0,7,4291.685729699209,0.8339380433270543
moead,2,3600,179,moead,20,9,9,0.35,3600,20,588906.1249999958,0.007550429552793503,653657.7678571407,0.009045995771884918,22,1,0,12,4315.962313154014,0.8338812387288728
moead,2,3620,180,moead,20,9,9,0.35,3620,20,588906.1249999958,0.007534449454396963,653540.857142855,0.009045995771884918,23,1,0,1,4339.979235895211,0.8338749572965425
moead,2,3640,181,moead,20,10,10,0.35,3640,20,588906.1249999958,0.007534449454396963,653540.857142855,0.009045995771884918,26,1,1,8,4364.1242003580555,0.8338442796154696
moead,2,3660,182,moead,20,10,9,0.35,3660,20,588906.1249999958,0.007517542224377394,653159.5357142836,0.009045995771884918,25,1,0,2,4387.961699677166,0.8338723649910624
moead,2,3680,183,moead,20,10,9,0.35,3680,20,588906.1249999958,0.007517542224377394,653159.5357142836,0.009045995771884918,25,1,0,0,4412.390930772992,0.8337883151607984
moead,2,3700,184,moead,20,10,9,0.35,3700,20,588906.1249999958,0.007517542224377394,653159.5357142836,0.009045995771884918,25,1,0,0,4436.963603936136,0.833678238135316
moead,2,3720,185,moead,20,10,9,0.35,3720,20,588906.1249999958,0.007510241586714983,651880.4285714265,0.009045995771884918,24,1,0,1,4461.338778360048,0.8336062748785632
moead,2,3740,186,moead,20,10,9,0.35,3740,20,588906.1249999958,0.007510241586714983,651880.4285714265,0.009045995771884918,24,1,0,0,4485.548069798155,0.833565919218485
moead,2,3760,187,moead,20,9,9,0.35,3760,20,588906.1249999958,0.007510241586714983,651880.4285714265,0.009045995771884918,25,1,0,6,4510.079996085027,0.8334663693910082
moead,2,3780,188,moead,20,9,9,0.35,3780,20,588906.1249999958,0.007510241586714983,651880.4285714265,0.009045995771884918,24,1,0,0,4533.765976584051,0.8335233930286083
moead,2,3800,189,moead,20,9,9,0.35,3800,20,588906.1249999958,0.007510241586714983,651880.4285714265,0.009045995771884918,24,1,0,0,4558.228961984161,0.8334377302421256
moead,2,3820,190,moead,20,9,9,0.35,3820,20,588906.1249999958,0.007510241586714983,651880.4285714265,0.009045995771884918,24,1,0,0,4582.329611018067,0.8334188773363956
moead,2,3840,191,moead,20,9,9,0.35,3840,20,588906.1249999958,0.007510241586714983,651880.4285714265,0.009045995771884918,24,1,0,0,4605.596447749995,0.8335511032182367
moead,2,3860,192,moead,20,9,9,0.35,3860,20,588906.1249999958,0.007510241586714983,651880.4285714265,0.009045995771884918,25,1,0,0,4629.553645247128,0.8335576808709827
moead,2,3880,193,moead,20,8,8,0.35,3880,20,588906.1249999958,0.007510241586714983,651880.4285714265,0.009045995771884918,22,1,0,2,4653.312916396186,0.8335996460354397
moead,2,3900,194,moead,20,8,8,0.35,3900,20,588906.1249999958,0.007510241586714983,651880.4285714265,0.009045995771884918,22,1,0,0,4677.396645113127,0.8335833575443331
moead,2,3920,195,moead,20,8,8,0.35,3920,20,588906.1249999958,0.007510241586714983,651880.4285714265,0.009045995771884918,24,1,0,2,4701.612036534119,0.833543892934425
moead,2,3940,196,moead,20,8,8,0.35,3940,20,588906.1249999958,0.007510241586714983,651880.4285714265,0.009045995771884918,25,1,0,2,4726.470117281191,0.8333914956106466
moead,2,3960,197,moead,20,8,8,0.35,3960,20,588906.1249999958,0.007510241586714983,651880.4285714265,0.009045995771884918,25,1,0,2,4750.432310760021,0.8333978343471228
moead,2,3980,198,moead,20,8,8,0.35,3980,20,588906.1249999958,0.007510241586714983,651880.4285714265,0.009045995771884918,25,1,0,0,4774.705131934024,0.8333498907372906
moead,2,4000,199,moead,20,8,8,0.35,4000,20,588906.1249999958,0.007510241586714983,651880.4285714265,0.009045995771884918,25,1,0,0,4798.839182812022,0.8333265291162909
moead,2,4020,200,moead,20,8,8,0.35,4020,20,588906.1249999958,0.007510241586714983,651880.4285714265,0.009045995771884918,24,1,0,7,4822.870322728064,0.8333211824212281
moead,2,4040,201,moead,20,8,8,0.35,4040,20,588906.1249999958,0.0074728140607476234,653167.8571428551,0.009045995771884918,26,1,0,3,4846.570168643026,0.8333728512035277
moead,2,4060,202,moead,20,8,8,0.35,4060,20,588906.1249999958,0.0074728140607476234,653167.8571428551,0.009045995771884918,25,1,0,1,4870.007195413113,0.8334689944242851
moead,2,4080,203,moead,20,8,8,0.35,4080,20,588906.1249999958,0.0074728140607476234,653167.8571428551,0.009045995771884918,25,1,0,0,4894.027800765121,0.8334648199918885
moead,2,4100,204,moead,20,9,9,0.3,4100,20,588906.1249999958,0.0074728140607476234,653167.8571428551,0.009045995771884918,26,1,0,6,4919.254602929112,0.833256322524819
moead,2,4120,205,moead,20,9,9,0.3,4120,20,588906.1249999958,0.0074728140607476234,653167.8571428551,0.009045995771884918,27,1,0,0,4943.851721971994,0.8331560555697696
moead,2,4140,206,moead,20,9,9,0.3,4140,20,588906.1249999958,0.0074728140607476234,653167.8571428551,0.009045995771884918,28,1,0,0,4968.240530582145,0.8330917101380798
moead,2,4160,207,moead,20,8,8,0.3,4160,20,588906.1249999958,0.0074728140607476234,653167.8571428551,0.009045995771884918,27,1,0,2,4992.990949306171,0.8329676625145769
moead,2,4180,208,moead,20,8,8,0.3,4180,20,588906.1249999958,0.007460036780685186,650112.6249999979,0.009045995771884918,24,1,0,2,5017.097594223218,0.8329517059448436
moead,2,4200,209,moead,20,8,8,0.3,4200,20,588906.1249999958,0.007460036780685186,650112.6249999979,0.009045995771884918,24,1,0,1,5041.075195559068,0.8329572238277871
moead,2,4220,210,moead,20,8,8,0.3,4220,20,588906.1249999958,0.007460036780685186,650112.6249999979,0.009045995771884918,25,1,0,0,5065.19111263915,0.8329399436622139
moead,2,4240,211,moead,20,8,8,0.3,4240,20,588906.1249999958,0.007460036780685186,650112.6249999979,0.009045995771884918,25,1,0,0,5089.630535229109,0.8328698852812078
moead,2,4260,212,moead,20,8,8,0.3,4260,20,588906.1249999958,0.007460036780685186,650112.6249999979,0.009045995771884918,25,1,0,0,5114.479770453181,0.8327337659256439
moead,2,4280,213,moead,20,8,8,0.3,4280,20,588906.1249999958,0.007460036780685186,650112.6249999979,0.009045995771884918,26,1,0,0,5138.205608958146,0.8327809989814006
moead,2,4300,214,moead,20,8,8,0.3,4300,20,588906.1249999958,0.007460036780685186,650112.6249999979,0.009045995771884918,26,1,0,0,5162.08415439399,0.8328031607816141
moead,2,4320,215,moead,20,8,8,0.3,4320,20,588906.1249999958,0.007460036780685186,650112.6249999979,0.009045995771884918,26,1,0,0,5186.476104605012,0.8327426778589051
moead,2,4340,216,moead,20,8,8,0.3,4340,20,588906.1249999958,0.007460036780685186,650112.6249999979,0.009045995771884918,26,1,0,0,5209.89080198505,0.8328389528522888
moead,2,4360,217,moead,20,10,10,0.3,4360,20,588906.1249999958,0.007460036780685186,650112.6249999979,0.009045995771884918,27,1,0,2,5233.744582411135,0.8328644876269166
moead,2,4380,218,moead,20,10,10,0.3,4380,20,588906.1249999958,0.007460036780685186,650112.6249999979,0.009045995771884918,26,1,0,0,5257.44608436618,0.8329139148039247
moead,2,4400,219,moead,20,9,9,0.35,4400,20,588906.1249999958,0.007460036780685186,650112.6249999979,0.009045995771884918,27,1,0,8,5281.052464904031,0.8329779015137924
moead,2,4420,220,moead,20,9,9,0.35,4420,20,588906.1249999958,0.007460036780685186,650112.6249999979,0.009045995771884918,27,1,0,1,5305.56063007121,0.8328997269305901
moead,2,4440,221,moead,20,9,9,0.35,4440,20,588906.1249999958,0.007460036780685186,650112.6249999979,0.009045995771884918,27,1,0,0,5329.293301769067,0.8329434596002565
moead,2,4460,222,moead,20,9,9,0.35,4460,20,588906.1249999958,0.007460036780685186,650112.6249999979,0.009045995771884918,26,1,0,1,5353.40178011707,0.832928329153447
moead,2,4480,223,moead,20,8,8,0.35,4480,20,588906.1249999958,0.007460036780685186,650112.6249999979,0.009045995771884918,23,1,0,2,5377.22710234113,0.832957194247931
moead,2,4500,224,moead,20,9,8,0.35,4500,20,588906.1249999958,0.007460036780685186,650112.6249999979,0.009045995771884918,20,1,0,6,5401.841475341003,0.8328641298597143
moead,2,4520,225,moead,20,9,8,0.35,4520,20,588906.1249999958,0.007460036780685186,650112.6249999979,0.009045995771884918,19,1,0,1,5425.783707612194,0.8328750727125361
moead,2,4540,226,moead,20,9,8,0.35,4540,20,588906.1249999958,0.007460036780685186,650112.6249999979,0.009045995771884918,19,1,0,2,5449.932469776133,0.8328543564846133
moead,2,4560,227,moead,20,9,8,0.35,4560,20,588906.1249999958,0.007460036780685186,650112.6249999979,0.009045995771884918,20,1,0,7,5473.760073782178,0.8328826873206172
moead,2,4580,228,moead,20,9,8,0.35,4580,20,588906.1249999958,0.007460036780685186,650112.6249999979,0.009045995771884918,20,1,0,0,5497.8808589151595,0.8328663566026288
moead,2,4600,229,moead,20,9,8,0.35,4600,20,588906.1249999958,0.007460036780685186,650112.6249999979,0.009045995771884918,21,1,0,0,5521.811630791053,0.8328788280923571
moead,2,4620,230,moead,20,9,8,0.35,4620,20,588906.1249999958,0.007460036780685186,650112.6249999979,0.009045995771884918,21,1,0,0,5545.802106662188,0.8328822253594629
moead,2,4640,231,moead,20,10,9,0.35,4640,20,588906.1249999958,0.007460036780685186,650112.6249999979,0.009045995771884918,22,1,0,1,5569.887139500119,0.832871453911782
moead,2,4660,232,moead,20,10,9,0.35,4660,20,588906.1249999958,0.007460036780685186,650112.6249999979,0.009045995771884918,22,1,0,0,5594.0465639280155,0.8328496995435364
moead,2,4680,233,moead,20,10,9,0.35,4680,20,588906.1249999958,0.007460036780685186,650112.6249999979,0.009045995771884918,22,1,0,0,5617.778083356097,0.8328915686190179
moead,2,4700,234,moead,20,10,9,0.35,4700,20,588906.1249999958,0.007460036780685186,650112.6249999979,0.009045995771884918,22,1,0,0,5641.603468920104,0.8329192269338039
moead,2,4720,235,moead,20,10,9,0.3,4720,20,588906.1249999958,0.007433007471263409,650114.0178571407,0.009045995771884918,24,1,0,5,5665.685364277102,0.8329089415649378
moead,2,4740,236,moead,20,11,10,0.3,4740,20,588906.1249999958,0.007433007471263409,650114.0178571407,0.009045995771884918,25,1,0,8,5689.106265830109,0.832995514332957
moead,2,4760,237,moead,20,11,10,0.3,4760,20,588906.1249999958,0.007433007471263409,650114.0178571407,0.009045995771884918,25,1,0,0,5712.743831570027,0.8330497813853643
moead,2,4780,238,moead,20,11,10,0.3,4780,20,588906.1249999958,0.007433007471263409,650114.0178571407,0.009045995771884918,25,1,0,0,5736.615363373188,0.8330696233379501
moead,2,4800,239,moead,20,9,8,0.3,4800,20,587874.4107142817,0.007433007471263409,650114.0178571407,0.009026989340782166,21,1,0,4,5759.916683569085,0.8331717737671058
moead,2,4820,240,moead,20,10,9,0.3,4820,20,587874.4107142817,0.007433007471263409,650114.0178571407,0.009026989340782166,21,1,0,2,5783.565252013039,0.8332230708943225
moead,2,4840,241,moead,20,10,9,0.3,4840,20,587874.4107142817,0.007433007471263409,650114.0178571407,0.009026989340782166,23,1,0,0,5807.439301236998,0.8332415973713718
moead,2,4860,242,moead,20,10,9,0.3,4860,20,587874.4107142817,0.007433007471263409,650114.0178571407,0.009026989340782166,23,1,0,1,5831.463443711167,0.8332385252693468
moead,2,4880,243,moead,20,10,9,0.3,4880,20,587874.4107142817,0.007433007471263409,650114.0178571407,0.009026989340782166,23,1,0,0,5855.712533915183,0.8332034695592982
moead,2,4900,244,moead,20,10,9,0.3,4900,20,587874.4107142817,0.007433007471263409,650114.0178571407,0.009026989340782166,23,1,0,0,5879.9253737442195,0.8331738395653165
moead,2,4920,245,moead,20,10,9,0.3,4920,20,587874.4107142817,0.007433007471263409,650114.0178571407,0.009026989340782166,23,1,0,1,5903.490046255058,0.8332359267922236
moead,2,4940,246,moead,20,10,9,0.3,4940,20,587874.4107142817,0.007433007471263409,650114.0178571407,0.009026989340782166,23,1,0,0,5927.862506858073,0.8331839671190018
moead,2,4960,247,moead,20,9,8,0.3,4960,20,587874.4107142817,0.007433007471263409,650114.0178571407,0.009026989340782166,24,1,0,2,5952.432161650155,0.8331048326681388
moead,2,4980,248,moead,20,9,8,0.3,4980,20,587874.4107142817,0.007433007471263409,650114.0178571407,0.009026989340782166,24,1,0,1,5977.265610377071,0.8329895849627307
moead,2,5000,249,moead,20,9,8,0.3,5000,20,587874.4107142817,0.007433007471263409,650114.0178571407,0.009026989340782166,24,1,0,1,6002.4357854290865,0.8328285680515022
moead,2,5020,250,moead,20,10,9,0.3,5020,20,587874.4107142817,0.007433007471263409,650114.0178571407,0.009026989340782166,23,1,0,1,6026.376529189991,0.8328387673238544
moead,2,5040,251,moead,20,10,9,0.3,5040,20,587874.4107142817,0.007433007471263409,650114.0178571407,0.009026989340782166,23,1,0,0,6051.125371893169,0.832737662882613
moead,2,5060,252,moead,20,10,9,0.3,5060,20,587874.4107142817,0.007433007471263409,650114.0178571407,0.009026989340782166,23,1,0,0,6074.844717106083,0.8327784882722058
moead,2,5080,253,moead,20,10,9,0.3,5080,20,587874.4107142817,0.007433007471263409,650114.0178571407,0.009026989340782166,24,1,0,1,6099.448157131206,0.8326982817391204
moead,2,5100,254,moead,20,10,9,0.3,5100,20,587874.4107142817,0.007433007471263409,650114.0178571407,0.009026989340782166,24,1,0,0,6123.694661014015,0.8326672511061587
moead,2,5120,255,moead,20,9,9,0.3,5120,20,587874.4107142817,0.007433007471263409,650114.0178571407,0.009026989340782166,23,1,0,6,6147.460743635194,0.8327015353941029
moead,2,5140,256,moead,20,9,9,0.3,5140,20,587874.4107142817,0.007433007471263409,650114.0178571407,0.009026989340782166,23,1,0,0,6171.156441608211,0.8327450533178786
moead,2,5160,257,moead,20,9,9,0.3,5160,20,587874.4107142817,0.007433007471263409,650114.0178571407,0.009026989340782166,23,1,0,0,6194.9826304530725,0.8327706965051965
moead,2,5180,258,moead,20,9,9,0.3,5180,20,587874.4107142817,0.007433007471263409,650114.0178571407,0.009026989340782166,23,1,0,0,6218.663145249011,0.832815651697857
moead,2,5200,259,moead,20,9,9,0.3,5200,20,587874.4107142817,0.007433007471263409,650114.0178571407,0.009026989340782166,24,1,0,0,6242.294713167008,0.8328667964096018
moead,2,5220,260,moead,20,9,9,0.3,5220,20,587874.4107142817,0.007433007471263409,650114.0178571407,0.009026989340782166,25,1,0,0,6265.927002795041,0.832917459407357
moead,2,5240,261,moead,20,9,9,0.3,5240,20,587874.4107142817,0.007433007471263409,650114.0178571407,0.009026989340782166,26,1,0,0,6289.652548929211,0.832955391294535
moead,2,5260,262,moead,20,9,9,0.3,5260,20,587378.3035714246,0.007433007471263409,650114.0178571407,0.009020593017339706,26,1,0,1,6313.328950194176,0.8329995223578919
moead,2,5280,263,moead,20,10,10,0.3,5280,19,587378.3035714246,0.007433007471263409,650114.0178571407,0.009020593017339706,26,1,0,2,6337.3005367470905,0.8330045213083248
moead,2,5300,264,moead,20,10,10,0.3,5300,19,587378.3035714246,0.007433007471263409,650114.0178571407,0.009020593017339706,24,1,0,2,6361.3568588742055,0.8329983865954322
moead,2,5320,265,moead,20,10,10,0.3,5320,19,587378.3035714246,0.007433007471263409,650114.0178571407,0.009020593017339706,24,1,0,0,6385.300681266002,0.833006974222146
moead,2,5340,266,moead,20,10,10,0.3,5340,19,587378.3035714246,0.007433007471263409,650114.0178571407,0.009020593017339706,24,1,0,0,6409.245068539167,0.8330154242669483
moead,2,5360,267,moead,20,10,10,0.3,5360,19,587378.3035714246,0.007433007471263409,650114.0178571407,0.009020593017339706,24,1,0,0,6434.057583647082,0.8329114140384029
moead,2,5380,268,moead,20,10,10,0.3,5380,19,587378.3035714246,0.007433007471263409,650114.0178571407,0.009020593017339706,24,1,0,0,6459.436674143188,0.832735154991437
moead,2,5400,269,moead,20,10,10,0.3,5400,19,587378.3035714246,0.007433007471263409,650114.0178571407,0.009020593017339706,24,1,0,0,6483.294692740077,0.8327556058875036
moead,2,5420,270,moead,20,10,10,0.3,5420,19,587378.3035714246,0.007433007471263409,650114.0178571407,0.009020593017339706,24,1,0,0,6507.023800237104,0.8327924050012759
moead,2,5440,271,moead,20,10,10,0.3,5440,19,587378.3035714246,0.007433007471263409,650114.0178571407,0.009020593017339706,24,1,0,0,6530.488982768031,0.8328625948764117
moead,2,5460,272,moead,20,9,9,0.3,5460,20,587378.3035714246,0.007433007471263409,650114.0178571407,0.009020593017339706,23,1,0,3,6554.772156555206,0.8328283378302691
moead,2,5480,273,moead,20,9,9,0.3,5480,20,587378.3035714246,0.007433007471263409,650114.0178571407,0.009020593017339706,23,1,0,0,6579.062751254998,0.8327933943105872
moead,2,5500,274,moead,20,9,9,0.3,5500,20,587378.3035714246,0.007433007471263409,650114.0178571407,0.009020593017339706,24,1,0,0,6602.962422000011,0.8328080107919764
moead,2,5520,275,moead,20,9,9,0.3,5520,20,587378.3035714246,0.007433007471263409,650114.0178571407,0.009020593017339706,27,1,0,13,6627.017392386217,0.8328030052163107
moead,2,5540,276,moead,20,9,9,0.3,5540,20,587378.3035714246,0.007433007471263409,650114.0178571407,0.009020593017339706,27,1,0,0,6651.632655736059,0.8327278860210995
moead,2,5560,277,moead,20,9,9,0.3,5560,20,587378.3035714246,0.007433007471263409,650114.0178571407,0.009020593017339706,28,1,0,1,6675.658915281063,0.8327267870554395
moead,2,5580,278,moead,20,9,9,0.3,5580,20,587378.3035714246,0.007433007471263409,650114.0178571407,0.009020593017339706,28,1,0,1,6699.8901349280495,0.8327002215925012
moead,2,5600,279,moead,20,9,9,0.3,5600,20,587378.3035714246,0.007433007471263409,650114.0178571407,0.009020593017339706,26,1,0,7,6723.421176565113,0.8327605623630496
moead,2,5620,280,moead,20,9,9,0.3,5620,20,587378.3035714246,0.007433007471263409,650114.0178571407,0.009020593017339706,26,1,0,13,6747.302868342027,0.8327772014450453
moead,2,5640,281,moead,20,9,9,0.3,5640,20,587378.3035714246,0.007433007471263409,650114.0178571407,0.009020593017339706,27,1,0,1,6772.322249334073,0.8326538213025062
moead,2,5660,282,moead,20,9,9,0.3,5660,20,587378.3035714246,0.007433007471263409,650114.0178571407,0.009020593017339706,27,1,0,0,6796.041091626044,0.8326906685383222
moead,2,5680,283,moead,20,9,9,0.3,5680,20,587378.3035714246,0.007433007471263409,650114.0178571407,0.009020593017339706,27,1,0,2,6820.035681438167,0.8326935906591104
moead,2,5700,284,moead,20,11,11,0.3,5700,20,587378.3035714246,0.007433007471263409,650114.0178571407,0.009020593017339706,29,1,0,7,6843.9912217550445,0.8327012433745601
moead,2,5720,285,moead,20,11,11,0.3,5720,20,587378.3035714246,0.007433007471263409,650114.0178571407,0.009020593017339706,29,1,0,0,6868.023784372024,0.8326995041882947
moead,2,5740,286,moead,20,11,11,0.3,5740,20,587378.3035714246,0.007433007471263409,650114.0178571407,0.009020593017339706,29,1,0,0,6892.383249310078,0.8326582826882805
moead,2,5760,287,moead,20,11,11,0.3,5760,20,587378.3035714246,0.007433007471263409,650114.0178571407,0.009020593017339706,29,1,0,0,6916.145998249995,0.8326891886691244
moead,2,5780,288,moead,20,12,12,0.25,5780,20,587378.3035714246,0.007433007471263409,650114.0178571407,0.009020593017339706,29,1,0,6,6940.908219599165,0.8325999735426174
moead,2,5800,289,moead,20,11,11,0.3,5800,20,587378.3035714246,0.007433007471263409,650114.0178571407,0.009020593017339706,30,1,0,6,6964.845453888178,0.8326100038246598
moead,2,5820,290,moead,20,11,11,0.3,5820,20,587378.3035714246,0.007433007471263409,650114.0178571407,0.009020593017339706,30,1,0,0,6988.080391397001,0.8327036430725309
moead,2,5840,291,moead,20,11,11,0.3,5840,20,587378.3035714246,0.007433007471263409,650114.0178571407,0.009020593017339706,31,1,0,0,7011.735772234155,0.8327467248725938
moead,2,5860,292,moead,20,11,11,0.3,5860,20,587378.3035714246,0.007433007471263409,650114.0178571407,0.009020593017339706,31,1,0,0,7036.361708268058,0.8326746467731183
moead,2,5880,293,moead,20,11,11,0.3,5880,20,587378.3035714246,0.007433007471263409,650114.0178571407,0.009020593017339706,31,1,0,1,7061.059902661014,0.8325945511076112
moead,2,5900,294,moead,20,11,11,0.3,5900,20,587378.3035714246,0.007433007471263409,650114.0178571407,0.009020593017339706,30,1,0,1,7085.633307855111,0.8325296757116103
moead,2,5920,295,moead,20,11,11,0.3,5920,20,587378.3035714246,0.007433007471263409,650114.0178571407,0.009020593017339706,31,1,0,0,7109.699084556196,0.8325246862919062
moead,2,5940,296,moead,20,11,11,0.3,5940,20,587378.3035714246,0.007433007471263409,650114.0178571407,0.009020593017339706,31,1,0,0,7133.937348815147,0.8324996014979568
moead,2,5960,297,moead,20,11,11,0.3,5960,20,587378.3035714246,0.0074321432039141655,649880.4464285692,0.009020593017339706,25,1,0,7,7158.052518515149,0.8324890023629111
moead,2,5980,298,moead,20,11,11,0.3,5980,20,587378.3035714246,0.0074321432039141655,649880.4464285692,0.009020593017339706,25,1,0,0,7182.115150805097,0.832484564011727
moead,2,6000,299,moead,20,11,11,0.3,6000,20,587378.3035714246,0.0074321432039141655,649880.4464285692,0.009020593017339706,24,1,0,1,7206.009017917095,0.8324996520381843
moead,2,6020,300,moead,20,11,11,0.3,6020,20,587378.3035714246,0.0074321432039141655,649880.4464285692,0.009020593017339706,24,1,0,0,7230.667152024107,0.8324266452114422
moead,2,6040,301,moead,20,11,11,0.3,6040,20,587378.3035714246,0.0074321432039141655,649880.4464285692,0.009020593017339706,26,1,0,0,7255.286902636057,0.8323585381311187
moead,2,6060,302,moead,20,11,11,0.3,6060,20,587378.3035714246,0.0074321432039141655,649880.4464285692,0.009020593017339706,26,1,0,0,7279.381999399047,0.8323508782064472
moead,2,6080,303,moead,20,11,11,0.3,6080,20,587378.3035714246,0.0074321432039141655,649880.4464285692,0.009020593017339706,26,1,0,0,7303.176193421008,0.8323775627207523
moead,2,6100,304,moead,20,11,11,0.3,6100,20,587378.3035714246,0.0074321432039141655,649880.4464285692,0.009020593017339706,27,1,0,0,7327.023087754147,0.8323980867746171
moead,2,6120,305,moead,20,10,10,0.3,6120,20,587378.3035714246,0.0074321432039141655,649880.4464285692,0.009020593017339706,26,1,0,8,7351.891137315193,0.8323028572801436
moead,2,6140,306,moead,20,10,10,0.3,6140,20,587378.3035714246,0.0074321432039141655,649880.4464285692,0.009020593017339706,26,1,0,3,7375.953757435083,0.8322991442037969
moead,2,6160,307,moead,20,10,10,0.3,6160,20,587378.3035714246,0.0074321432039141655,649880.4464285692,0.009020593017339706,25,1,0,2,7399.81702222419,0.83231787779379
moead,2,6180,308,moead,20,11,11,0.3,6180,20,587378.3035714246,0.0074321432039141655,649880.4464285692,0.009020593017339706,27,1,0,1,7423.693061179016,0.8323350587205802
moead,2,6200,309,moead,20,11,11,0.3,6200,20,587378.3035714246,0.0074321432039141655,649880.4464285692,0.009020593017339706,27,1,0,0,7447.7643535221,0.8323303082311472
moead,2,6220,310,moead,20,11,11,0.3,6220,20,587378.3035714246,0.0074321432039141655,649880.4464285692,0.009020593017339706,27,1,0,0,7471.642228378216,0.8323471346606337
moead,2,6240,311,moead,20,11,11,0.3,6240,20,587378.3035714246,0.0074321432039141655,649880.4464285692,0.009020593017339706,27,1,0,0,7497.43035748601,0.8321517776781353
moead,2,6260,312,moead,20,11,11,0.3,6260,20,587378.3035714246,0.0074321432039141655,649880.4464285692,0.009020593017339706,28,1,0,1,7521.250581059139,0.832175438451967
moead,2,6280,313,moead,20,12,11,0.3,6280,20,587378.3035714246,0.007425680756568909,653116.4821428551,0.009020593017339706,26,1,0,2,7544.771543801995,0.8322319587208943
moead,2,6300,314,moead,20,12,10,0.3,6300,20,587378.3035714246,0.007425680756568909,653116.4821428551,0.009020593017339706,27,1,0,2,7569.0387092630845,0.8322060755603224
moead,2,6320,315,moead,20,12,10,0.3,6320,20,587378.3035714246,0.007425680756568909,653116.4821428551,0.009020593017339706,27,1,0,2,7593.683513605036,0.8321389729607139
moead,2,6340,316,moead,20,12,10,0.3,6340,20,587378.3035714246,0.007425680756568909,653116.4821428551,0.009020593017339706,27,1,0,0,7618.248638505116,0.8320810071701551
moead,2,6360,317,moead,20,11,10,0.3,6360,20,587378.3035714246,0.007425680756568909,653116.4821428551,0.009020593017339706,28,1,0,6,7642.432160153054,0.8320649587385607
moead,2,6380,318,moead,20,11,10,0.3,6380,20,587378.3035714246,0.007425680756568909,653116.4821428551,0.009020593017339706,27,1,0,1,7666.398563744035,0.8320725757942712
moead,2,6400,319,moead,20,11,10,0.3,6400,20,587378.3035714246,0.007425680756568909,653116.4821428551,0.009020593017339706,29,1,0,6,7691.120886297198,0.8319983646857909
moead,2,6420,320,moead,20,11,11,0.3,6420,20,587378.3035714246,0.007425680756568909,653116.4821428551,0.009020593017339706,30,1,0,5,7715.3500108330045,0.8319778093005736
moead,2,6440,321,moead,20,11,11,0.3,6440,20,587378.3035714246,0.007425680756568909,653116.4821428551,0.009020593017339706,31,1,0,0,7739.551379498094,0.8319603662115058
moead,2,6460,322,moead,20,11,11,0.3,6460,20,587378.3035714246,0.007425680756568909,653116.4821428551,0.009020593017339706,31,1,0,1,7763.765370567096,0.8319416792895956
moead,2,6480,323,moead,20,11,11,0.3,6480,20,587378.3035714246,0.007425680756568909,653116.4821428551,0.009020593017339706,31,1,0,0,7787.7615777500905,0.8319463732057144
moead,2,6500,324,moead,20,11,11,0.3,6500,20,587378.3035714246,0.007425680756568909,653116.4821428551,0.009020593017339706,31,1,0,0,7812.444064467214,0.8318779560366956
moead,2,6520,325,moead,20,11,11,0.3,6520,20,587378.3035714246,0.007425680756568909,653116.4821428551,0.009020593017339706,33,1,0,1,7836.661510119215,0.8318593308620306
moead,2,6540,326,moead,20,11,11,0.3,6540,20,587378.3035714246,0.007425680756568909,653116.4821428551,0.009020593017339706,34,1,0,1,7860.569292016095,0.8318735904588488
moead,2,6560,327,moead,20,11,11,0.3,6560,20,587378.3035714246,0.007425680756568909,653116.4821428551,0.009020593017339706,34,1,0,6,7884.169286461081,0.8319202393666636
moead,2,6580,328,moead,20,11,11,0.3,6580,20,587378.3035714246,0.007425680756568909,653116.4821428551,0.009020593017339706,35,1,0,1,7907.86523501412,0.8319565147455693
moead,2,6600,329,moead,20,10,10,0.35,6600,20,587378.3035714246,0.007425680756568909,653116.4821428551,0.009020593017339706,32,1,0,7,7931.562181168003,0.8319924687305711
moead,2,6620,330,moead,20,10,10,0.35,6620,20,587378.3035714246,0.007425680756568909,653116.4821428551,0.009020593017339706,31,1,0,1,7956.200881367084,0.8319297235821781
moead,2,6640,331,moead,20,10,10,0.35,6640,20,587378.3035714246,0.007425680756568909,653116.4821428551,0.009020593017339706,32,1,0,0,7980.407617854187,0.8319123931899017
moead,2,6660,332,moead,20,10,10,0.35,6660,20,587378.3035714246,0.007425680756568909,653116.4821428551,0.009020593017339706,32,1,0,0,8005.099124924047,0.8318447899373365
moead,2,6680,333,moead,20,10,10,0.35,6680,20,587378.3035714246,0.007425680756568909,653116.4821428551,0.009020593017339706,33,1,0,1,8029.075140359113,0.83185172429477
moead,2,6700,334,moead,20,10,10,0.35,6700,20,587378.3035714246,0.007425680756568909,653116.4821428551,0.009020593017339706,32,1,0,1,8053.845199531177,0.8317766028567268
moead,2,6720,335,moead,20,10,10,0.35,6720,20,587378.3035714246,0.007425680756568909,653116.4821428551,0.009020593017339706,32,1,0,0,8078.679722399218,0.8316953055300207
moead,2,6740,336,moead,20,10,10,0.35,6740,20,587378.3035714246,0.007425680756568909,653116.4821428551,0.009020593017339706,31,1,0,0,8103.4648561170325,0.8316195750405404
moead,2,6760,337,moead,20,10,10,0.35,6760,20,587378.3035714246,0.007425680756568909,653116.4821428551,0.009020593017339706,31,1,0,0,8128.192667672178,0.8315501706649014
moead,2,6780,338,moead,20,10,10,0.35,6780,20,587378.3035714246,0.007425680756568909,653116.4821428551,0.009020593017339706,30,1,0,0,8152.267990687164,0.8315477371136557
moead,2,6800,339,moead,20,10,10,0.35,6800,20,587378.3035714246,0.007425680756568909,653116.4821428551,0.009020593017339706,30,1,0,0,8176.302055505104,0.8315495139299842
moead,2,6820,340,moead,20,10,10,0.35,6820,20,587378.3035714246,0.007425680756568909,653116.4821428551,0.009020593017339706,30,1,0,0,8200.066342105158,0.831578637966165
moead,2,6840,341,moead,20,10,10,0.35,6840,20,587378.3035714246,0.007425680756568909,653116.4821428551,0.009020593017339706,30,1,0,0,8224.644875189988,0.8315252638603463
moead,2,6860,342,moead,20,10,10,0.35,6860,20,587378.3035714246,0.007425680756568909,653116.4821428551,0.009020593017339706,30,1,0,2,8248.453815808054,0.8315497853494452
moead,2,6880,343,moead,20,10,10,0.35,6880,20,587378.3035714246,0.007425680756568909,653116.4821428551,0.009020593017339706,30,1,0,0,8272.263445177115,0.8315740964476398
moead,2,6900,344,moead,20,10,10,0.35,6900,20,587378.3035714246,0.007425680756568909,653116.4821428551,0.009020593017339706,31,1,0,1,8296.205578627996,0.8315849860052453
moead,2,6920,345,moead,20,10,10,0.35,6920,20,587378.3035714246,0.007425680756568909,653116.4821428551,0.009020593017339706,32,1,0,0,8319.881553343032,0.8316224162133486
moead,2,6940,346,moead,20,10,10,0.35,6940,20,587378.3035714246,0.007425680756568909,653116.4821428551,0.009020593017339706,32,1,0,0,8343.724701815052,0.8316429709732064
moead,2,6960,347,moead,20,10,10,0.35,6960,20,587378.3035714246,0.007425680756568909,653116.4821428551,0.009020593017339706,34,1,0,0,8368.605653861072,0.8315602727426027
moead,2,6980,348,moead,20,10,10,0.35,6980,20,587378.3035714246,0.007425680756568909,653116.4821428551,0.009020593017339706,34,1,0,0,8392.650536344154,0.831560896021778
moead,2,7000,349,moead,20,10,10,0.35,7000,20,587378.3035714246,0.007425680756568909,653116.4821428551,0.009020593017339706,35,1,0,0,8416.788753643166,0.8315522944508399
moead,2,7020,350,moead,20,10,10,0.35,7020,20,587378.3035714246,0.007425680756568909,653116.4821428551,0.009020593017339706,35,1,0,0,8440.604899204103,0.8315754716420678
moead,2,7040,351,moead,20,10,10,0.35,7040,20,587378.3035714246,0.007425680756568909,653116.4821428551,0.009020593017339706,37,1,0,0,8464.696768235182,0.8315714304633705
moead,2,7060,352,moead,20,10,10,0.35,7060,20,587378.3035714246,0.007425680756568909,653116.4821428551,0.009020593017339706,37,1,0,0,8488.095927620074,0.8316352760611685
moead,2,7080,353,moead,20,10,10,0.35,7080,20,587378.3035714246,0.007425680756568909,653116.4821428551,0.009020593017339706,37,1,0,0,8512.227321777027,0.83162722662371
moead,2,7100,354,moead,20,10,10,0.35,7100,20,587378.3035714246,0.007425680756568909,653116.4821428551,0.009020593017339706,37,1,0,0,8536.86286155507,0.8315701113074752
moead,2,7120,355,moead,20,10,10,0.35,7120,20,587378.3035714246,0.007425680756568909,653116.4821428551,0.009020593017339706,37,1,0,0,8560.580770047149,0.8316024567992939
moead,2,7140,356,moead,20,10,10,0.35,7140,20,587378.3035714246,0.007425680756568909,653116.4821428551,0.009020593017339706,37,1,0,0,8584.828667780152,0.8315832821211083
moead,2,7160,357,moead,20,10,10,0.35,7160,20,587378.3035714246,0.007425680756568909,653116.4821428551,0.009020593017339706,38,1,0,1,8608.78722410812,0.8315921643355147
moead,2,7180,358,moead,20,10,10,0.35,7180,20,587378.3035714246,0.007425680756568909,653116.4821428551,0.009020593017339706,38,1,0,0,8632.936138002202,0.8315826603185477
moead,2,7200,359,moead,20,10,10,0.35,7200,20,587378.3035714246,0.007425680756568909,653116.4821428551,0.009020593017339706,38,1,0,0,8657.643043289194,0.8315196138260941
moead,2,7220,360,moead,20,10,10,0.35,7220,20,587378.3035714246,0.007425680756568909,653116.4821428551,0.009020593017339706,39,1,0,0,8682.451558486093,0.8314471956879808
moead,2,7240,361,moead,20,10,10,0.35,7240,20,587378.3035714246,0.007425680756568909,653116.4821428551,0.009020593017339706,37,1,0,7,8707.224587158998,0.8313785785054555
moead,2,7260,362,moead,20,10,10,0.35,7260,20,587378.3035714246,0.007425680756568909,653116.4821428551,0.009020593017339706,38,1,0,0,8731.624857583083,0.831345839794736
moead,2,7280,363,moead,20,10,10,0.35,7280,20,587378.3035714246,0.007425680756568909,653116.4821428551,0.009020593017339706,38,1,0,0,8757.355730289128,0.8311869728922935
moead,2,7300,364,moead,20,10,10,0.35,7300,20,587378.3035714246,0.007425680756568909,653116.4821428551,0.009020593017339706,33,1,0,0,8781.83925828617,0.8311470735601285
moead,2,7320,365,moead,20,10,10,0.35,7320,20,587378.3035714246,0.007425680756568909,653116.4821428551,0.009020593017339706,33,1,0,0,8806.86629611114,0.8310561048521721
moead,2,7340,366,moead,20,10,10,0.35,7340,20,587378.3035714246,0.007425680756568909,653116.4821428551,0.009020593017339706,33,1,0,0,8830.85652521113,0.8310632132962367
moead,2,7360,367,moead,20,10,10,0.35,7360,20,587378.3035714246,0.007425680756568909,653116.4821428551,0.009020593017339706,34,1,0,0,8855.971700631082,0.8309647149703057
moead,2,7380,368,moead,20,10,10,0.35,7380,20,587378.3035714246,0.007425680756568909,653116.4821428551,0.009020593017339706,35,1,0,0,8880.400958797196,0.8309309494285996
moead,2,7400,369,moead,20,10,10,0.35,7400,20,587378.3035714246,0.007425680756568909,653116.4821428551,0.009020593017339706,35,1,0,0,8904.721463220194,0.8309075169347652
moead,2,7420,370,moead,20,10,10,0.35,7420,20,587378.3035714246,0.007425680756568909,653116.4821428551,0.009020593017339706,35,1,0,0,8929.105105837109,0.83087833686156
moead,2,7440,371,moead,20,10,10,0.35,7440,20,587378.3035714246,0.007425680756568909,653116.4821428551,0.009020593017339706,35,1,0,0,8953.374352539191,0.8308599313609945
moead,2,7460,372,moead,20,10,10,0.35,7460,20,587378.3035714246,0.007425680756568909,653116.4821428551,0.009020593017339706,35,1,0,1,8977.14316957118,0.830887940529114
moead,2,7480,373,moead,20,10,10,0.35,7480,20,587378.3035714246,0.007425680756568909,653116.4821428551,0.009020593017339706,35,1,0,0,9001.495106926188,0.8308619747229873
moead,2,7500,374,moead,20,10,10,0.35,7500,20,587378.3035714246,0.007425680756568909,653116.4821428551,0.009020593017339706,36,1,0,0,9025.177671774058,0.8308977698525396
moead,2,7520,375,moead,20,10,10,0.35,7520,20,587378.3035714246,0.007425680756568909,653116.4821428551,0.009020593017339706,35,1,0,0,9049.350415416993,0.8308883682070924
moead,2,7540,376,moead,20,10,10,0.35,7540,20,587378.3035714246,0.007425680756568909,653116.4821428551,0.009020593017339706,35,1,0,0,9073.302503123181,0.8308992230122331
moead,2,7560,377,moead,20,10,10,0.35,7560,20,587378.3035714246,0.007425680756568909,653116.4821428551,0.009020593017339706,34,1,0,1,9098.550511735026,0.830791672833012
moead,2,7580,378,moead,20,10,10,0.35,7580,20,587378.3035714246,0.007425680756568909,653116.4821428551,0.009020593017339706,35,1,0,5,9123.000663410174,0.8307573658738476
moead,2,7600,379,moead,20,10,10,0.35,7600,20,587378.3035714246,0.007425680756568909,653116.4821428551,0.009020593017339706,35,1,0,0,9147.156188296154,0.8307499996253448
moead,2,7620,380,moead,20,9,9,0.35,7620,20,587378.3035714246,0.007425680756568909,653116.4821428551,0.009020593017339706,33,1,0,2,9171.345436996082,0.8307396174683258
moead,2,7640,381,moead,20,9,9,0.35,7640,20,587378.3035714246,0.007425680756568909,653116.4821428551,0.009020593017339706,32,1,0,2,9195.53685915703,0.8307290935811963
moead,2,7660,382,moead,20,9,9,0.35,7660,20,587378.3035714246,0.007425680756568909,653116.4821428551,0.009020593017339706,32,1,0,0,9219.536666841013,0.830735890182677
moead,2,7680,383,moead,20,9,9,0.35,7680,20,587378.3035714246,0.007425680756568909,653116.4821428551,0.009020593017339706,33,1,0,5,9243.9071522241,0.8307093389782069
moead,2,7700,384,moead,20,9,9,0.35,7700,20,587378.3035714246,0.007425680756568909,653116.4821428551,0.009020593017339706,34,1,0,0,9268.203504406149,0.8306895717535613
moead,2,7720,385,moead,20,9,9,0.35,7720,20,587378.3035714246,0.007425680756568909,653116.4821428551,0.009020593017339706,35,1,0,5,9292.265677686082,0.8306908420124025
moead,2,7740,386,moead,20,9,9,0.35,7740,20,587378.3035714246,0.007425680756568909,653116.4821428551,0.009020593017339706,35,1,0,0,9316.189166989177,0.830704471676277
moead,2,7760,387,moead,20,9,9,0.35,7760,20,587378.3035714246,0.007425680756568909,653116.4821428551,0.009020593017339706,33,1,0,7,9339.927703629015,0.8307344817011005
moead,2,7780,388,moead,20,9,9,0.35,7780,20,587378.3035714246,0.007425680756568909,653116.4821428551,0.009020593017339706,33,1,0,2,9363.730353665072,0.8307586513269478
moead,2,7800,389,moead,20,9,9,0.35,7800,20,587378.3035714246,0.007425680756568909,653116.4821428551,0.009020593017339706,33,1,0,0,9387.682881641202,0.8307694346228853
moead,2,7820,390,moead,20,9,9,0.35,7820,20,587378.3035714246,0.007422689814120531,649069.8035714261,0.009020593017339706,21,1,0,7,9412.206857404206,0.8307297234812796
moead,2,7840,391,moead,20,10,10,0.3,7840,19,587378.3035714246,0.007422689814120531,649069.8035714261,0.009020593017339706,22,1,0,1,9436.274874436203,0.8307303575096802
moead,2,7860,392,moead,20,9,9,0.3,7860,20,587378.3035714246,0.007422689814120531,649069.8035714261,0.009020593017339706,20,1,0,4,9460.18274989305,0.8307450508912048
moead,2,7880,393,moead,20,10,10,0.3,7880,19,587378.3035714246,0.007422689814120531,649069.8035714261,0.009020593017339706,20,1,0,1,9483.849194925046,0.8307808188489727
moead,2,7900,394,moead,20,10,10,0.3,7900,19,587378.3035714246,0.007422689814120531,649069.8035714261,0.009020593017339706,20,1,0,0,9507.965672836173,0.8307770843732729
moead,2,7920,395,moead,20,11,10,0.3,7920,19,587378.3035714246,0.007422689814120531,649069.8035714261,0.009020593017339706,21,1,0,6,9531.959106277209,0.8307840929347876
moead,2,7940,396,moead,20,12,11,0.3,7940,19,587378.3035714246,0.007422689814120531,649069.8035714261,0.009020593017339706,23,1,0,2,9555.88901342405,0.8307965892914144
moead,2,7960,397,moead,20,12,11,0.3,7960,19,587378.3035714246,0.007422689814120531,649069.8035714261,0.009020593017339706,24,1,0,2,9579.749718823005,0.8308150247768545
moead,2,7980,398,moead,20,12,11,0.3,7980,19,587378.3035714246,0.007422689814120531,649069.8035714261,0.009020593017339706,24,1,0,0,9603.457265090197,0.8308466190613136
moead,2,8000,399,moead,20,12,11,0.3,8000,19,587378.3035714246,0.007422689814120531,649069.8035714261,0.009020593017339706,24,1,0,0,9626.928627544083,0.8308984422210905
moead,2,8020,400,moead,20,12,11,0.3,8020,19,587378.3035714246,0.007422689814120531,649069.8035714261,0.009020593017339706,24,1,0,0,9650.815514883026,0.8309142359662229
moead,2,8040,401,moead,20,12,11,0.3,8040,19,587378.3035714246,0.007422689814120531,649069.8035714261,0.009020593017339706,24,1,0,0,9674.577667722013,0.8309406649161639
moead,2,8060,402,moead,20,12,11,0.3,8060,19,587378.3035714246,0.007422689814120531,649069.8035714261,0.009020593017339706,23,1,0,1,9698.472402204992,0.8309556047370665
moead,2,8080,403,moead,20,12,11,0.3,8080,19,587378.3035714246,0.007422689814120531,649069.8035714261,0.009020593017339706,23,1,0,1,9723.239842116134,0.8308958877066754
moead,2,8100,404,moead,20,12,11,0.3,8100,19,587378.3035714246,0.007422689814120531,649069.8035714261,0.009020593017339706,23,1,0,0,9747.079086786136,0.8309155930600385
moead,2,8120,405,moead,20,12,11,0.3,8120,19,587378.3035714246,0.007422689814120531,649069.8035714261,0.009020593017339706,23,1,0,0,9770.923868618207,0.8309347313692845
moead,2,8140,406,moead,20,12,11,0.3,8140,19,587378.3035714246,0.0074195521883666515,648711.6071428547,0.009020593017339706,23,1,0,1,9794.40112386411,0.8309849573313148
moead,2,8160,407,moead,20,12,11,0.3,8160,19,587378.3035714246,0.0074195521883666515,648711.6071428547,0.009020593017339706,23,1,0,0,9817.991291715065,0.8310253857003307
moead,2,8180,408,moead,20,12,11,0.3,8180,19,587378.3035714246,0.0074195521883666515,648711.6071428547,0.009020593017339706,23,1,0,0,9842.367141469149,0.8309992791814448
moead,2,8200,409,moead,20,12,11,0.3,8200,19,587378.3035714246,0.0074195521883666515,648711.6071428547,0.009020593017339706,23,1,0,0,9866.705265169032,0.8309764789411228
moead,2,8220,410,moead,20,9,7,0.45,8220,20,587378.3035714246,0.0074195521883666515,648711.6071428547,0.009020593017339706,16,1,0,9,9890.309104885207,0.8310154832208749
moead,2,8240,411,moead,20,9,7,0.45,8240,20,587378.3035714246,0.0074195521883666515,648711.6071428547,0.009020593017339706,17,1,0,0,9915.183229668066,0.8309478311351206
moead,2,8260,412,moead,20,9,7,0.45,8260,20,587378.3035714246,0.0074195521883666515,648711.6071428547,0.009020593017339706,17,1,0,1,9939.640359234996,0.8309153753562623
moead,2,8280,413,moead,20,9,7,0.45,8280,20,587378.3035714246,0.0074195521883666515,648711.6071428547,0.009020593017339706,18,1,0,0,9963.37099100207,0.8309436642956257
moead,2,8300,414,moead,20,9,7,0.45,8300,20,587378.3035714246,0.0074195521883666515,648711.6071428547,0.009020593017339706,18,1,0,0,9986.973852788098,0.8309824499723847
moead,2,8320,415,moead,20,9,7,0.45,8320,20,587378.3035714246,0.0074195521883666515,648711.6071428547,0.009020593017339706,17,1,0,0,10010.712475928012,0.8310097827706127
moead,2,8340,416,moead,20,9,7,0.45,8340,20,587378.3035714246,0.007418500259518623,648901.9999999976,0.009020593017339706,18,1,0,1,10034.347055677092,0.8310456030402176
moead,2,8360,417,moead,20,8,7,0.45,8360,20,587378.3035714246,0.007418500259518623,648901.9999999976,0.009020593017339706,18,1,0,9,10059.368519969052,0.8309666738430334
moead,2,8380,418,moead,20,8,7,0.45,8380,20,587378.3035714246,0.007418500259518623,648901.9999999976,0.009020593017339706,19,1,0,0,10082.786109701032,0.8310203061769054
moead,2,8400,419,moead,20,8,7,0.45,8400,20,587378.3035714246,0.007418500259518623,648901.9999999976,0.009020593017339706,19,1,0,0,10106.493742358172,0.8310498392531772
moead,2,8420,420,moead,20,8,7,0.45,8420,20,587378.3035714246,0.007418500259518623,648901.9999999976,0.009020593017339706,19,1,0,0,10130.350098696072,0.8310670330222498
moead,2,8440,421,moead,20,8,7,0.45,8440,20,587378.3035714246,0.007418500259518623,648901.9999999976,0.009020593017339706,20,1,0,0,10154.225779370172,0.8310825643787723
moead,2,8460,422,moead,20,8,7,0.45,8460,20,587378.3035714246,0.007418500259518623,648901.9999999976,0.009020593017339706,20,1,0,0,10177.762970030075,0.8311256633612685
moead,2,8480,423,moead,20,8,7,0.45,8480,20,587378.3035714246,0.007418500259518623,648901.9999999976,0.009020593017339706,20,1,0,0,10201.303668801207,0.8311682776321468
moead,2,8500,424,moead,20,8,7,0.45,8500,20,587378.3035714246,0.007418500259518623,648901.9999999976,0.009020593017339706,20,1,0,0,10224.845450712135,0.8312106076290929
moead,2,8520,425,moead,20,7,7,0.4,8520,20,587378.3035714246,0.007418500259518623,648901.9999999976,0.009020593017339706,20,1,0,14,10249.916871154215,0.8311286917823265
moead,2,8540,426,moead,20,7,7,0.4,8540,20,587378.3035714246,0.007418500259518623,648901.9999999976,0.009020593017339706,19,1,0,8,10275.22651250218,0.831027908689929
moead,2,8560,427,moead,20,7,7,0.4,8560,20,587378.3035714246,0.007418500259518623,648901.9999999976,0.009020593017339706,16,1,0,0,10301.093761852011,0.8308826419672541
moead,2,8580,428,moead,20,7,7,0.4,8580,20,587378.3035714246,0.007418500259518623,648901.9999999976,0.009020593017339706,16,1,0,0,10326.836768963141,0.8307480975959465
moead,2,8600,429,moead,20,7,7,0.4,8600,20,587378.3035714246,0.007418500259518623,648901.9999999976,0.009020593017339706,17,1,0,0,10352.980327833211,0.8305820862889339
moead,2,8620,430,moead,20,7,7,0.4,8620,20,587378.3035714246,0.007418500259518623,648901.9999999976,0.009020593017339706,16,1,0,1,10377.383333158214,0.8305561935310071
moead,2,8640,431,moead,20,7,7,0.4,8640,20,587378.3035714246,0.007418500259518623,648901.9999999976,0.009020593017339706,16,1,0,0,10402.868146106135,0.8304440543383833
moead,2,8660,432,moead,20,7,7,0.4,8660,20,587378.3035714246,0.007418500259518623,648901.9999999976,0.009020593017339706,15,1,0,8,10428.915617928142,0.830287665298057
moead,2,8680,433,moead,20,7,7,0.4,8680,20,587378.3035714246,0.007418500259518623,648901.9999999976,0.009020593017339706,16,1,0,7,10454.159188099205,0.8301958908259204
moead,2,8700,434,moead,20,6,6,0.4,8700,20,587378.3035714246,0.007418500259518623,648901.9999999976,0.009020593017339706,13,1,0,8,10480.177618960151,0.830043184026028
moead,2,8720,435,moead,20,6,6,0.4,8720,20,587378.3035714246,0.007418500259518623,648901.9999999976,0.009020593017339706,15,1,0,2,10506.02225002111,0.8299049623640842
moead,2,8740,436,moead,20,6,6,0.4,8740,20,587378.3035714246,0.007418500259518623,648901.9999999976,0.009020593017339706,15,1,0,0,10531.797850104049,0.8297728578139831
moead,2,8760,437,moead,20,6,6,0.4,8760,20,587378.3035714246,0.007418500259518623,648901.9999999976,0.009020593017339706,15,1,0,9,10557.007825982058,0.829685848905317
moead,2,8780,438,moead,20,6,6,0.4,8780,20,587378.3035714246,0.007418500259518623,648901.9999999976,0.009020593017339706,15,1,0,0,10583.572123510065,0.8294930952942214
moead,2,8800,439,moead,20,6,6,0.4,8800,20,587378.3035714246,0.007418500259518623,648901.9999999976,0.009020593017339706,15,1,0,0,10609.270020953147,0.8293690312926439
moead,2,8820,440,moead,20,6,6,0.4,8820,20,587378.3035714246,0.007418500259518623,648901.9999999976,0.009020593017339706,15,1,0,1,10635.401094628032,0.8292117919703563
moead,2,8840,441,moead,20,6,6,0.4,8840,20,587378.3035714246,0.007399140857160091,640307.696428569,0.009020593017339706,12,1,0,3,10660.405427323189,0.8291429496053847
moead,2,8860,442,moead,20,6,6,0.4,8860,20,587378.3035714246,0.007399140857160091,640307.696428569,0.009020593017339706,13,1,0,0,10686.075794145,0.8290227554678143
moead,2,8880,443,moead,20,8,8,0.35,8880,20,587378.3035714246,0.007399140857160091,640307.696428569,0.009020593017339706,14,1,0,7,10711.525403618114,0.828920220550555
moead,2,8900,444,moead,20,8,8,0.35,8900,20,587378.3035714246,0.007399140857160091,640307.696428569,0.009020593017339706,15,1,0,0,10736.733238685178,0.8288368353920073
moead,2,8920,445,moead,20,7,7,0.4,8920,20,587378.3035714246,0.007399140857160091,640307.696428569,0.009020593017339706,16,1,0,9,10761.924088945147,0.8287551488271291
moead,2,8940,446,moead,20,6,6,0.4,8940,20,587378.3035714246,0.007399140857160091,640307.696428569,0.009020593017339706,16,1,0,7,10787.096565908054,0.8286752552351438
moead,2,8960,447,moead,20,7,7,0.4,8960,20,587378.3035714246,0.007399140857160091,640307.696428569,0.009020593017339706,14,1,0,1,10812.144605871057,0.828605269960523
moead,2,8980,448,moead,20,7,7,0.4,8980,20,587378.3035714246,0.007399140857160091,640307.696428569,0.009020593017339706,14,1,0,7,10837.456931838999,0.8285154032419635
moead,2,9000,449,moead,20,8,8,0.35,9000,17,587378.3035714246,0.007399140857160091,640307.696428569,0.009020593017339706,14,1,0,5,10862.624459060142,0.8284369982517662
moead,2,9020,450,moead,20,6,6,0.45,9020,20,587378.3035714246,0.007349531631916761,635850.8928571406,0.009020593017339706,13,1,0,14,10886.942686091177,0.8284235767606637
moead,2,9040,451,moead,20,6,6,0.45,9040,20,587378.3035714246,0.007349531631916761,635850.8928571406,0.009020593017339706,14,1,0,0,10912.343015165068,0.8283280673489046
moead,2,9060,452,moead,20,6,6,0.45,9060,20,587378.3035714246,0.007349531631916761,635850.8928571406,0.009020593017339706,14,1,0,1,10937.602163102012,0.8282436922564733
moead,2,9080,453,moead,20,6,6,0.45,9080,20,587378.3035714246,0.007349531631916761,635850.8928571406,0.009020593017339706,14,1,0,0,10963.465128591051,0.8281140947238795
moead,2,9100,454,moead,20,8,8,0.3,9100,18,587378.3035714246,0.007349531631916761,635850.8928571406,0.009020593017339706,15,1,0,8,10989.176813529106,0.8279965055069409
moead,2,9120,455,moead,20,8,8,0.3,9120,20,587378.3035714246,0.007349531631916761,635850.8928571406,0.009020593017339706,15,1,0,2,11014.888856186997,0.8278794383728995
moead,2,9140,456,moead,20,8,8,0.3,9140,20,587378.3035714246,0.007349531631916761,635850.8928571406,0.009020593017339706,16,1,0,1,11039.708202498034,0.8278298513299521
moead,2,9160,457,moead,20,8,8,0.3,9160,20,587378.3035714246,0.007349531631916761,635850.8928571406,0.009020593017339706,16,1,0,0,11064.834652633173,0.8277575117510112
moead,2,9180,458,moead,20,8,8,0.3,9180,20,587378.3035714246,0.007349531631916761,635850.8928571406,0.009020593017339706,16,1,0,0,11090.434387926012,0.8276501784270089
moead,2,9200,459,moead,20,8,8,0.3,9200,20,587378.3035714246,0.007349531631916761,635850.8928571406,0.009020593017339706,16,1,0,0,11116.114342381014,0.8275373675249208
moead,2,9220,460,moead,20,8,8,0.3,9220,20,587378.3035714246,0.007349531631916761,635850.8928571406,0.009020593017339706,16,1,0,0,11141.445683858125,0.827450966561423
moead,2,9240,461,moead,20,8,8,0.3,9240,20,587378.3035714246,0.007349531631916761,635850.8928571406,0.009020593017339706,16,1,0,0,11165.827587835025,0.8274353089658781
moead,2,9260,462,moead,20,8,8,0.3,9260,20,587378.3035714246,0.007349531631916761,635850.8928571406,0.009020593017339706,18,1,0,0,11190.602033068193,0.8273906955711305
moead,2,9280,463,moead,20,8,8,0.3,9280,20,587378.3035714246,0.007349531631916761,635850.8928571406,0.009020593017339706,18,1,0,1,11214.706423614174,0.8273957114438354
moead,2,9300,464,moead,20,8,8,0.3,9300,20,587378.3035714246,0.007349531631916761,635850.8928571406,0.009020593017339706,18,1,0,0,11240.105251527159,0.8273054203595267
moead,2,9320,465,moead,20,8,8,0.3,9320,20,587378.3035714246,0.007349531631916761,635850.8928571406,0.009020593017339706,17,1,0,1,11265.904451750219,0.8271861384863994
moead,2,9340,466,moead,20,8,8,0.3,9340,20,587378.3035714246,0.007349531631916761,635850.8928571406,0.009020593017339706,15,1,0,0,11291.6003423722,0.8270749687229909
moead,2,9360,467,moead,20,8,8,0.3,9360,20,587378.3035714246,0.007349531631916761,635850.8928571406,0.009020593017339706,15,1,0,0,11316.767067802139,0.8270029721321849
moead,2,9380,468,moead,20,8,8,0.3,9380,20,587378.3035714246,0.007349531631916761,635850.8928571406,0.009020593017339706,15,1,0,0,11342.380621851189,0.8268987184164213
moead,2,9400,469,moead,20,8,8,0.3,9400,20,587378.3035714246,0.007349531631916761,635850.8928571406,0.009020593017339706,15,1,0,0,11368.0019798032,0.8267943669167722
moead,2,9420,470,moead,20,8,8,0.3,9420,20,587378.3035714246,0.007349531631916761,635850.8928571406,0.009020593017339706,15,1,0,0,11393.72289347509,0.8266832613064545
moead,2,9440,471,moead,20,8,8,0.3,9440,20,587378.3035714246,0.007349531631916761,635850.8928571406,0.009020593017339706,15,1,0,0,11419.257724382216,0.8265861256328421
moead,2,9460,472,moead,20,8,8,0.3,9460,20,587378.3035714246,0.007349531631916761,635850.8928571406,0.009020593017339706,15,1,0,0,11443.935378137045,0.8265513293679423
moead,2,9480,473,moead,20,8,8,0.3,9480,20,587378.3035714246,0.007349531631916761,635850.8928571406,0.009020593017339706,15,1,0,0,11468.738603982143,0.826507633255215
moead,2,9500,474,moead,20,8,8,0.3,9500,20,587378.3035714246,0.007349531631916761,635850.8928571406,0.009020593017339706,15,1,0,0,11493.593002757989,0.8264604460694434
moead,2,9520,475,moead,20,8,8,0.3,9520,20,587378.3035714246,0.007349531631916761,635850.8928571406,0.009020593017339706,15,1,0,0,11518.414255130105,0.8264158406840074
moead,2,9540,476,moead,20,8,8,0.3,9540,20,587378.3035714246,0.007349531631916761,635850.8928571406,0.009020593017339706,16,1,0,0,11543.597439027159,0.8263455175377203
moead,2,9560,477,moead,20,9,8,0.3,9560,20,587378.3035714246,0.007280274759978056,640437.0714285689,0.009020593017339706,17,1,0,4,11568.34349174914,0.8263067228957838
moead,2,9580,478,moead,20,10,8,0.35,9580,20,587378.3035714246,0.007280274759978056,640437.0714285689,0.009020593017339706,17,1,0,1,11593.538338690996,0.8262361084391382
moead,2,9600,479,moead,20,10,9,0.35,9600,20,587378.3035714246,0.007280274759978056,640437.0714285689,0.009020593017339706,17,1,0,1,11619.527183080092,0.8261093458241308
moead,2,9620,480,moead,20,9,9,0.35,9620,20,587378.3035714246,0.007280274759978056,640437.0714285689,0.009020593017339706,18,1,0,8,11645.787170686992,0.8259639180262102
moead,2,9640,481,moead,20,9,9,0.35,9640,20,587378.3035714246,0.007280274759978056,640437.0714285689,0.009020593017339706,19,1,0,0,11671.03980052122,0.8258904231968714
moead,2,9660,482,moead,20,9,9,0.35,9660,20,587378.3035714246,0.007280274759978056,640437.0714285689,0.009020593017339706,20,1,0,0,11697.28239344107,0.8257473552503117
moead,2,9680,483,moead,20,8,8,0.4,9680,20,587378.3035714246,0.007280274759978056,640437.0714285689,0.009020593017339706,19,1,0,8,11723.01432780805,0.8256408914421043
moead,2,9700,484,moead,20,8,8,0.4,9700,20,587378.3035714246,0.007280274759978056,640437.0714285689,0.009020593017339706,19,1,0,1,11748.8250392552,0.8255293586885225
moead,2,9720,485,moead,20,8,8,0.4,9720,20,587378.3035714246,0.007280274759978056,640437.0714285689,0.009020593017339706,20,1,0,1,11774.20875783218,0.8254482487865641
moead,2,9740,486,moead,20,8,8,0.4,9740,20,587378.3035714246,0.007280274759978056,640437.0714285689,0.009020593017339706,20,1,0,0,11800.012644977076,0.8253380986117511
moead,2,9760,487,moead,20,8,8,0.4,9760,20,587378.3035714246,0.007280274759978056,640437.0714285689,0.009020593017339706,18,1,0,1,11826.079274247168,0.8252100948833903
moead,2,9780,488,moead,20,8,8,0.4,9780,20,587378.3035714246,0.007280274759978056,640437.0714285689,0.009020593017339706,18,1,0,0,11852.077968279133,0.825087383509667
moead,2,9800,489,moead,20,8,8,0.4,9800,20,587378.3035714246,0.007280274759978056,640437.0714285689,0.009020593017339706,18,1,0,0,11877.906140394043,0.8249770527042507
moead,2,9820,490,moead,20,8,8,0.4,9820,20,587378.3035714246,0.007280274759978056,640437.0714285689,0.009020593017339706,18,1,0,0,11904.270866613137,0.8248300219325895
moead,2,9840,491,moead,20,8,8,0.4,9840,20,587378.3035714246,0.007280274759978056,640437.0714285689,0.009020593017339706,17,1,0,0,11930.921048205113,0.8246639098730922
moead,2,9860,492,moead,20,8,7,0.4,9860,20,587378.3035714246,0.007272904273122549,642068.1964285689,0.009020593017339706,18,1,0,2,11956.34721897915,0.8245829448939151
moead,2,9880,493,moead,20,8,7,0.4,9880,20,587378.3035714246,0.007272904273122549,642068.1964285689,0.009020593017339706,18,1,0,0,11981.78193214722,0.8245017357138308
moead,2,9900,494,moead,20,8,7,0.4,9900,20,587378.3035714246,0.007272904273122549,642068.1964285689,0.009020593017339706,18,1,0,0,12007.544105385197,0.8243983876403546
moead,2,9920,495,moead,20,9,8,0.3,9920,20,587378.3035714246,0.007272904273122549,642068.1964285689,0.009020593017339706,19,1,0,6,12033.772962119197,0.8242635149610819
moead,2,9940,496,moead,20,10,8,0.35,9940,20,587378.3035714246,0.007272904273122549,642068.1964285689,0.009020593017339706,19,1,0,2,12059.861781137995,0.8241387986340697
moead,2,9960,497,moead,20,10,8,0.35,9960,20,587378.3035714246,0.007272904273122549,642068.1964285689,0.009020593017339706,19,1,0,0,12085.534502020106,0.8240429910928099
moead,2,9980,498,moead,20,8,7,0.4,9980,20,587378.3035714246,0.007272904273122549,642068.1964285689,0.009020593017339706,21,1,0,8,12111.977986590005,0.8238951566002208
moead,2,10000,499,moead,20,7,7,0.4,10000,20,587378.3035714246,0.007272904273122549,642068.1964285689,0.009020593017339706,22,1,0,8,12137.235894657206,0.8238284306891939
nsga2,2,20,0,nsga2,19,20,19,0.05263157894736842,20,3,680436.9464285695,0.009542316198348999,1319193.9464285683,0.02150079421699047,3,1,0,0,4.544011544901878,4.181327404706293
nsga2,2,40,1,nsga2,20,20,20,0.05,40,4,677273.9642857144,0.009542316198348999,824089.6964285735,0.012711099348962307,4,1,0,10,6.62020299397409,5.891058028809538
nsga2,2,60,2,nsga2,20,20,20,0.05,60,2,643694.8035714213,0.009542316198348999,736907.2321428631,0.013025389052927494,2,1,0,10,9.095657742815092,6.486611707284799
nsga2,2,80,3,nsga2,20,20,19,0.1,80,6,628973.1249999936,0.009542316198348999,745090.5535714353,0.013025389052927494,4,1,0,12,12.141285948920995,6.506724273883096
nsga2,2,100,4,nsga2,20,20,20,0.05,100,7,628973.1249999936,0.00944580975919962,728107.6250000055,0.010918711312115192,7,1,0,10,14.60414503281936,6.778897345754984
nsga2,2,120,5,nsga2,20,20,20,0.05,120,9,627241.9642857081,0.00880122184753418,727582.4107142913,0.010673794895410538,9,1,0,10,17.001036789966747,6.999573112519143
nsga2,2,140,6,nsga2,20,20,20,0.05,140,4,614368.1964285664,0.00880122184753418,714682.5535714334,0.010588839650154114,4,1,0,8,19.25472882995382,7.219005846696901
nsga2,2,160,7,nsga2,20,20,19,0.1,160,8,612710.2678571377,0.00880122184753418,714682.5535714334,0.010373628698289394,7,1,0,11,21.53781161084771,7.382365621580524
nsga2,2,180,8,nsga2,20,20,19,0.1,180,11,612710.2678571377,0.00880122184753418,720588.8571428622,0.010373628698289394,9,1,0,7,23.62269454379566,7.57745902645188
nsga2,2,200,9,nsga2,20,20,19,0.1,200,11,612710.2678571377,0.00880122184753418,720588.8571428622,0.00980369746685028,9,1,0,6,25.63395669683814,7.763140210989978
nsga2,2,220,10,nsga2,20,20,19,0.1,220,13,612566.857142852,0.00880122184753418,720588.8571428622,0.009775456041097641,11,1,0,5,27.66851637000218,7.915133470525971
nsga2,2,240,11,nsga2,20,20,20,0.05,240,7,611870.5714285664,0.0086519131436944,714682.5535714334,0.009775456041097641,6,1,0,8,30.034196014981717,7.957596064192348
nsga2,2,260,12,nsga2,20,20,18,0.15,260,7,611870.5714285664,0.0086519131436944,698681.0892857148,0.009774086065590382,6,1,0,7,32.171026557916775,8.05072227128743
nsga2,2,280,13,nsga2,20,20,19,0.1,280,12,611693.4107142807,0.0086519131436944,698681.0892857148,0.009899608790874481,8,1,0,6,34.11739428481087,8.177646794210522
nsga2,2,300,14,nsga2,20,20,19,0.1,300,8,610932.8928571378,0.0086519131436944,698681.0892857148,0.009899608790874481,8,1,0,6,36.55781552987173,8.178825667405764
nsga2,2,320,15,nsga2,20,20,20,0.05,320,10,610932.8928571378,0.0086519131436944,697946.8035714291,0.009899608790874481,9,1,0,5,38.49253493291326,8.28732117944348
nsga2,2,340,16,nsga2,20,20,20,0.05,340,9,610305.0357142811,0.0086519131436944,697946.8035714291,0.009878684766590595,8,1,0,8,40.346877502975985,8.402137190789928
nsga2,2,360,17,nsga2,20,20,20,0.05,360,8,609423.9642857095,0.0086519131436944,697946.8035714291,0.009768647141754627,7,1,0,6,42.336756037781015,8.479629371689011
nsga2,2,380,18,nsga2,20,20,19,0.1,380,9,609423.9642857095,0.0086519131436944,697946.8035714291,0.00974777340888977,7,1,0,3,44.379407482920215,8.539996847543792
nsga2,2,400,19,nsga2,20,20,19,0.1,400,13,609337.660714281,0.0086519131436944,697946.8035714291,0.009713384322822094,10,1,0,7,46.242622047895566,8.628403458323314
nsga2,2,420,20,nsga2,20,20,19,0.1,420,14,609337.660714281,0.0086519131436944,697946.8035714291,0.009713384322822094,11,1,0,3,48.1523706598673,8.7015445814637
nsga2,2,440,21,nsga2,20,20,17,0.1,440,9,609337.660714281,0.0086519131436944,697946.8035714291,0.009713384322822094,7,1,0,5,50.131807940779254,8.756915380322829
nsga2,2,460,22,nsga2,20,20,18,0.1,460,8,609337.660714281,0.008640171028673649,697946.8035714291,0.009713384322822094,6,1,0,2,52.06015030085109,8.816724449458537
nsga2,2,480,23,nsga2,20,20,18,0.1,480,10,609337.660714281,0.008640171028673649,692691.2142857144,0.009713384322822094,7,1,0,3,54.03072837786749,8.865325609717523
nsga2,2,500,24,nsga2,20,20,17,0.1,500,14,609253.3035714239,0.008640171028673649,692691.2142857144,0.009713384322822094,9,1,0,6,55.94903853395954,8.918830655099116
nsga2,2,520,25,nsga2,20,20,19,0.1,520,11,609033.0892857095,0.008624302223324776,702072.8035714303,0.009713178500533104,10,1,0,6,57.880311134969816,8.966779718750223
nsga2,2,540,26,nsga2,20,20,19,0.1,540,7,608737.4821428523,0.008624302223324776,702072.8035714303,0.009697376750409603,7,1,0,7,60.07758721290156,8.971731805571757
nsga2,2,560,27,nsga2,20,20,18,0.1,560,12,608737.4821428523,0.008624302223324776,702072.8035714303,0.009697376750409603,9,1,0,6,62.09656951879151,9.002107593573857
nsga2,2,580,28,nsga2,20,20,19,0.1,580,10,608737.4821428523,0.008624302223324776,702072.8035714303,0.009697376750409603,9,1,0,3,64.04462561686523,9.040571233310928
nsga2,2,600,29,nsga2,20,20,19,0.1,600,11,608737.4821428523,0.008610917255282402,702072.8035714303,0.009697376750409603,9,1,0,5,66.02800641884096,9.071908005223015
nsga2,2,620,30,nsga2,20,20,16,0.2,620,17,608737.4821428523,0.008607589639723301,702072.8035714303,0.009697376750409603,12,1,0,7,68.04295300296508,9.09719482593629
nsga2,2,640,31,nsga2,20,20,18,0.1,640,10,608689.8571428523,0.008595844730734825,689759.6428571404,0.009697376750409603,8,1,0,5,70.00463054678403,9.127967607413582
nsga2,2,660,32,nsga2,20,20,18,0.15,660,11,608689.8571428523,0.00859272014349699,689626.7857142834,0.009697376750409603,8,1,0,5,71.97320756292902,9.156184951515607
nsga2,2,680,33,nsga2,20,20,18,0.15,680,15,608689.8571428523,0.008568820543587208,689129.9642857119,0.009553039446473122,10,1,0,7,73.9054067148827,9.18741984087162
nsga2,2,700,34,nsga2,20,20,20,0.05,700,8,608331.642857138,0.008568820543587208,689129.9642857119,0.009553039446473122,8,1,0,7,75.91050666500814,9.208211494156874
nsga2,2,720,35,nsga2,20,20,20,0.05,720,9,608260.0535714236,0.008568820543587208,683962.8571428547,0.009422536008059978,9,1,0,6,77.8564084819518,9.234949492522176
nsga2,2,740,36,nsga2,20,20,20,0.05,740,11,608050.9285714236,0.008568820543587208,683962.8571428547,0.009411110542714596,11,1,0,4,79.82066804682836,9.25825375911977
nsga2,2,760,37,nsga2,20,20,20,0.05,760,12,608050.9285714236,0.008568820543587208,683962.8571428547,0.009411110542714596,12,1,0,3,81.82187864580192,9.276247533812185
nsga2,2,780,38,nsga2,20,20,20,0.05,780,12,608050.9285714236,0.008568820543587208,683962.8571428547,0.009411110542714596,12,1,0,3,83.80291271698661,9.295619623995467
nsga2,2,800,39,nsga2,20,20,20,0.05,800,10,607049.0178571384,0.008568820543587208,683962.8571428547,0.009540642611682415,10,1,0,5,86.08200797694735,9.281846680597543
nsga2,2,820,40,nsga2,20,20,20,0.05,820,10,607049.0178571384,0.008568820543587208,683962.8571428547,0.009540642611682415,10,1,0,1,88.00419716490433,9.306374313776633
nsga2,2,840,41,nsga2,20,20,18,0.1,840,12,607049.0178571384,0.008568820543587208,683962.8571428547,0.009540642611682415,11,1,0,3,90.07432449189946,9.314530025428642
nsga2,2,860,42,nsga2,20,20,19,0.1,860,13,607049.0178571384,0.008568820543587208,683962.8571428547,0.009540642611682415,12,1,0,3,92.31065307487734,9.305534858508977
nsga2,2,880,43,nsga2,20,20,19,0.1,880,14,607049.0178571384,0.00856750551611185,684153.571428569,0.009545939974486828,13,1,0,2,94.42548372899182,9.30892768866078
nsga2,2,900,44,nsga2,20,20,19,0.1,900,16,607049.0178571384,0.00856750551611185,684153.571428569,0.009545939974486828,14,1,0,3,96.59431111579761,9.30696631732562
nsga2,2,920,45,nsga2,20,20,19,0.1,920,17,607049.0178571384,0.00856750551611185,684153.571428569,0.009545939974486828,15,1,0,2,98.80674309888855,9.300984641101257
nsga2,2,940,46,nsga2,20,20,19,0.1,940,20,607049.0178571384,0.00853924360126257,691958.6964285692,0.009540642611682415,17,1,0,3,100.85868209879845,9.31005621390314
nsga2,2,960,47,nsga2,20,20,19,0.1,960,20,607049.0178571384,0.00853924360126257,691958.6964285692,0.009540642611682415,17,1,0,0,102.7655809998978,9.33191824216859
nsga2,2,980,48,nsga2,20,20,19,0.1,980,20,607049.0178571384,0.00853924360126257,691958.6964285692,0.009540642611682415,19,1,0,3,104.68826275784522,9.351573655057475
nsga2,2,1000,49,nsga2,20,20,20,0.05,1000,18,606698.9999999952,0.00853924360126257,691958.6964285692,0.009484796784818172,18,1,0,4,106.68224512389861,9.364257368597572
nsga2,2,1020,50,nsga2,20,20,20,0.05,1020,18,605746.160714281,0.00853924360126257,692839.5535714263,0.009349953383207321,17,1,0,5,108.69430817686953,9.374915918705357
nsga2,2,1040,51,nsga2,20,20,20,0.05,1040,20,605232.321428567,0.008508575148880482,690047.4107142834,0.009389067068696022,20,1,0,5,110.68062371085398,9.387370301727977
nsga2,2,1060,52,nsga2,20,20,19,0.1,1060,18,605232.321428567,0.008508575148880482,690873.4999999977,0.009389067068696022,16,1,0,5,112.71003123093396,9.395791913411793
nsga2,2,1080,53,nsga2,20,20,19,0.1,1080,17,605232.321428567,0.008485307916998863,695560.2321428555,0.009389067068696022,15,1,0,4,114.68250795896165,9.40858391748908
nsga2,2,1100,54,nsga2,20,20,19,0.1,1100,19,605232.321428567,0.008485307916998863,695560.2321428555,0.009389067068696022,17,1,0,2,116.87895385595039,9.402890458400943
nsga2,2,1120,55,nsga2,20,20,19,0.1,1120,20,605232.321428567,0.008485307916998863,695560.2321428555,0.009389067068696022,18,1,0,1,118.91980224079452,9.40970283262156
nsga2,2,1140,56,nsga2,20,20,18,0.1,1140,19,605232.321428567,0.008485307916998863,695560.2321428555,0.009755989536643028,17,1,0,3,120.83487977599725,9.426086260121822
nsga2,2,1160,57,nsga2,20,20,18,0.1,1160,19,605232.321428567,0.008485307916998863,695560.2321428555,0.009755989536643028,17,1,0,0,122.78150775283575,9.439532232599024
nsga2,2,1180,58,nsga2,20,20,18,0.1,1180,18,605232.321428567,0.008484174497425556,695560.2321428555,0.009389067068696022,17,1,0,2,124.6451872268226,9.458848963454315
nsga2,2,1200,59,nsga2,20,20,19,0.1,1200,20,605232.321428567,0.008484174497425556,695101.3749999984,0.009389067068696022,19,1,0,3,126.55762508092448,9.47394516318812
nsga2,2,1220,60,nsga2,20,20,20,0.05,1220,20,605232.321428567,0.008484174497425556,695101.3749999984,0.009389067068696022,19,1,0,1,128.60027816682123,9.478984162217007
nsga2,2,1240,61,nsga2,20,20,20,0.05,1240,19,605232.321428567,0.008484174497425556,695101.3749999984,0.009389067068696022,17,1,0,2,130.5972593948245,9.487182240587668
nsga2,2,1260,62,nsga2,20,20,20,0.05,1260,20,605232.321428567,0.008484174497425556,695101.3749999984,0.009389067068696022,20,1,0,2,132.54339560191147,9.498775810613406
nsga2,2,1280,63,nsga2,20,20,20,0.05,1280,20,605173.8035714241,0.008484174497425556,695101.3749999984,0.009305177256464958,20,1,0,2,134.5632225777954,9.504825876628871
nsga2,2,1300,64,nsga2,20,20,20,0.05,1300,20,605173.8035714241,0.008484174497425556,695101.3749999984,0.009305177256464958,21,1,0,2,136.5274191829376,9.51457229451783
nsga2,2,1320,65,nsga2,20,20,20,0.05,1320,20,604888.8035714241,0.008484174497425556,695101.3749999984,0.009315225295722485,22,1,0,5,138.3776475719642,9.531886277471552
nsga2,2,1340,66,nsga2,20,20,20,0.05,1340,20,604888.8035714241,0.008484174497425556,695101.3749999984,0.009315225295722485,23,1,0,2,140.26745710591786,9.54604886712178
nsga2,2,1360,67,nsga2,20,20,20,0.05,1360,20,604888.8035714241,0.008484174497425556,695101.3749999984,0.009315225295722485,21,1,0,2,142.27479056781158,9.551938151349926
nsga2,2,1380,68,nsga2,20,20,20,0.05,1380,20,604888.8035714241,0.008484174497425556,695101.3749999984,0.009315225295722485,21,1,0,0,144.19592111487873,9.563377308719929
nsga2,2,1400,69,nsga2,20,20,20,0.05,1400,20,604888.8035714241,0.008484174497425556,695101.3749999984,0.009315225295722485,21,1,0,1,146.1944386928808,9.569447459892514
nsga2,2,1420,70,nsga2,20,20,20,0.05,1420,19,604888.8035714241,0.008484174497425556,695101.3749999984,0.009315225295722485,20,1,0,4,148.2219223829452,9.573482634598955
nsga2,2,1440,71,nsga2,20,20,19,0.1,1440,20,604888.8035714241,0.008484174497425556,695101.3749999984,0.009315225295722485,20,1,0,3,150.4602898368612,9.56398529844823
nsga2,2,1460,72,nsga2,20,20,19,0.1,1460,20,604865.0535714241,0.008484174497425556,695101.3749999984,0.00944651011377573,22,1,0,3,152.50894574495032,9.566651928995507
nsga2,2,1480,73,nsga2,20,20,20,0.05,1480,20,604865.0535714241,0.008484174497425556,695101.3749999984,0.00944651011377573,23,1,0,2,154.49157469696365,9.573337593982515
nsga2,2,1500,74,nsga2,20,20,20,0.05,1500,20,604574.5714285669,0.008484174497425556,695101.3749999984,0.009379065595567226,23,1,0,2,156.51515892497264,9.577347078046051
nsga2,2,1520,75,nsga2,20,20,19,0.1,1520,15,604574.5714285669,0.008484174497425556,695101.3749999984,0.00966134574264288,17,1,0,7,158.56264159199782,9.579810128974664
nsga2,2,1540,76,nsga2,20,20,18,0.15,1540,18,604574.5714285669,0.008484174497425556,695101.3749999984,0.009379065595567226,19,1,0,5,160.56711513292976,9.584777049309865
nsga2,2,1560,77,nsga2,20,20,18,0.15,1560,17,604574.5714285669,0.008484174497425556,695101.3749999984,0.009379065595567226,16,1,0,5,162.6688608918339,9.583887115534987
nsga2,2,1580,78,nsga2,20,20,16,0.25,1580,19,604574.5714285669,0.008484174497425556,695101.3749999984,0.009379065595567226,16,1,0,4,164.6301625459455,9.591195049445012
nsga2,2,1600,79,nsga2,20,20,20,0.05,1600,15,598810.33928571,0.008484174497425556,695101.3749999984,0.00961429812014103,16,1,0,6,166.72738042287529,9.590506346014745
nsga2,2,1620,80,nsga2,20,20,19,0.1,1620,18,598810.33928571,0.008484174497425556,695101.3749999984,0.00961429812014103,18,1,0,4,168.66837128787301,9.598717220294896
nsga2,2,1640,81,nsga2,20,20,20,0.05,1640,20,598810.33928571,0.008484174497425556,695101.3749999984,0.00961429812014103,22,1,0,7,170.48560015391558,9.61371516726515
nsga2,2,1660,82,nsga2,20,20,20,0.05,1660,20,598810.33928571,0.008484174497425556,695101.3749999984,0.00961429812014103,22,1,0,2,172.6414968247991,9.609508898567965
nsga2,2,1680,83,nsga2,20,20,20,0.05,1680,20,598810.33928571,0.008484174497425556,695101.3749999984,0.00961429812014103,25,1,0,3,174.45292342780158,9.624372965551732
nsga2,2,1700,84,nsga2,20,20,20,0.05,1700,20,598810.33928571,0.008484174497425556,695101.3749999984,0.00961429812014103,25,1,0,4,176.29069524188526,9.63749106365956
nsga2,2,1720,85,nsga2,20,20,20,0.05,1720,20,598810.33928571,0.008484174497425556,695101.3749999984,0.00961429812014103,25,1,0,1,178.25424865586683,9.643528908635766
nsga2,2,1740,86,nsga2,20,20,20,0.05,1740,20,598610.8749999957,0.008484174497425556,695101.3749999984,0.009582110680639744,21,1,0,7,180.20723733585328,9.650000886251952
nsga2,2,1760,87,nsga2,20,20,20,0.05,1760,17,598610.8749999957,0.008475782349705696,695101.3749999984,0.009582110680639744,19,1,0,2,182.1216500008013,9.658379440293126
nsga2,2,1780,88,nsga2,20,20,20,0.05,1780,18,598610.8749999957,0.008475782349705696,695101.3749999984,0.009582110680639744,20,1,0,1,184.16585828689858,9.659770907312394
nsga2,2,1800,89,nsga2,20,20,19,0.1,1800,20,598610.8749999957,0.008475782349705696,686040.1607142827,0.009582110680639744,21,1,0,4,186.11459541483782,9.666087691780117
nsga2,2,1820,90,nsga2,20,20,19,0.1,1820,20,598610.8749999957,0.008475782349705696,686040.1607142827,0.009582110680639744,21,1,0,0,188.12291385699064,9.669210213184279
nsga2,2,1840,91,nsga2,20,20,20,0.05,1840,17,598610.8749999957,0.008475782349705696,686231.0357142827,0.009582110680639744,18,1,0,6,190.07187428581528,9.675287345431524
nsga2,2,1860,92,nsga2,20,20,20,0.05,1860,17,598610.8749999957,0.008473118767142296,686040.1607142827,0.00984413642436266,17,1,0,4,192.01568553200923,9.681500731824862
nsga2,2,1880,93,nsga2,20,20,20,0.05,1880,19,598610.8749999957,0.008473118767142296,686040.1607142827,0.009582110680639744,19,1,0,4,193.8829972378444,9.691411968915212
nsga2,2,1900,94,nsga2,20,20,19,0.1,1900,20,598563.0357142815,0.00846509076654911,688848.7857142831,0.009634238667786121,23,1,0,4,195.85198615398258,9.696097738355178
nsga2,2,1920,95,nsga2,20,20,19,0.1,1920,20,598563.0357142815,0.008444168604910374,681161.3035714247,0.009634238667786121,21,1,0,3,197.7922526889015,9.702098913946385
nsga2,2,1940,96,nsga2,20,20,19,0.1,1940,20,598563.0357142815,0.008444168604910374,681161.3035714247,0.009634238667786121,21,1,0,2,199.75508379284292,9.706886869576998
nsga2,2,1960,97,nsga2,20,20,19,0.1,1960,19,598563.0357142815,0.008444168604910374,687055.2499999972,0.009634238667786121,21,1,0,3,201.7039398709312,9.712254511506066
nsga2,2,1980,98,nsga2,20,20,19,0.1,1980,20,598563.0357142815,0.008444168604910374,681161.3035714247,0.009634238667786121,21,1,0,2,203.5645911039319,9.721730037959315
nsga2,2,2000,99,nsga2,20,20,20,0.05,2000,20,598563.0357142815,0.008440540172159672,683549.1249999967,0.009634238667786121,22,1,0,1,205.39305888395756,9.7325586894803
nsga2,2,2020,100,nsga2,20,20,20,0.05,2020,20,598563.0357142815,0.008440540172159672,683549.1249999967,0.009634238667786121,24,1,0,2,207.66514599183574,9.72238259028492
nsga2,2,2040,101,nsga2,20,20,20,0.05,2040,20,598563.0357142815,0.008440540172159672,683549.1249999967,0.009634238667786121,25,1,0,1,209.60973071795888,9.727601829437889
nsga2,2,2060,102,nsga2,20,20,20,0.05,2060,20,598563.0357142815,0.008440540172159672,683549.1249999967,0.009634238667786121,25,1,0,1,211.70095621282235,9.725983466650446
nsga2,2,2080,103,nsga2,20,20,20,0.05,2080,19,598563.0357142815,0.008440540172159672,683549.1249999967,0.009634238667786121,24,1,0,3,213.67286696098745,9.72982685901615
nsga2,2,2100,104,nsga2,20,20,20,0.05,2100,17,598563.0357142815,0.008440540172159672,686758.7499999969,0.009634238667786121,18,1,0,3,215.55863980390131,9.737489538389688
nsga2,2,2120,105,nsga2,20,20,20,0.05,2120,17,598563.0357142815,0.008436632342636585,683549.1249999967,0.009634238667786121,18,1,0,2,217.6024992899038,9.737939623464225
nsga2,2,2140,106,nsga2,20,20,20,0.05,2140,17,597790.6607142814,0.008436632342636585,683549.1249999967,0.009644470177590847,16,1,0,3,219.46560146380216,9.746402104626855
nsga2,2,2160,107,nsga2,20,20,18,0.15,2160,20,597790.6607142814,0.008436632342636585,682078.5535714247,0.009577088057994843,17,1,0,6,221.32151603489183,9.755038907557585
nsga2,2,2180,108,nsga2,20,20,20,0.05,2180,20,597790.6607142814,0.008436632342636585,682078.5535714247,0.009577088057994843,20,1,0,2,223.2142503107898,9.76192154831555
nsga2,2,2200,109,nsga2,20,20,20,0.05,2200,20,597790.6607142814,0.008436632342636585,682078.5535714247,0.009577088057994843,21,1,0,2,225.02133799297735,9.772406562032922
nsga2,2,2220,110,nsga2,20,20,20,0.05,2220,20,597790.6607142814,0.008420725353062153,683859.946428568,0.009577088057994843,22,1,0,1,227.1429577898234,9.769178061215758
nsga2,2,2240,111,nsga2,20,20,20,0.05,2240,20,597790.6607142814,0.008420725353062153,683859.946428568,0.009577088057994843,22,1,0,0,229.1799445138313,9.769615769607073
nsga2,2,2260,112,nsga2,20,20,20,0.05,2260,20,597790.6607142814,0.008420725353062153,683859.946428568,0.009577088057994843,24,1,0,3,231.00582134281285,9.778974343021607
nsga2,2,2280,113,nsga2,20,20,20,0.05,2280,20,597790.6607142814,0.008420725353062153,683859.946428568,0.009577088057994843,24,1,0,0,232.87941379100084,9.786180594070473
nsga2,2,2300,114,nsga2,20,20,19,0.1,2300,20,597790.6607142814,0.008420725353062153,683859.946428568,0.009577088057994843,24,1,0,1,234.67814984894358,9.79639562302587
nsga2,2,2320,115,nsga2,20,20,19,0.1,2320,20,597790.6607142814,0.008420725353062153,683859.946428568,0.009577088057994843,25,1,0,2,236.55238412786275,9.803325417961206
nsga2,2,2340,116,nsga2,20,20,19,0.1,2340,20,597790.6607142814,0.008393041789531708,683144.1249999962,0.009577088057994843,25,1,0,1,238.38459549983963,9.811875616776478
nsga2,2,2360,117,nsga2,20,20,19,0.1,2360,20,597790.6607142814,0.008393041789531708,683144.1249999962,0.009577088057994843,25,1,0,3,240.28624866879545,9.817457357918082
nsga2,2,2380,118,nsga2,20,20,19,0.1,2380,20,597790.6607142814,0.008393041789531708,683144.1249999962,0.009577088057994843,27,1,0,3,242.28933462896384,9.81883913150013
nsga2,2,2400,119,nsga2,20,20,19,0.1,2400,20,597790.6607142814,0.008393041789531708,683144.1249999962,0.009577088057994843,27,1,0,0,244.13232299499214,9.826638154953413
nsga2,2,2420,120,nsga2,20,20,19,0.1,2420,19,597790.6607142814,0.008393041789531708,683144.1249999962,0.009577088057994843,25,1,0,2,245.93099820287898,9.836092309129993
nsga2,2,2440,121,nsga2,20,20,19,0.1,2440,20,597790.6607142814,0.008393041789531708,683144.1249999962,0.009577088057994843,25,1,0,2,247.76003916398622,9.84420251235788
nsga2,2,2460,122,nsga2,20,20,19,0.1,2460,20,597790.6607142814,0.008393041789531708,683144.1249999962,0.009577088057994843,25,1,0,0,249.71347811399028,9.847285851657174
nsga2,2,2480,123,nsga2,20,20,20,0.05,2480,20,597790.6607142814,0.008393041789531708,683144.1249999962,0.009577088057994843,25,1,0,1,251.89095172286034,9.841560338092203
nsga2,2,2500,124,nsga2,20,20,19,0.1,2500,20,597790.6607142814,0.008393041789531708,683144.1249999962,0.009577088057994843,23,1,0,2,253.83117809798568,9.845126271428006
nsga2,2,2520,125,nsga2,20,20,19,0.1,2520,20,597790.6607142814,0.008393041789531708,683144.1249999962,0.009577088057994843,23,1,0,1,255.82238111295737,9.846675607666029
nsga2,2,2540,126,nsga2,20,20,19,0.1,2540,20,597790.6607142814,0.008393041789531708,683144.1249999962,0.009577088057994843,24,1,0,3,257.71798958978616,9.851853974343689
nsga2,2,2560,127,nsga2,20,20,19,0.1,2560,20,597790.6607142814,0.008393041789531708,683144.1249999962,0.009577088057994843,24,1,0,0,259.54180158884265,9.859683428004717
nsga2,2,2580,128,nsga2,20,20,19,0.1,2580,20,597790.6607142814,0.008393041789531708,683144.1249999962,0.009577088057994843,24,1,0,0,261.47977425181307,9.863095558268089
nsga2,2,2600,129,nsga2,20,20,19,0.1,2600,20,597790.6607142814,0.008393041789531708,683144.1249999962,0.009577088057994843,26,1,0,1,263.3260980199557,9.869891437053989
nsga2,2,2620,130,nsga2,20,20,19,0.1,2620,20,597790.6607142814,0.008393041789531708,683144.1249999962,0.009577088057994843,27,1,0,0,265.2195863958914,9.874836302966846
nsga2,2,2640,131,nsga2,20,20,19,0.1,2640,20,597790.6607142814,0.008393041789531708,683144.1249999962,0.009577088057994843,27,1,0,0,267.1314556689467,9.879031255946456
nsga2,2,2660,132,nsga2,20,20,19,0.1,2660,20,597790.6607142814,0.008393041789531708,683144.1249999962,0.009577088057994843,27,1,0,0,269.0678975728806,9.882264008398753
nsga2,2,2680,133,nsga2,20,20,19,0.1,2680,20,597790.6607142814,0.008393041789531708,683144.1249999962,0.009577088057994843,29,1,0,4,271.0099548290018,9.88524573457222
nsga2,2,2700,134,nsga2,20,20,19,0.1,2700,20,597544.6964285672,0.008393041789531708,683144.1249999962,0.009303916245698929,27,1,0,2,272.99063693988137,9.88678597278917
nsga2,2,2720,135,nsga2,20,20,18,0.1,2720,20,597544.6964285672,0.008393041789531708,683144.1249999962,0.009303916245698929,28,1,0,2,274.89076376799494,9.891201736755363
nsga2,2,2740,136,nsga2,20,20,19,0.1,2740,20,597544.6964285672,0.008393041789531708,683144.1249999962,0.009303916245698929,29,1,0,3,276.8844116749242,9.892214528912229
nsga2,2,2760,137,nsga2,20,20,19,0.1,2760,19,597544.6964285672,0.008393041789531708,686177.1428571399,0.009303916245698929,27,1,0,2,278.6910072558094,9.899852984734181
nsga2,2,2780,138,nsga2,20,20,19,0.1,2780,16,596025.9642857101,0.008393041789531708,684237.0535714254,0.009303916245698929,22,1,0,5,280.7130501838401,9.899789119814779
nsga2,2,2800,139,nsga2,20,20,17,0.15,2800,20,596025.9642857101,0.008393041789531708,683144.1249999962,0.009060584008693695,22,1,0,4,282.74907959694974,9.899236467860089
nsga2,2,2820,140,nsga2,20,20,18,0.1,2820,20,596025.9642857101,0.008393041789531708,683144.1249999962,0.009060584008693695,23,1,0,3,284.70380894700065,9.901518390028896
nsga2,2,2840,141,nsga2,20,20,20,0.05,2840,20,596025.9642857101,0.008393041789531708,683144.1249999962,0.009060584008693695,24,1,0,3,286.7068602168001,9.90209999807198
nsga2,2,2860,142,nsga2,20,20,20,0.05,2860,20,596025.9642857101,0.008393041789531708,683144.1249999962,0.009060584008693695,23,1,0,2,288.6779697739985,9.903769249306647
nsga2,2,2880,143,nsga2,20,20,20,0.05,2880,20,595196.5714285673,0.008393041789531708,683144.1249999962,0.009131355211138725,24,1,0,2,290.48068205383606,9.91115822107035
nsga2,2,2900,144,nsga2,20,20,20,0.05,2900,18,595196.5714285673,0.008393041789531708,683144.1249999962,0.009131355211138725,22,1,0,3,292.3964026889298,9.914622660676656
nsga2,2,2920,145,nsga2,20,20,20,0.05,2920,20,595196.5714285673,0.008393041789531708,683144.1249999962,0.009131355211138725,23,1,0,3,294.54123244597577,9.910327242673564
nsga2,2,2940,146,nsga2,20,20,20,0.05,2940,20,595196.5714285673,0.008393041789531708,683144.1249999962,0.009131355211138725,23,1,0,3,296.7541966098361,9.903819503062035
nsga2,2,2960,147,nsga2,20,20,20,0.05,2960,20,595196.5714285673,0.008393041789531708,683144.1249999962,0.009131355211138725,24,1,0,2,298.72607464692555,9.905395782732867
nsga2,2,2980,148,nsga2,20,20,20,0.05,2980,20,595196.5714285673,0.008393041789531708,683144.1249999962,0.009131355211138725,24,1,0,2,300.85573509684764,9.90175573366098
nsga2,2,3000,149,nsga2,20,20,20,0.05,3000,18,594709.6071428531,0.008393041789531708,683144.1249999962,0.009131355211138725,22,1,0,4,302.87901124497876,9.901643523176677
nsga2,2,3020,150,nsga2,20,20,20,0.05,3020,18,594709.6071428531,0.008378441445529461,683144.1249999962,0.009131355211138725,22,1,0,3,304.9357238768134,9.900447089694227
nsga2,2,3040,151,nsga2,20,20,20,0.05,3040,19,594709.6071428531,0.008378441445529461,683000.9285714247,0.009131355211138725,22,1,0,1,307.1441454689484,9.894377102191049
nsga2,2,3060,152,nsga2,20,20,19,0.1,3060,20,594709.6071428531,0.008378441445529461,683000.9285714247,0.009016829542815685,21,1,0,5,309.3107660538517,9.889730121671294
nsga2,2,3080,153,nsga2,20,20,19,0.1,3080,20,594709.6071428531,0.008378441445529461,683000.9285714247,0.009016829542815685,22,1,0,2,311.37327734800056,9.888452940548309
nsga2,2,3100,154,nsga2,20,20,18,0.1,3100,20,594709.6071428531,0.008378441445529461,683000.9285714247,0.009016829542815685,23,1,0,2,313.3645493029617,9.889440292124041
nsga2,2,3120,155,nsga2,20,20,18,0.1,3120,20,594454.2499999957,0.008378441445529461,683000.9285714247,0.009219379164278507,20,1,0,2,315.47724012681283,9.886608614764892
nsga2,2,3140,156,nsga2,20,20,19,0.1,3140,20,594454.2499999957,0.008378441445529461,683000.9285714247,0.009219379164278507,22,1,0,3,317.64380116178654,9.882138384313071
nsga2,2,3160,157,nsga2,20,20,18,0.1,3160,20,594454.2499999957,0.008378441445529461,683000.9285714247,0.009219379164278507,24,1,0,4,319.6040696038399,9.884104429319965
nsga2,2,3180,158,nsga2,20,20,19,0.1,3180,20,594121.0714285673,0.008378441445529461,683000.9285714247,0.009211556054651737,25,1,0,2,321.5499281818047,9.88648953515732
nsga2,2,3200,159,nsga2,20,20,20,0.05,3200,20,594121.0714285673,0.008378441445529461,683000.9285714247,0.009211556054651737,26,1,0,3,323.55427041184157,9.887058501586452
nsga2,2,3220,160,nsga2,20,20,18,0.15,3220,20,594121.0714285673,0.008378441445529461,683000.9285714247,0.009211556054651737,24,1,0,4,325.4420882558916,9.891160720026278
nsga2,2,3240,161,nsga2,20,20,19,0.1,3240,20,594121.0714285673,0.008378441445529461,683000.9285714247,0.009211556054651737,22,1,0,2,327.4230166969355,9.892401678645689
nsga2,2,3260,162,nsga2,20,20,19,0.1,3260,20,594121.0714285673,0.008378441445529461,683000.9285714247,0.009211556054651737,23,1,0,1,329.39057962293737,9.89402916055058
nsga2,2,3280,163,nsga2,20,20,18,0.1,3280,20,594121.0714285673,0.008378441445529461,683000.9285714247,0.009211556054651737,24,1,0,4,331.4536202668678,9.89278680184556
nsga2,2,3300,164,nsga2,20,20,17,0.1,3300,20,594121.0714285673,0.008378441445529461,683000.9285714247,0.009211556054651737,26,1,0,3,333.4853219278157,9.892489363337205
nsga2,2,3320,165,nsga2,20,20,17,0.1,3320,20,593783.2857142815,0.008378441445529461,683000.9285714247,0.00902640912681818,25,1,0,3,335.2968482619617,9.898691315484486
nsga2,2,3340,166,nsga2,20,20,18,0.1,3340,20,593783.2857142815,0.008378441445529461,683000.9285714247,0.00902640912681818,25,1,0,2,337.22207079990767,9.901487147859939
nsga2,2,3360,167,nsga2,20,20,18,0.1,3360,20,593783.2857142815,0.008378441445529461,683000.9285714247,0.00902640912681818,25,1,0,1,339.20214850082994,9.902649540534327
nsga2,2,3380,168,nsga2,20,20,19,0.1,3380,20,593783.2857142815,0.008378441445529461,683000.9285714247,0.00902640912681818,26,1,0,2,341.1662538459059,9.904262106551103
nsga2,2,3400,169,nsga2,20,20,19,0.1,3400,20,593783.2857142815,0.008378441445529461,683000.9285714247,0.00902640912681818,26,1,0,0,343.0781531590037,9.90736358087101
nsga2,2,3420,170,nsga2,20,20,19,0.1,3420,20,593783.2857142815,0.008378441445529461,683000.9285714247,0.00902640912681818,24,1,0,1,345.0476887959521,9.908775253445805
nsga2,2,3440,171,nsga2,20,20,18,0.1,3440,20,593783.2857142815,0.008378441445529461,683000.9285714247,0.00902640912681818,24,1,0,1,347.1003224749584,9.907798343368313
nsga2,2,3460,172,nsga2,20,20,18,0.1,3460,20,593783.2857142815,0.008378441445529461,683000.9285714247,0.00902640912681818,24,1,0,0,349.12282655294985,9.907687887819588
nsga2,2,3480,173,nsga2,20,20,19,0.1,3480,20,593783.2857142815,0.008378441445529461,683000.9285714247,0.00902640912681818,24,1,0,1,351.3016336329747,9.903170571744948
nsga2,2,3500,174,nsga2,20,20,19,0.1,3500,20,593783.2857142815,0.008378441445529461,683000.9285714247,0.00902640912681818,24,1,0,0,353.163711336907,9.907586446961037
nsga2,2,3520,175,nsga2,20,20,19,0.1,3520,20,593783.2857142815,0.008378441445529461,683000.9285714247,0.00902640912681818,24,1,0,1,355.14158391579986,9.908724180366093
nsga2,2,3540,176,nsga2,20,20,19,0.1,3540,20,593783.2857142815,0.008378441445529461,683000.9285714247,0.00902640912681818,24,1,0,1,357.14326465595514,9.909188693252288
nsga2,2,3560,177,nsga2,20,20,20,0.05,3560,20,593783.2857142815,0.008378441445529461,683000.9285714247,0.00902640912681818,24,1,0,1,359.27903256891295,9.90594963071593
nsga2,2,3580,178,nsga2,20,20,20,0.05,3580,20,593783.2857142815,0.008378441445529461,683000.9285714247,0.00902640912681818,24,1,0,2,361.23672435083427,9.90763053350042
nsga2,2,3600,179,nsga2,20,20,20,0.05,3600,20,593783.2857142815,0.008378441445529461,683000.9285714247,0.00902640912681818,23,1,0,2,363.22495315480046,9.908460222076664
nsga2,2,3620,180,nsga2,20,20,20,0.05,3620,20,593783.2857142815,0.008378441445529461,683000.9285714247,0.00902640912681818,23,1,0,0,365.1915719797835,9.909867252359108
nsga2,2,3640,181,nsga2,20,20,20,0.05,3640,20,593783.2857142815,0.008378441445529461,683000.9285714247,0.00902640912681818,22,1,0,3,367.2403377078008,9.909042189410615
nsga2,2,3660,182,nsga2,20,20,20,0.05,3660,19,593783.2857142815,0.008378441445529461,683000.9285714247,0.009174053557217121,20,1,0,2,369.3446777078789,9.906735417733477
nsga2,2,3680,183,nsga2,20,20,20,0.05,3680,20,593783.2857142815,0.008378441445529461,683000.9285714247,0.00902640912681818,20,1,0,4,371.32371362880804,9.907797064848099
nsga2,2,3700,184,nsga2,20,20,20,0.05,3700,20,593735.232142853,0.008378441445529461,683000.9285714247,0.009025834500789642,21,1,0,3,373.2778897488024,9.909507371275712
nsga2,2,3720,185,nsga2,20,20,20,0.05,3720,20,593735.232142853,0.008378441445529461,683000.9285714247,0.009025834500789642,21,1,0,0,375.2160192229785,9.911623729982384
nsga2,2,3740,186,nsga2,20,20,20,0.05,3740,20,593735.232142853,0.008378441445529461,683000.9285714247,0.009025834500789642,21,1,0,3,377.1578896387946,9.913620005618478
nsga2,2,3760,187,nsga2,20,20,20,0.05,3760,20,593735.232142853,0.008378441445529461,683000.9285714247,0.009025834500789642,21,1,0,0,379.1530415248126,9.914202415158531
nsga2,2,3780,188,nsga2,20,20,20,0.05,3780,20,593639.7678571386,0.008378441445529461,683000.9285714247,0.009026064537465572,23,1,0,2,381.1178751299158,9.915567457212054
nsga2,2,3800,189,nsga2,20,20,20,0.05,3800,20,593639.7678571386,0.008378441445529461,683000.9285714247,0.009026064537465572,23,1,0,1,383.1276615529787,9.915754932966845
nsga2,2,3820,190,nsga2,20,20,20,0.05,3820,20,593639.7678571386,0.008378441445529461,683000.9285714247,0.009026064537465572,23,1,0,0,385.1937929878477,9.914489977569508
nsga2,2,3840,191,nsga2,20,20,20,0.05,3840,20,593397.7142857101,0.008378441445529461,683000.9285714247,0.009023620747029781,23,1,0,2,387.1977457778994,9.914830449973977
nsga2,2,3860,192,nsga2,20,20,20,0.05,3860,20,593397.7142857101,0.008378441445529461,683000.9285714247,0.009023620747029781,23,1,0,3,389.518109284807,9.907113194520013
nsga2,2,3880,193,nsga2,20,20,20,0.05,3880,20,593397.7142857101,0.008378441445529461,683000.9285714247,0.009023620747029781,23,1,0,0,391.50935732992366,9.9078091682268
nsga2,2,3900,194,nsga2,20,20,20,0.05,3900,20,593397.7142857101,0.008378441445529461,683000.9285714247,0.009023620747029781,23,1,0,2,393.5100224087946,9.908260979308823
nsga2,2,3920,195,nsga2,20,20,20,0.05,3920,20,593397.7142857101,0.008378441445529461,683000.9285714247,0.009023620747029781,23,1,0,2,395.5042690059636,9.908869023967242
nsga2,2,3940,196,nsga2,20,20,19,0.1,3940,20,593397.7142857101,0.008378441445529461,683000.9285714247,0.009023620747029781,24,1,0,1,397.4575037949253,9.910493480159307
nsga2,2,3960,197,nsga2,20,20,19,0.1,3960,20,593397.7142857101,0.008378441445529461,683000.9285714247,0.009023620747029781,24,1,0,0,399.49036609684117,9.9101263409198
nsga2,2,3980,198,nsga2,20,20,19,0.1,3980,20,593397.7142857101,0.008378441445529461,683000.9285714247,0.009023620747029781,24,1,0,0,401.2860196637921,9.915620791707894
nsga2,2,4000,199,nsga2,20,20,19,0.1,4000,20,593397.7142857101,0.008378441445529461,683000.9285714247,0.009023620747029781,24,1,0,2,403.3998318989761,9.913241612360101
nsga2,2,4020,200,nsga2,20,20,19,0.1,4020,20,593397.7142857101,0.008378441445529461,683000.9285714247,0.009023620747029781,25,1,0,2,405.24361564498395,9.91749121970343
nsga2,2,4040,201,nsga2,20,20,19,0.1,4040,19,593328.0357142815,0.008378441445529461,683000.9285714247,0.009023620747029781,25,1,0,2,407.2958960349206,9.91662336723792
nsga2,2,4060,202,nsga2,20,20,19,0.1,4060,20,593328.0357142815,0.008378441445529461,683000.9285714247,0.009016267023980618,25,1,0,1,409.41450070100836,9.914157884124995
nsga2,2,4080,203,nsga2,20,20,19,0.1,4080,20,593328.0357142815,0.008378441445529461,683000.9285714247,0.009016267023980618,25,1,0,0,411.51143756788224,9.912239679430867
nsga2,2,4100,204,nsga2,20,20,20,0.05,4100,20,593328.0357142815,0.008378441445529461,683000.9285714247,0.009016267023980618,26,1,0,2,413.48690730682574,9.913252215645993
nsga2,2,4120,205,nsga2,20,20,20,0.05,4120,19,593328.0357142815,0.008371109142899513,683000.9285714247,0.009016267023980618,24,1,0,3,415.5515773408115,9.912126976771967
nsga2,2,4140,206,nsga2,20,20,20,0.05,4140,20,593328.0357142815,0.008371109142899513,683000.8214285675,0.009016267023980618,24,1,0,2,417.5896006647963,9.911645293395177
nsga2,2,4160,207,nsga2,20,20,20,0.05,4160,20,593328.0357142815,0.008371109142899513,683000.8214285675,0.009016267023980618,24,1,0,0,419.62358744698577,9.911263628681116
nsga2,2,4180,208,nsga2,20,20,20,0.05,4180,20,593328.0357142815,0.008371109142899513,683000.8214285675,0.009016267023980618,24,1,0,0,421.5336880898103,9.913798393996066
nsga2,2,4200,209,nsga2,20,20,20,0.05,4200,20,593328.0357142815,0.008371109142899513,683000.8214285675,0.009016267023980618,24,1,0,1,423.4761997559108,9.915551340123198
nsga2,2,4220,210,nsga2,20,20,20,0.05,4220,20,593328.0357142815,0.008371109142899513,683000.8214285675,0.009016267023980618,24,1,0,2,425.4180425920058,9.917303869610915
nsga2,2,4240,211,nsga2,20,20,20,0.05,4240,20,593328.0357142815,0.008371109142899513,683000.8214285675,0.009016267023980618,24,1,0,2,427.45263303397223,9.916888264115807
nsga2,2,4260,212,nsga2,20,20,20,0.05,4260,20,593328.0357142815,0.008371109142899513,683000.8214285675,0.009016267023980618,24,1,0,2,429.4495662508998,9.917346144230915
nsga2,2,4280,213,nsga2,20,20,20,0.05,4280,20,593328.0357142815,0.008371109142899513,683000.8214285675,0.009016267023980618,25,1,0,1,431.41660454683006,9.918487037592724
nsga2,2,4300,214,nsga2,20,20,19,0.1,4300,20,593328.0357142815,0.008371109142899513,683000.8214285675,0.009016267023980618,25,1,0,2,433.3070376319811,9.921371283268314
nsga2,2,4320,215,nsga2,20,20,19,0.1,4320,20,593328.0357142815,0.008371109142899513,683000.8214285675,0.009016267023980618,25,1,0,1,435.3411702339072,9.920954633533551
nsga2,2,4340,216,nsga2,20,20,19,0.1,4340,20,593328.0357142815,0.008371109142899513,683000.8214285675,0.009016267023980618,25,1,0,2,437.38272143993527,9.920373593440784
nsga2,2,4360,217,nsga2,20,20,19,0.1,4360,20,593328.0357142815,0.008371109142899513,683000.8214285675,0.009016267023980618,25,1,0,1,439.32007361296564,9.922150754805283
nsga2,2,4380,218,nsga2,20,20,19,0.1,4380,20,593328.0357142815,0.008371109142899513,683000.8214285675,0.009016267023980618,25,1,0,2,441.18173972680233,9.925614787936723
nsga2,2,4400,219,nsga2,20,20,18,0.1,4400,20,593328.0357142815,0.008371109142899513,683000.8214285675,0.009016267023980618,25,1,0,2,443.1857397768181,9.925860886713712
nsga2,2,4420,220,nsga2,20,20,18,0.1,4420,20,593328.0357142815,0.008371109142899513,683000.8214285675,0.009016267023980618,25,1,0,0,445.049394630827,9.92923494181046
nsga2,2,4440,221,nsga2,20,20,18,0.1,4440,20,593328.0357142815,0.008371109142899513,683000.8214285675,0.009016267023980618,25,1,0,0,447.1018294808455,9.9283870190251
nsga2,2,4460,222,nsga2,20,20,19,0.1,4460,18,593328.0357142815,0.008371109142899513,683009.4999999962,0.009067350998520851,23,1,0,4,449.163317583967,9.927346747692571
nsga2,2,4480,223,nsga2,20,20,19,0.1,4480,20,593063.9999999959,0.008371109142899513,683000.8214285675,0.009196847677230835,25,1,0,4,451.2072964909021,9.926701174457431
nsga2,2,4500,224,nsga2,20,20,19,0.1,4500,20,593063.9999999959,0.008371109142899513,683000.8214285675,0.009196847677230835,26,1,0,1,453.24376341397874,9.926225936595522
nsga2,2,4520,225,nsga2,20,20,19,0.1,4520,20,593063.9999999959,0.008371109142899513,683000.8214285675,0.009196847677230835,28,1,0,1,455.2084363179747,9.927320408542172
nsga2,2,4540,226,nsga2,20,20,19,0.1,4540,20,593063.9999999959,0.008371109142899513,683000.8214285675,0.009196847677230835,28,1,0,0,457.111550767906,9.929742515530162
nsga2,2,4560,227,nsga2,20,20,19,0.1,4560,20,593063.9999999959,0.008371109142899513,683000.8214285675,0.009196847677230835,28,1,0,0,458.95453711389564,9.933445758416424
nsga2,2,4580,228,nsga2,20,20,19,0.1,4580,20,593063.9999999959,0.008371109142899513,683000.8214285675,0.009196847677230835,28,1,0,2,460.9015574119985,9.934876388162962
nsga2,2,4600,229,nsga2,20,20,19,0.1,4600,20,593063.9999999959,0.008371109142899513,683000.8214285675,0.009196847677230835,28,1,0,1,462.9240009188652,9.934676082621277
nsga2,2,4620,230,nsga2,20,20,19,0.1,4620,20,593063.9999999959,0.008371109142899513,683000.8214285675,0.009196847677230835,28,1,0,1,464.85845624189824,9.936357912775954
nsga2,2,4640,231,nsga2,20,20,18,0.1,4640,20,593063.9999999959,0.008371109142899513,683000.8214285675,0.009196847677230835,28,1,0,2,467.01498376298696,9.933300132302225
nsga2,2,4660,232,nsga2,20,20,18,0.1,4660,20,592994.3214285674,0.008371109142899513,683000.8214285675,0.009189438074827194,28,1,0,1,469.0306156477891,9.93325349042588
nsga2,2,4680,233,nsga2,20,20,18,0.1,4680,20,592994.3214285674,0.008371109142899513,683000.8214285675,0.009189438074827194,28,1,0,0,471.06042097881436,9.932908373574513
nsga2,2,4700,234,nsga2,20,20,18,0.1,4700,20,592994.3214285674,0.008371109142899513,683000.8214285675,0.009189438074827194,29,1,0,1,472.9516740338877,9.935475986206805
nsga2,2,4720,235,nsga2,20,20,19,0.1,4720,20,592994.3214285674,0.008371109142899513,683000.8214285675,0.009189438074827194,30,1,0,2,474.97828240389936,9.935191091510122
nsga2,2,4740,236,nsga2,20,20,19,0.1,4740,20,592909.7142857102,0.008371109142899513,683000.8214285675,0.009151842445135117,30,1,0,4,476.9625031158794,9.935791532963854
nsga2,2,4760,237,nsga2,20,20,18,0.1,4760,20,592909.7142857102,0.008371109142899513,683000.8214285675,0.009151842445135117,26,1,0,3,478.7854142538272,9.939734708536934
nsga2,2,4780,238,nsga2,20,20,19,0.1,4780,20,592804.3749999958,0.008371109142899513,683000.8214285675,0.009123711846768856,28,1,0,4,480.6901034049224,9.941956296059374
nsga2,2,4800,239,nsga2,20,20,19,0.1,4800,20,592804.3749999958,0.008371109142899513,683000.8214285675,0.009123711846768856,28,1,0,0,482.6619654719252,9.942776401094196
nsga2,2,4820,240,nsga2,20,20,19,0.1,4820,20,592804.3749999958,0.008371109142899513,683000.8214285675,0.009123711846768856,28,1,0,3,484.89089144184254,9.938318258919052
nsga2,2,4840,241,nsga2,20,20,19,0.1,4840,20,592804.3749999958,0.008371109142899513,683000.8214285675,0.009123711846768856,27,1,0,1,487.0954964719713,9.934396920211412
nsga2,2,4860,242,nsga2,20,20,18,0.1,4860,20,592804.3749999958,0.008371109142899513,683000.8214285675,0.009123711846768856,26,1,0,1,489.29138591885567,9.930687806561588
nsga2,2,4880,243,nsga2,20,20,18,0.1,4880,20,592804.3749999958,0.008371109142899513,683000.8214285675,0.009123711846768856,28,1,0,4,491.5858068659436,9.925022105714522
nsga2,2,4900,244,nsga2,20,20,18,0.1,4900,20,592804.3749999958,0.008371109142899513,683000.8214285675,0.009123711846768856,28,1,0,1,493.5395850657951,9.926255458003233
nsga2,2,4920,245,nsga2,20,20,19,0.1,4920,20,592804.3749999958,0.008371109142899513,683000.8214285675,0.009123711846768856,29,1,0,1,495.4396853449289,9.928554666700458
nsga2,2,4940,246,nsga2,20,20,19,0.1,4940,20,592804.3749999958,0.008371109142899513,683000.8214285675,0.009123711846768856,29,1,0,2,497.4840068509802,9.927957345329217
nsga2,2,4960,247,nsga2,20,20,19,0.1,4960,20,592804.3749999958,0.008371109142899513,683000.8214285675,0.009123711846768856,27,1,0,2,499.5749400157947,9.926438663723234
nsga2,2,4980,248,nsga2,20,20,18,0.1,4980,20,592804.3749999958,0.008371109142899513,683000.8214285675,0.009123711846768856,27,1,0,2,501.5717647129204,9.926794828352788
nsga2,2,5000,249,nsga2,20,20,18,0.1,5000,20,592804.3749999958,0.008371109142899513,683000.8214285675,0.009123711846768856,28,1,0,2,503.4869461078197,9.928757912483166
nsga2,2,5020,250,nsga2,20,20,18,0.1,5020,19,592804.3749999958,0.008370119147002697,683000.8214285675,0.009123711846768856,26,1,0,2,505.3294822839089,9.932133738399571
nsga2,2,5040,251,nsga2,20,20,17,0.15,5040,20,592804.3749999958,0.008370119147002697,681058.999999996,0.009123711846768856,26,1,0,1,507.36099725589156,9.93178432566534
nsga2,2,5060,252,nsga2,20,20,19,0.1,5060,20,592804.3749999958,0.008370119147002697,681058.999999996,0.009123711846768856,27,1,0,4,509.44305078685284,9.930452466053262
nsga2,2,5080,253,nsga2,20,20,19,0.1,5080,20,592804.3749999958,0.008370119147002697,681058.999999996,0.009123711846768856,27,1,0,0,511.3014536588453,9.93347459440014
nsga2,2,5100,254,nsga2,20,20,19,0.1,5100,20,592804.3749999958,0.008370119147002697,681058.999999996,0.009123711846768856,28,1,0,1,513.3034823290072,9.933694540439028
nsga2,2,5120,255,nsga2,20,20,20,0.05,5120,20,592804.3749999958,0.008370119147002697,681058.999999996,0.009123711846768856,28,1,0,3,515.4241624157876,9.931625975793027
nsga2,2,5140,256,nsga2,20,20,20,0.05,5140,20,592786.5535714243,0.008370119147002697,681058.999999996,0.009115711785852909,29,1,0,2,517.5417814308312,9.929633093182103
nsga2,2,5160,257,nsga2,20,20,20,0.05,5160,20,592786.5535714243,0.008370119147002697,681058.999999996,0.009115711785852909,31,1,0,3,519.5598619268276,9.929558416748078
nsga2,2,5180,258,nsga2,20,20,20,0.05,5180,20,592786.5535714243,0.008370119147002697,681058.999999996,0.009115711785852909,31,1,0,1,521.55993140582,9.92982721283909
nsga2,2,5200,259,nsga2,20,20,20,0.05,5200,20,592453.3749999959,0.008370119147002697,681058.999999996,0.009108859114348888,32,1,0,2,523.5294070919044,9.930674245940356
nsga2,2,5220,260,nsga2,20,20,20,0.05,5220,20,592453.3749999959,0.008370119147002697,681058.999999996,0.009108859114348888,32,1,0,0,525.5583825327922,9.930390558796503
nsga2,2,5240,261,nsga2,20,20,20,0.05,5240,20,592453.3749999959,0.008370119147002697,681058.999999996,0.009108859114348888,32,1,0,1,527.6083108109888,9.929714700564729
nsga2,2,5260,262,nsga2,20,20,20,0.05,5260,20,592453.3749999959,0.008370119147002697,681058.999999996,0.009108859114348888,32,1,0,0,529.662620811956,9.928961934180139
nsga2,2,5280,263,nsga2,20,20,20,0.05,5280,20,592453.3749999959,0.008370119147002697,681058.999999996,0.009108859114348888,32,1,0,0,532.2419780418277,9.918420977281757
nsga2,2,5300,264,nsga2,20,20,20,0.05,5300,20,592122.8749999959,0.008370119147002697,681058.999999996,0.009106636047363281,33,1,0,2,534.2270988649689,9.919002632510363
nsga2,2,5320,265,nsga2,20,20,20,0.05,5320,20,592122.8749999959,0.008370119147002697,681058.999999996,0.009106636047363281,33,1,0,0,536.2172595288139,9.91948674810267
nsga2,2,5340,266,nsga2,20,20,20,0.05,5340,20,592122.8749999959,0.008370119147002697,681058.999999996,0.009106636047363281,34,1,0,1,538.3055099728517,9.918159671576204
nsga2,2,5360,267,nsga2,20,20,20,0.05,5360,20,592122.8749999959,0.008370119147002697,681058.999999996,0.009106636047363281,34,1,0,0,540.3602609639056,9.91745764287053
nsga2,2,5380,268,nsga2,20,20,20,0.05,5380,20,592122.8749999959,0.008370119147002697,681058.999999996,0.009106636047363281,34,1,0,0,542.4563090808224,9.91600597127273
nsga2,2,5400,269,nsga2,20,20,20,0.05,5400,20,592122.8749999959,0.008370119147002697,681058.999999996,0.009106636047363281,34,1,0,0,544.4465056958143,9.916493068680756
nsga2,2,5420,270,nsga2,20,20,20,0.05,5420,20,592122.8749999959,0.008370119147002697,681058.999999996,0.009106636047363281,34,1,0,0,546.3512299559079,9.918528050970671
nsga2,2,5440,271,nsga2,20,20,20,0.05,5440,20,592122.8749999959,0.008370119147002697,681058.999999996,0.009106636047363281,34,1,0,1,548.3242240238469,9.919313722976161
nsga2,2,5460,272,nsga2,20,20,20,0.05,5460,20,592122.8749999959,0.008370119147002697,681058.999999996,0.009106636047363281,34,1,0,0,550.288026078837,9.920259466481498
nsga2,2,5480,273,nsga2,20,20,20,0.05,5480,20,592122.8749999959,0.008370119147002697,681058.999999996,0.009106636047363281,34,1,0,0,552.3130174768157,9.920099339737163
nsga2,2,5500,274,nsga2,20,20,20,0.05,5500,20,592122.8749999959,0.008370119147002697,681058.999999996,0.009106636047363281,35,1,0,1,554.2954406489152,9.920702204518054
nsga2,2,5520,275,nsga2,20,20,20,0.05,5520,20,592122.8749999959,0.008370119147002697,681058.999999996,0.009106636047363281,36,1,0,3,556.3401452349499,9.920190098216358
nsga2,2,5540,276,nsga2,20,20,19,0.1,5540,20,592122.8749999959,0.008370119147002697,681058.999999996,0.009106636047363281,36,1,0,3,558.3234770479612,9.920772146796521
nsga2,2,5560,277,nsga2,20,20,18,0.1,5560,20,592122.8749999959,0.008370119147002697,681058.999999996,0.009106636047363281,33,1,0,2,560.4079373897985,9.919559715538737
nsga2,2,5580,278,nsga2,20,20,18,0.1,5580,20,592122.8749999959,0.008370119147002697,681058.999999996,0.009106636047363281,31,1,0,1,562.2844662189018,9.922024055752683
nsga2,2,5600,279,nsga2,20,20,18,0.1,5600,20,592122.8749999959,0.008370119147002697,681058.999999996,0.009106636047363281,32,1,0,3,564.2673086808063,9.922602131762398
nsga2,2,5620,280,nsga2,20,20,19,0.1,5620,20,592122.8749999959,0.008370119147002697,681058.999999996,0.009106636047363281,34,1,0,1,566.3044542649295,9.922224622607876
nsga2,2,5640,281,nsga2,20,20,19,0.1,5640,20,592122.8749999959,0.008368182927370071,680934.0535714247,0.009106636047363281,35,1,0,5,568.3202355699614,9.922222801629994
nsga2,2,5660,282,nsga2,20,20,19,0.1,5660,20,592122.8749999959,0.008368182927370071,680934.0535714247,0.009106636047363281,35,1,0,1,570.3102011638694,9.922670133641846
nsga2,2,5680,283,nsga2,20,20,19,0.1,5680,20,592122.8749999959,0.008368182927370071,680934.0535714247,0.009106636047363281,33,1,0,2,572.3225840078667,9.922725677241388
nsga2,2,5700,284,nsga2,20,20,19,0.1,5700,20,592122.8749999959,0.008368182927370071,680934.0535714247,0.009106636047363281,33,1,0,1,574.7989888968877,9.91477039814754
nsga2,2,5720,285,nsga2,20,20,20,0.05,5720,18,592122.8749999959,0.008368182927370071,680934.0535714247,0.009108859114348888,30,1,0,4,576.9186785428319,9.913008908716424
nsga2,2,5740,286,nsga2,20,20,20,0.05,5740,19,592122.8749999959,0.008368182927370071,684001.1607142827,0.009106636047363281,30,1,0,2,578.9308226669673,9.913101488640875
nsga2,2,5760,287,nsga2,20,20,19,0.1,5760,20,592122.8749999959,0.008368182927370071,680934.0535714247,0.009106636047363281,30,1,0,1,580.9382475889288,9.913273956227894
nsga2,2,5780,288,nsga2,20,20,19,0.1,5780,20,592122.8749999959,0.008368182927370071,680934.0535714247,0.009106636047363281,28,1,0,3,582.9570270448457,9.913252147066807
nsga2,2,5800,289,nsga2,20,20,19,0.1,5800,20,592122.8749999959,0.008368182927370071,680934.0535714247,0.009106636047363281,28,1,0,1,584.9463503789157,9.913729688617654
nsga2,2,5820,290,nsga2,20,20,19,0.1,5820,20,592122.8749999959,0.008368182927370071,680934.0535714247,0.009106636047363281,28,1,0,1,586.8967213679571,9.914861998950846
nsga2,2,5840,291,nsga2,20,20,19,0.1,5840,20,592122.8749999959,0.008368182927370071,680934.0535714247,0.009106636047363281,28,1,0,1,588.8499569378328,9.915938570097317
nsga2,2,5860,292,nsga2,20,20,20,0.05,5860,20,592122.8749999959,0.008368182927370071,680934.0535714247,0.009106636047363281,28,1,0,1,590.7235525359865,9.91834501070291
nsga2,2,5880,293,nsga2,20,20,20,0.05,5880,20,592122.8749999959,0.008368182927370071,680934.0535714247,0.009106636047363281,28,1,0,1,592.721011843998,9.918663051458232
nsga2,2,5900,294,nsga2,20,20,20,0.05,5900,20,592122.8749999959,0.008368182927370071,680934.0535714247,0.009106636047363281,28,1,0,0,594.7624916487839,9.918244816761995
nsga2,2,5920,295,nsga2,20,20,20,0.05,5920,20,592122.8749999959,0.008368182927370071,680934.0535714247,0.009106636047363281,28,1,0,0,596.6689738908317,9.920073372346922
nsga2,2,5940,296,nsga2,20,20,20,0.05,5940,20,592122.8749999959,0.008368182927370071,680934.0535714247,0.009106636047363281,28,1,0,0,598.6626192168333,9.920445689041623
nsga2,2,5960,297,nsga2,20,20,20,0.05,5960,20,592122.8749999959,0.008368182927370071,680934.0535714247,0.009106636047363281,28,1,0,2,600.6278224019334,9.921285324695306
nsga2,2,5980,298,nsga2,20,20,20,0.05,5980,20,592122.8749999959,0.008368182927370071,680934.0535714247,0.009106636047363281,28,1,0,0,602.4537338810042,9.924413550370598
nsga2,2,6000,299,nsga2,20,20,19,0.1,6000,20,592122.8749999959,0.008368182927370071,680934.0535714247,0.009106636047363281,29,1,0,3,604.4724073668476,9.924357054000769
nsga2,2,6020,300,nsga2,20,20,19,0.1,6020,20,592122.8749999959,0.008368182927370071,680934.0535714247,0.009106636047363281,29,1,0,1,606.2745701868553,9.927845065553269
nsga2,2,6040,301,nsga2,20,20,19,0.1,6040,20,592122.8749999959,0.008368182927370071,680934.0535714247,0.009106636047363281,29,1,0,0,608.3910374019761,9.926181729744833
nsga2,2,6060,302,nsga2,20,20,19,0.1,6060,20,592122.8749999959,0.008368182927370071,680934.0535714247,0.009106636047363281,29,1,0,0,610.2148342498112,9.929289915491552
nsga2,2,6080,303,nsga2,20,20,19,0.1,6080,20,592122.8749999959,0.008368182927370071,680934.0535714247,0.009106636047363281,29,1,0,0,612.1920213599224,9.929890929476864
nsga2,2,6100,304,nsga2,20,20,20,0.05,6100,20,592122.8749999959,0.008368182927370071,680934.0535714247,0.009106636047363281,29,1,0,1,614.0045835939236,9.933150603373376
nsga2,2,6120,305,nsga2,20,20,20,0.05,6120,20,592122.8749999959,0.008368182927370071,680934.0535714247,0.009106636047363281,29,1,0,2,616.1365269948728,9.931240450626488
nsga2,2,6140,306,nsga2,20,20,20,0.05,6140,20,592122.8749999959,0.008356645703315735,680986.8035714247,0.009106636047363281,30,1,0,1,618.2430561860092,9.929751638250467
nsga2,2,6160,307,nsga2,20,20,20,0.05,6160,20,592122.8749999959,0.008356645703315735,680986.8035714247,0.009106636047363281,30,1,0,1,620.3074273108505,9.928947694049747
nsga2,2,6180,308,nsga2,20,20,20,0.05,6180,20,592122.8749999959,0.008356645703315735,680986.8035714247,0.009106636047363281,32,1,0,2,622.309476809809,9.929143344684165
nsga2,2,6200,309,nsga2,20,20,20,0.05,6200,20,592122.8749999959,0.008356645703315735,680986.8035714247,0.009106636047363281,32,1,0,0,624.3391505409963,9.928898411429913
nsga2,2,6220,310,nsga2,20,20,20,0.05,6220,20,592122.8749999959,0.008356645703315735,680986.8035714247,0.009106636047363281,32,1,0,1,626.4064465058036,9.92805874634686
nsga2,2,6240,311,nsga2,20,20,20,0.05,6240,20,592122.8749999959,0.008356645703315735,680986.8035714247,0.009106636047363281,33,1,0,2,628.423564251978,9.92801727195952
nsga2,2,6260,312,nsga2,20,20,20,0.05,6260,20,592122.8749999959,0.008356645703315735,680986.8035714247,0.009106636047363281,32,1,0,2,630.5359588349238,9.926475900859169
nsga2,2,6280,313,nsga2,20,20,20,0.05,6280,18,592122.8749999959,0.008356645703315735,683779.6428571397,0.009251929819583893,28,1,0,3,632.5575709429104,9.926369216702795
nsga2,2,6300,314,nsga2,20,20,20,0.05,6300,18,592122.8749999959,0.008356645703315735,683779.6428571397,0.009120278991758823,28,1,0,1,634.6395601639524,9.925318866622055
nsga2,2,6320,315,nsga2,20,20,20,0.05,6320,20,592122.8749999959,0.008356645703315735,680986.8035714247,0.009106636047363281,30,1,0,3,636.597256865818,9.926213052048885
nsga2,2,6340,316,nsga2,20,20,19,0.1,6340,20,592122.8749999959,0.008356645703315735,680986.8035714247,0.009106636047363281,29,1,0,2,638.5862120008096,9.926615828642356
nsga2,2,6360,317,nsga2,20,20,19,0.1,6360,20,592122.8749999959,0.008356645703315735,680986.8035714247,0.009106636047363281,29,1,0,2,640.847915463848,9.922791112455025
nsga2,2,6380,318,nsga2,20,20,19,0.1,6380,20,592122.8749999959,0.008356645703315735,680986.8035714247,0.009106636047363281,29,1,0,0,642.8486105429474,9.923020592068047
nsga2,2,6400,319,nsga2,20,20,19,0.1,6400,20,592122.8749999959,0.008336487226188183,681321.6785714246,0.009106636047363281,30,1,0,3,644.955613543978,9.92161300037071
nsga2,2,6420,320,nsga2,20,20,18,0.1,6420,20,592122.8749999959,0.008336487226188183,681321.6785714246,0.009106636047363281,30,1,0,3,646.9707265689503,9.921623554811488
nsga2,2,6440,321,nsga2,20,20,18,0.1,6440,18,592122.8749999959,0.008336487226188183,681321.6785714246,0.009106636047363281,27,1,0,4,648.8670467957854,9.923450469239985
nsga2,2,6460,322,nsga2,20,20,17,0.1,6460,20,592122.8749999959,0.008336487226188183,681321.6785714246,0.009106636047363281,27,1,0,3,650.8945955159143,9.923265678493529
nsga2,2,6480,323,nsga2,20,20,17,0.1,6480,20,592122.8749999959,0.008336487226188183,681321.6785714246,0.009106636047363281,27,1,0,0,652.8207322550006,9.92462352967861
nsga2,2,6500,324,nsga2,20,20,17,0.15,6500,20,592122.8749999959,0.008336487226188183,681321.6785714246,0.009106636047363281,27,1,0,1,654.8836586088873,9.923900092125162
nsga2,2,6520,325,nsga2,20,20,17,0.1,6520,20,592122.8749999959,0.008336487226188183,681321.6785714246,0.009106636047363281,26,1,0,3,656.9415045508649,9.923257938249591
nsga2,2,6540,326,nsga2,20,20,17,0.1,6540,20,592122.8749999959,0.008336487226188183,681321.6785714246,0.009106636047363281,26,1,0,2,658.8712183309253,9.924549468961194
nsga2,2,6560,327,nsga2,20,20,18,0.1,6560,20,592122.8749999959,0.008336487226188183,681321.6785714246,0.009106636047363281,27,1,0,1,660.9778831319418,9.9231762020859
nsga2,2,6580,328,nsga2,20,20,18,0.1,6580,20,592122.8749999959,0.008336487226188183,681321.6785714246,0.009106636047363281,27,1,0,1,662.8739956798963,9.924963179845445
nsga2,2,6600,329,nsga2,20,20,18,0.1,6600,20,592122.8749999959,0.008336487226188183,681321.6785714246,0.009106636047363281,27,1,0,0,664.902979579987,9.924756246645979
nsga2,2,6620,330,nsga2,20,20,18,0.1,6620,20,592122.8749999959,0.008336487226188183,681321.6785714246,0.009106636047363281,27,1,0,0,667.0127226528712,9.923348948539743
nsga2,2,6640,331,nsga2,20,20,18,0.1,6640,20,592122.8749999959,0.008336487226188183,681321.6785714246,0.009106636047363281,28,1,0,2,668.9300615778193,9.924804372433872
nsga2,2,6660,332,nsga2,20,20,18,0.1,6660,19,592122.8749999959,0.008336487226188183,684736.6785714254,0.009106636047363281,26,1,0,2,670.9792089769617,9.92430154453361
nsga2,2,6680,333,nsga2,20,20,18,0.1,6680,19,592122.8749999959,0.008336487226188183,681321.6785714246,0.009108859114348888,24,1,0,2,673.3614693179261,9.918892458704859
nsga2,2,6700,334,nsga2,20,20,18,0.1,6700,19,592122.8749999959,0.008336487226188183,681321.6785714246,0.009106636047363281,24,1,0,1,675.3833868759684,9.918810752788394
nsga2,2,6720,335,nsga2,20,20,18,0.1,6720,20,592122.8749999959,0.008336487226188183,681321.6785714246,0.009106636047363281,24,1,0,2,677.3749981909059,9.919173305694361
nsga2,2,6740,336,nsga2,20,20,18,0.1,6740,20,592122.8749999959,0.008336487226188183,681321.6785714246,0.009106636047363281,24,1,0,1,679.439763904782,9.918465709558347
nsga2,2,6760,337,nsga2,20,20,18,0.1,6760,20,592122.8749999959,0.008336487226188183,681321.6785714246,0.009106636047363281,22,1,0,3,681.5375764030032,9.917281502910566
nsga2,2,6780,338,nsga2,20,20,18,0.1,6780,20,592122.8749999959,0.008336487226188183,681321.6785714246,0.009106636047363281,22,1,0,1,683.5963337949943,9.916671089159138
nsga2,2,6800,339,nsga2,20,20,18,0.1,6800,20,592122.8749999959,0.008336487226188183,681321.6785714246,0.009106636047363281,22,1,0,1,685.628128716955,9.916454292392084
nsga2,2,6820,340,nsga2,20,20,19,0.1,6820,20,592122.8749999959,0.008336487226188183,681321.6785714246,0.009106636047363281,22,1,0,1,687.7095788479783,9.915522787137702
nsga2,2,6840,341,nsga2,20,20,19,0.1,6840,20,592122.8749999959,0.008300249464809895,681768.0892857104,0.009106636047363281,23,1,0,2,689.9656510988716,9.912087636693057
nsga2,2,6860,342,nsga2,20,20,19,0.1,6860,20,592122.8749999959,0.008300249464809895,681768.0892857104,0.009106636047363281,26,1,0,1,692.0099127248395,9.911707728278323
nsga2,2,6880,343,nsga2,20,20,19,0.1,6880,20,592122.8749999959,0.008300249464809895,681768.0892857104,0.009106636047363281,26,1,0,0,694.1858156439848,9.909450531798123
nsga2,2,6900,344,nsga2,20,20,19,0.1,6900,20,592122.8749999959,0.008300249464809895,681768.0892857104,0.009106636047363281,26,1,0,1,696.487238662783,9.905421976209784
nsga2,2,6920,345,nsga2,20,20,19,0.1,6920,20,592122.8749999959,0.008300249464809895,681768.0892857104,0.009106636047363281,26,1,0,2,698.6131859419402,9.90390696773224
nsga2,2,6940,346,nsga2,20,20,19,0.1,6940,20,592122.8749999959,0.008300249464809895,681768.0892857104,0.009106636047363281,26,1,0,1,700.7378260509577,9.902419624048376
nsga2,2,6960,347,nsga2,20,20,19,0.1,6960,20,592122.8749999959,0.008300249464809895,681768.0892857104,0.009106636047363281,27,1,0,1,702.8400904799346,9.90125647961835
nsga2,2,6980,348,nsga2,20,20,20,0.05,6980,20,592051.3392857101,0.008300249464809895,681768.0892857104,0.009192620404064655,27,1,0,4,704.9075537759345,9.900589038400886
nsga2,2,7000,349,nsga2,20,20,20,0.05,7000,20,592051.3392857101,0.008300249464809895,681768.0892857104,0.009192620404064655,27,1,0,0,706.9683633688837,9.900018675019613
nsga2,2,7020,350,nsga2,20,20,20,0.05,7020,20,592051.3392857101,0.008300249464809895,681768.0892857104,0.009192620404064655,26,1,0,1,709.1234674789011,9.898135264024159
nsga2,2,7040,351,nsga2,20,20,20,0.05,7040,20,592051.3392857101,0.008300249464809895,681768.0892857104,0.009192620404064655,29,1,0,1,711.0717794878874,9.899141272445766
nsga2,2,7060,352,nsga2,20,20,20,0.05,7060,20,592051.3392857101,0.008300249464809895,681768.0892857104,0.009192620404064655,30,1,0,1,713.2255878078286,9.897289329869047
nsga2,2,7080,353,nsga2,20,20,19,0.1,7080,20,592051.3392857101,0.008300249464809895,681768.0892857104,0.009192620404064655,30,1,0,1,715.4495646958239,9.89447803076051
nsga2,2,7100,354,nsga2,20,20,19,0.1,7100,20,592051.3392857101,0.008300249464809895,681768.0892857104,0.009192620404064655,30,1,0,2,717.2786892158911,9.897129395772831
nsga2,2,7120,355,nsga2,20,20,20,0.05,7120,20,592051.3392857101,0.008300249464809895,681768.0892857104,0.009192620404064655,30,1,0,1,719.3125866279006,9.896949020972226
nsga2,2,7140,356,nsga2,20,20,20,0.05,7140,20,592051.3392857101,0.008300249464809895,681768.0892857104,0.009192620404064655,32,1,0,3,721.2361681568436,9.898283412830065
nsga2,2,7160,357,nsga2,20,20,19,0.1,7160,20,592051.3392857101,0.008278464898467064,681815.8214285678,0.009192620404064655,33,1,0,4,723.4051329528447,9.89625269975332
nsga2,2,7180,358,nsga2,20,20,19,0.1,7180,20,592051.3392857101,0.008278464898467064,681815.8214285678,0.009192620404064655,33,1,0,2,725.5618139838334,9.89440163696371
nsga2,2,7200,359,nsga2,20,20,18,0.1,7200,20,592051.3392857101,0.008278464898467064,681815.8214285678,0.009192620404064655,33,1,0,1,727.5537297499832,9.894801862226542
nsga2,2,7220,360,nsga2,20,20,18,0.1,7220,20,592051.3392857101,0.008278464898467064,681815.8214285678,0.009192620404064655,33,1,0,2,729.4105974608101,9.897031966810523
nsga2,2,7240,361,nsga2,20,20,19,0.1,7240,20,592051.3392857101,0.00827651284635067,681934.1428571391,0.009192620404064655,34,1,0,3,731.4182609729469,9.897209826796695
nsga2,2,7260,362,nsga2,20,20,19,0.1,7260,20,592051.3392857101,0.00827651284635067,681934.1428571391,0.009192620404064655,34,1,0,0,733.1938265718054,9.900519803802643
nsga2,2,7280,363,nsga2,20,20,19,0.1,7280,20,592051.3392857101,0.00827651284635067,681934.1428571391,0.009192620404064655,34,1,0,1,735.1925408598036,9.900807741448588
nsga2,2,7300,364,nsga2,20,20,18,0.1,7300,20,592051.3392857101,0.00827651284635067,681934.1428571391,0.009192620404064655,35,1,0,3,737.3618935158011,9.898802832348412
nsga2,2,7320,365,nsga2,20,20,18,0.1,7320,20,592051.3392857101,0.00827651284635067,681934.1428571391,0.009192620404064655,34,1,0,2,739.255041312892,9.900507390523442
nsga2,2,7340,366,nsga2,20,20,18,0.1,7340,20,592051.3392857101,0.00827651284635067,681934.1428571391,0.009192620404064655,36,1,0,2,741.2381470438559,9.901001492258308
nsga2,2,7360,367,nsga2,20,20,20,0.05,7360,20,592051.3392857101,0.008276360109448433,681981.8214285676,0.009192620404064655,36,1,0,3,743.153247758979,9.90239903033659
nsga2,2,7380,368,nsga2,20,20,20,0.05,7380,20,592051.3392857101,0.008276360109448433,681981.8214285676,0.009192620404064655,36,1,0,2,745.1816432587802,9.902283646884582
nsga2,2,7400,369,nsga2,20,20,20,0.05,7400,20,592051.3392857101,0.008276360109448433,681981.8214285676,0.009192620404064655,37,1,0,0,747.0827647990081,9.903855835826429
nsga2,2,7420,370,nsga2,20,20,20,0.05,7420,19,592051.3392857101,0.008276360109448433,681981.8214285676,0.009192620404064655,31,1,0,2,749.2602049678098,9.901767037418916
nsga2,2,7440,371,nsga2,20,20,20,0.05,7440,19,592051.3392857101,0.008276360109448433,681981.8214285676,0.009192620404064655,31,1,0,1,751.2184272599407,9.902579236685733
nsga2,2,7460,372,nsga2,20,20,20,0.05,7460,19,592051.3392857101,0.008276360109448433,681981.8214285676,0.009192620404064655,31,1,0,1,753.2794489630032,9.902035705697772
nsga2,2,7480,373,nsga2,20,20,20,0.05,7480,20,592051.3392857101,0.008276360109448433,681981.8214285676,0.009192620404064655,32,1,0,3,755.349872619845,9.901371895463411
nsga2,2,7500,374,nsga2,20,20,20,0.05,7500,20,592051.3392857101,0.008276360109448433,681981.8214285676,0.009192620404064655,32,1,0,2,757.2911010249518,9.902400793896186
nsga2,2,7520,375,nsga2,20,20,20,0.05,7520,20,592051.3392857101,0.008276360109448433,681981.8214285676,0.009192620404064655,32,1,0,0,759.3036309687886,9.902494461150642
nsga2,2,7540,376,nsga2,20,20,20,0.05,7540,20,592051.3392857101,0.008276360109448433,681981.8214285676,0.009192620404064655,31,1,0,2,761.2789530479349,9.90307162678816
nsga2,2,7560,377,nsga2,20,20,20,0.05,7560,19,590420.5357142817,0.008276360109448433,681981.8214285676,0.009192620404064655,31,1,0,1,763.2612559788395,9.903555225407072
nsga2,2,7580,378,nsga2,20,20,19,0.1,7580,20,590420.5357142817,0.008276360109448433,681981.8214285676,0.009087313897907734,31,1,0,1,765.3852810279932,9.90220244348128
nsga2,2,7600,379,nsga2,20,20,19,0.1,7600,19,590033.642857139,0.008276360109448433,681981.8214285676,0.009052307344973087,29,1,0,2,767.5602371059358,9.900200183182776
nsga2,2,7620,380,nsga2,20,20,19,0.1,7620,18,590033.642857139,0.008276360109448433,681981.8214285676,0.00911390595138073,25,1,0,3,769.5833712238818,9.900161938119027
nsga2,2,7640,381,nsga2,20,20,17,0.1,7640,20,590033.642857139,0.008276360109448433,681981.8214285676,0.009052307344973087,25,1,0,2,771.6194319769274,9.899958040751386
nsga2,2,7660,382,nsga2,20,20,18,0.1,7660,20,589974.9821428532,0.008276360109448433,681981.8214285676,0.00909639336168766,26,1,0,3,773.5888713540044,9.900607782263638
nsga2,2,7680,383,nsga2,20,20,18,0.1,7680,20,589974.9821428532,0.008276360109448433,681981.8214285676,0.00909639336168766,26,1,0,2,775.6199402948841,9.900467485506509
nsga2,2,7700,384,nsga2,20,20,19,0.1,7700,20,589974.9821428532,0.008276360109448433,681981.8214285676,0.00909639336168766,27,1,0,2,777.6177717428654,9.900751088474127
nsga2,2,7720,385,nsga2,20,20,19,0.1,7720,20,589974.9821428532,0.008276360109448433,681981.8214285676,0.00909639336168766,31,1,0,5,779.8327727268916,9.898275976538502
nsga2,2,7740,386,nsga2,20,20,20,0.05,7740,20,589974.9821428532,0.008276360109448433,681981.8214285676,0.00909639336168766,31,1,0,1,781.7452692009974,9.899644174258759
nsga2,2,7760,387,nsga2,20,20,20,0.05,7760,20,589974.9821428532,0.008276360109448433,681981.8214285676,0.00909639336168766,31,1,0,0,783.7682206588797,9.899610363733997
nsga2,2,7780,388,nsga2,20,20,20,0.05,7780,20,589974.9821428532,0.008276360109448433,681981.8214285676,0.00909639336168766,30,1,0,1,785.8147005559877,9.899280319515686
nsga2,2,7800,389,nsga2,20,20,19,0.1,7800,20,589974.9821428532,0.008276360109448433,681981.8214285676,0.00909639336168766,30,1,0,2,787.8659769848455,9.898891725019892
nsga2,2,7820,390,nsga2,20,20,18,0.1,7820,20,589974.9821428532,0.008276360109448433,681981.8214285676,0.00909639336168766,31,1,0,1,789.8623511628248,9.899193180291443
nsga2,2,7840,391,nsga2,20,20,18,0.1,7840,20,589974.9821428532,0.008276360109448433,681981.8214285676,0.00909639336168766,31,1,0,0,791.7825900889002,9.900445018776995
nsga2,2,7860,392,nsga2,20,20,18,0.1,7860,20,589974.9821428532,0.008276360109448433,681981.8214285676,0.00909639336168766,29,1,0,2,794.0256973649375,9.897664554284534
nsga2,2,7880,393,nsga2,20,20,19,0.1,7880,20,589974.9821428532,0.008276360109448433,681981.8214285676,0.00909639336168766,30,1,0,3,795.9377123988234,9.899015811493603
nsga2,2,7900,394,nsga2,20,20,18,0.1,7900,20,589974.9821428532,0.008276360109448433,681981.8214285676,0.00909639336168766,30,1,0,2,798.0068980848882,9.898410676595105
nsga2,2,7920,395,nsga2,20,20,18,0.1,7920,20,589974.9821428532,0.008276360109448433,681981.8214285676,0.00909639336168766,31,1,0,1,800.0922859378625,9.897608237426518
nsga2,2,7940,396,nsga2,20,20,18,0.1,7940,20,589974.9821428532,0.008276360109448433,681981.8214285676,0.00909639336168766,31,1,0,1,802.1841510429513,9.896730058401419
nsga2,2,7960,397,nsga2,20,20,18,0.1,7960,20,589974.9821428532,0.008276360109448433,681981.8214285676,0.00909639336168766,32,1,0,1,804.1979183279909,9.89681746074097
nsga2,2,7980,398,nsga2,20,20,18,0.1,7980,20,589974.9821428532,0.008276360109448433,681981.8214285676,0.00909639336168766,32,1,0,0,806.1551520989742,9.897598470003194
nsga2,2,8000,399,nsga2,20,20,18,0.1,8000,20,589974.9821428532,0.008276360109448433,681981.8214285676,0.00909639336168766,33,1,0,2,807.9828181089833,9.899962995155015
nsga2,2,8020,400,nsga2,20,20,19,0.1,8020,20,589974.9821428532,0.008276360109448433,681981.8214285676,0.00909639336168766,33,1,0,1,810.0730427738745,9.89910733548313
nsga2,2,8040,401,nsga2,20,20,19,0.1,8040,20,589974.9821428532,0.008276360109448433,681981.8214285676,0.00909639336168766,33,1,0,1,812.0694121208508,9.899400075918203
nsga2,2,8060,402,nsga2,20,20,20,0.05,8060,20,589974.9821428532,0.008276360109448433,681981.8214285676,0.00909639336168766,33,1,0,1,814.236741076922,9.897612811405493
nsga2,2,8080,403,nsga2,20,20,20,0.05,8080,20,589974.9821428532,0.008276360109448433,681981.8214285676,0.00909639336168766,33,1,0,0,816.3461444089189,9.896537216880782
nsga2,2,8100,404,nsga2,20,20,20,0.05,8100,20,589974.9821428532,0.008276360109448433,681981.8214285676,0.00909639336168766,33,1,0,0,818.4054834118579,9.896072502148943
nsga2,2,8120,405,nsga2,20,20,20,0.05,8120,20,589629.9642857105,0.008276360109448433,681981.8214285676,0.009100214578211308,34,1,0,4,820.3904366339557,9.89650736704353
nsga2,2,8140,406,nsga2,20,20,20,0.05,8140,20,589629.9642857105,0.008276360109448433,681981.8214285676,0.009100214578211308,35,1,0,1,822.5458250648808,9.894889442005267
nsga2,2,8160,407,nsga2,20,20,20,0.05,8160,20,589629.9642857105,0.008276360109448433,681981.8214285676,0.009100214578211308,35,1,0,1,824.6597053988371,9.893777938445524
nsga2,2,8180,408,nsga2,20,20,20,0.05,8180,20,589629.9642857105,0.008276360109448433,681981.8214285676,0.009100214578211308,39,1,0,2,826.7060200858396,9.89348063432603
nsga2,2,8200,409,nsga2,20,20,20,0.05,8200,20,589629.9642857105,0.008276360109448433,681981.8214285676,0.009100214578211308,38,1,0,2,828.7988666519523,9.892629357857347
nsga2,2,8220,410,nsga2,20,20,20,0.05,8220,20,589629.9642857105,0.008276360109448433,681981.8214285676,0.009100214578211308,35,1,0,4,830.8463309598155,9.89232267596969
nsga2,2,8240,411,nsga2,20,20,20,0.05,8240,20,589486.8214285676,0.008276360109448433,681981.8214285676,0.009112544357776642,36,1,0,3,832.8722948189825,9.892272862540919
nsga2,2,8260,412,nsga2,20,20,20,0.05,8260,20,589486.8214285676,0.008276360109448433,681981.8214285676,0.009112544357776642,33,1,0,2,834.8960453269538,9.892249515645618
nsga2,2,8280,413,nsga2,20,20,19,0.1,8280,20,589486.8214285676,0.008276360109448433,681981.8214285676,0.009112544357776642,33,1,0,2,836.9981807058211,9.891299874772143
nsga2,2,8300,414,nsga2,20,20,19,0.1,8300,18,589457.6071428534,0.008276360109448433,685802.3571428542,0.009112544357776642,32,1,0,2,838.9581005689688,9.892031550052074
nsga2,2,8320,415,nsga2,20,20,19,0.1,8320,19,589457.6071428534,0.008276360109448433,698677.160714284,0.009091805666685104,32,1,0,2,840.8898351108655,9.893091404658492
nsga2,2,8340,416,nsga2,20,20,20,0.05,8340,20,589457.6071428534,0.008276360109448433,681981.8214285676,0.009091805666685104,33,1,0,3,843.1002537829336,9.890875922031185
nsga2,2,8360,417,nsga2,20,20,20,0.05,8360,20,589457.6071428534,0.008276360109448433,681981.8214285676,0.009091805666685104,34,1,0,2,845.0637524977792,9.891561406217061
nsga2,2,8380,418,nsga2,20,20,19,0.1,8380,20,589457.6071428534,0.008276360109448433,681981.8214285676,0.009091805666685104,34,1,0,1,847.0635098058265,9.891820274397997
nsga2,2,8400,419,nsga2,20,20,17,0.1,8400,20,589457.6071428534,0.008276360109448433,681981.8214285676,0.009091805666685104,34,1,0,2,849.2637712748256,9.889742485296768
nsga2,2,8420,420,nsga2,20,20,17,0.1,8420,20,589457.6071428534,0.008276360109448433,681981.8214285676,0.009091805666685104,36,1,0,3,851.0773710987996,9.892167605314768
nsga2,2,8440,421,nsga2,20,20,17,0.1,8440,20,589457.6071428534,0.008276360109448433,681981.8214285676,0.009091805666685104,37,1,0,1,853.0731222259346,9.89246968416964
nsga2,2,8460,422,nsga2,20,20,17,0.1,8460,20,589457.6071428534,0.008276360109448433,681981.8214285676,0.009091805666685104,37,1,0,1,855.2827947479673,9.890295995598366
nsga2,2,8480,423,nsga2,20,20,17,0.1,8480,20,589457.6071428534,0.008276360109448433,681981.8214285676,0.009091805666685104,36,1,0,0,857.2734870128334,9.890659315202955
nsga2,2,8500,424,nsga2,20,20,17,0.1,8500,20,589457.6071428534,0.008276360109448433,681981.8214285676,0.009091805666685104,36,1,0,0,859.2834736858495,9.890798857732017
nsga2,2,8520,425,nsga2,20,20,16,0.1,8520,20,589457.6071428534,0.008274681866168976,681838.624999996,0.009091805666685104,34,1,0,3,861.3275843318552,9.890545890978654
nsga2,2,8540,426,nsga2,20,20,17,0.1,8540,20,589457.6071428534,0.008274681866168976,681838.624999996,0.009091805666685104,34,1,0,1,863.3926997168455,9.890053509602772
nsga2,2,8560,427,nsga2,20,20,17,0.1,8560,20,589457.6071428534,0.008274681866168976,681838.624999996,0.009091805666685104,34,1,0,1,865.2954830569215,9.891418789986872
nsga2,2,8580,428,nsga2,20,20,17,0.1,8580,20,589457.6071428534,0.008274681866168976,681838.624999996,0.009091805666685104,34,1,0,1,867.4886276028119,9.889466820685492
nsga2,2,8600,429,nsga2,20,20,18,0.1,8600,20,589457.6071428534,0.008274681866168976,681838.624999996,0.009091805666685104,34,1,0,2,869.4397596018389,9.890276934123559
nsga2,2,8620,430,nsga2,20,20,18,0.1,8620,20,589457.6071428534,0.008274681866168976,681838.624999996,0.009091805666685104,34,1,0,1,871.4170505919028,9.890786500155828
nsga2,2,8640,431,nsga2,20,20,18,0.1,8640,20,589457.6071428534,0.008274681866168976,681838.624999996,0.009091805666685104,35,1,0,2,873.4954302918632,9.890149049907942
nsga2,2,8660,432,nsga2,20,20,18,0.1,8660,20,589457.6071428534,0.008274681866168976,681838.624999996,0.009091805666685104,35,1,0,1,875.5446920800023,9.889843520642108
nsga2,2,8680,433,nsga2,20,20,18,0.1,8680,20,589457.6071428534,0.008274681866168976,681838.624999996,0.009091805666685104,35,1,0,0,877.6790987218264,9.888580020464566
nsga2,2,8700,434,nsga2,20,20,18,0.1,8700,20,589457.6071428534,0.008274681866168976,681838.624999996,0.009091805666685104,35,1,0,0,879.6782577408012,9.888842793887918
nsga2,2,8720,435,nsga2,20,20,18,0.1,8720,20,589457.6071428534,0.008274681866168976,681838.624999996,0.009091805666685104,34,1,0,1,881.617225214839,9.889779544490287
nsga2,2,8740,436,nsga2,20,20,18,0.1,8740,20,589457.6071428534,0.008274681866168976,681838.624999996,0.009091805666685104,34,1,0,0,883.7231249758042,9.888843861859186
nsga2,2,8760,437,nsga2,20,20,18,0.1,8760,20,589457.6071428534,0.008274681866168976,681838.624999996,0.009091805666685104,34,1,0,0,885.6927046729252,9.889434511301056
nsga2,2,8780,438,nsga2,20,20,19,0.1,8780,20,589457.6071428534,0.008252562023699284,683922.3214285674,0.009091805666685104,35,1,0,1,887.5188280118164,9.891621138524306
nsga2,2,8800,439,nsga2,20,20,19,0.1,8800,20,589009.1785714248,0.008252562023699284,683922.3214285674,0.008914249017834663,34,1,0,4,889.4731732117943,9.892372547029984
nsga2,2,8820,440,nsga2,20,20,19,0.1,8820,19,589009.1785714248,0.008252562023699284,683922.3214285674,0.008914249017834663,33,1,0,1,891.5838419848587,9.891386075780597
nsga2,2,8840,441,nsga2,20,20,19,0.1,8840,19,589009.1785714248,0.008252562023699284,683922.3214285674,0.008914249017834663,33,1,0,1,893.9779131109826,9.887268880324882
nsga2,2,8860,442,nsga2,20,20,19,0.1,8860,19,589009.1785714248,0.008252562023699284,683922.3214285674,0.009068017825484276,33,1,0,1,895.9858414628543,9.887433026325645
nsga2,2,8880,443,nsga2,20,20,19,0.1,8880,20,589009.1785714248,0.008252562023699284,683922.3214285674,0.008914249017834663,33,1,0,2,898.0143768028356,9.887369544807896
nsga2,2,8900,444,nsga2,20,20,19,0.1,8900,20,589009.1785714248,0.008252562023699284,683922.3214285674,0.008914249017834663,33,1,0,0,900.1999745259527,9.88558126174824
nsga2,2,8920,445,nsga2,20,20,20,0.05,8920,20,589009.1785714248,0.008252562023699284,683922.3214285674,0.008914249017834663,33,1,0,3,902.1911112607922,9.885932025572602
nsga2,2,8940,446,nsga2,20,20,20,0.05,8940,20,589009.1785714248,0.008252562023699284,683922.3214285674,0.008914249017834663,33,1,0,0,904.3521395740099,9.884424007898811
nsga2,2,8960,447,nsga2,20,20,20,0.05,8960,20,589009.1785714248,0.008252562023699284,683922.3214285674,0.008914249017834663,33,1,0,1,906.4592548958026,9.883510981450387
nsga2,2,8980,448,nsga2,20,20,20,0.05,8980,20,589009.1785714248,0.00824945978820324,684587.6428571391,0.008914249017834663,34,1,0,1,908.3620440859813,9.884825173463643
nsga2,2,9000,449,nsga2,20,20,20,0.05,9000,20,589009.1785714248,0.00824945978820324,684587.6428571391,0.008914249017834663,34,1,0,2,910.4755695699714,9.883845652498216
nsga2,2,9020,450,nsga2,20,20,20,0.05,9020,20,589009.1785714248,0.00824945978820324,684587.6428571391,0.008914249017834663,35,1,0,1,912.7780605589505,9.880824693000518
nsga2,2,9040,451,nsga2,20,20,20,0.05,9040,20,589009.1785714248,0.00824945978820324,684587.6428571391,0.008914249017834663,35,1,0,0,914.9377452619374,9.87936069618838
nsga2,2,9060,452,nsga2,20,20,20,0.05,9060,20,589009.1785714248,0.00824945978820324,684587.6428571391,0.008914249017834663,36,1,0,1,917.1861941998359,9.876947622290782
nsga2,2,9080,453,nsga2,20,20,20,0.05,9080,20,589009.1785714248,0.00824945978820324,684587.6428571391,0.008914249017834663,36,1,0,0,919.6666962997988,9.872054774331385
nsga2,2,9100,454,nsga2,20,20,20,0.05,9100,20,588865.9821428533,0.00824945978820324,684587.6428571391,0.008913853205740452,37,1,0,2,921.6833872648422,9.872153632932344
nsga2,2,9120,455,nsga2,20,20,20,0.05,9120,20,588865.9821428533,0.00824945978820324,684587.6428571391,0.008913853205740452,39,1,0,3,923.845605178969,9.870696952910711
nsga2,2,9140,456,nsga2,20,20,20,0.05,9140,20,588865.9821428533,0.00824945978820324,684587.6428571391,0.008913853205740452,39,1,0,1,925.8615895439871,9.87080585609045
nsga2,2,9160,457,nsga2,20,20,20,0.05,9160,20,588865.9821428533,0.00824945978820324,684587.6428571391,0.008913853205740452,40,1,0,1,928.0279010289814,9.869315340459762
nsga2,2,9180,458,nsga2,20,20,20,0.05,9180,20,588865.9821428533,0.00824945978820324,684587.6428571391,0.008913853205740452,40,1,0,2,930.2081255698577,9.867684174847241
nsga2,2,9200,459,nsga2,20,20,20,0.05,9200,20,588865.9821428533,0.00824945978820324,684587.6428571391,0.008913853205740452,40,1,0,1,932.2432022728026,9.867596757555217
nsga2,2,9220,460,nsga2,20,20,18,0.1,9220,20,588865.9821428533,0.00824945978820324,684587.6428571391,0.008913853205740452,40,1,0,3,934.4931515208445,9.865240836700089
nsga2,2,9240,461,nsga2,20,20,19,0.1,9240,20,588865.9821428533,0.00824945978820324,684587.6428571391,0.008913853205740452,40,1,0,3,936.5351088668685,9.865086650278856
nsga2,2,9260,462,nsga2,20,20,18,0.1,9260,20,588865.9821428533,0.00824945978820324,684587.6428571391,0.008913853205740452,38,1,0,3,938.5656220468227,9.865053420354332
nsga2,2,9280,463,nsga2,20,20,19,0.1,9280,20,588865.9821428533,0.00824945978820324,684587.6428571391,0.008913853205740452,38,1,0,3,940.6904691557866,9.864031054048361
nsga2,2,9300,464,nsga2,20,20,19,0.1,9300,20,588865.9821428533,0.00824945978820324,684587.6428571391,0.008913853205740452,38,1,0,0,942.7584655219689,9.863608060895537
nsga2,2,9320,465,nsga2,20,20,20,0.05,9320,20,588865.9821428533,0.00824945978820324,684587.6428571391,0.008913853205740452,38,1,0,1,944.7669756738469,9.863807944126437
nsga2,2,9340,466,nsga2,20,20,20,0.05,9340,20,588865.9821428533,0.00824945978820324,684587.6428571391,0.008913853205740452,38,1,0,1,946.9360277799424,9.862334651998564
nsga2,2,9360,467,nsga2,20,20,20,0.05,9360,20,588865.9821428533,0.00824945978820324,684587.6428571391,0.008913853205740452,38,1,0,1,949.018277361989,9.8617700240879
nsga2,2,9380,468,nsga2,20,20,20,0.05,9380,19,588484.660714282,0.00824945978820324,684587.6428571391,0.008903269656002522,37,1,0,2,951.1888343079481,9.860292364369304
nsga2,2,9400,469,nsga2,20,20,19,0.1,9400,20,588484.660714282,0.00824945978820324,684587.6428571391,0.008903269656002522,35,1,0,4,953.3389429368544,9.859032896574492
nsga2,2,9420,470,nsga2,20,20,20,0.05,9420,18,588484.660714282,0.008241959847509861,684587.6428571391,0.009081825613975525,32,1,0,2,955.4862302648835,9.85780820450843
nsga2,2,9440,471,nsga2,20,20,19,0.1,9440,20,588484.660714282,0.008241959847509861,683728.9999999959,0.008903269656002522,32,1,0,2,957.5806064009666,9.857133631262807
nsga2,2,9460,472,nsga2,20,20,20,0.05,9460,20,588484.660714282,0.008241959847509861,683728.9999999959,0.008903269656002522,32,1,0,3,959.585896251956,9.857377059152164
nsga2,2,9480,473,nsga2,20,20,20,0.05,9480,20,588484.660714282,0.008241959847509861,683728.9999999959,0.008903269656002522,33,1,0,1,961.7836750899442,9.855646592372803
nsga2,2,9500,474,nsga2,20,20,19,0.1,9500,20,588484.660714282,0.008241959847509861,683728.9999999959,0.008903269656002522,33,1,0,1,963.7362439988647,9.856431216683795
nsga2,2,9520,475,nsga2,20,20,19,0.1,9520,20,588484.660714282,0.008241959847509861,683728.9999999959,0.008903269656002522,33,1,0,1,965.7547422358766,9.856539744202543
nsga2,2,9540,476,nsga2,20,20,19,0.1,9540,20,588484.660714282,0.008241959847509861,683728.9999999959,0.008903269656002522,33,1,0,1,967.709506635787,9.857296982812587
nsga2,2,9560,477,nsga2,20,20,19,0.1,9560,20,588484.660714282,0.008241959847509861,683728.9999999959,0.008903269656002522,33,1,0,2,969.6771860418376,9.857919870239753
nsga2,2,9580,478,nsga2,20,20,19,0.1,9580,20,588484.660714282,0.008241959847509861,683728.9999999959,0.008903269656002522,31,1,0,1,971.6359361538198,9.85863083442351
nsga2,2,9600,479,nsga2,20,20,19,0.1,9600,20,588484.660714282,0.008241959847509861,683728.9999999959,0.008903269656002522,31,1,0,2,973.7893959539942,9.857367557998645
nsga2,2,9620,480,nsga2,20,20,19,0.1,9620,20,588484.660714282,0.008241959847509861,683728.9999999959,0.008903269656002522,32,1,0,1,975.9061312898993,9.856480753211512
nsga2,2,9640,481,nsga2,20,20,19,0.1,9640,20,588484.660714282,0.008241959847509861,683728.9999999959,0.008903269656002522,32,1,0,1,977.9384387009777,9.856448645994268
nsga2,2,9660,482,nsga2,20,20,19,0.1,9660,20,588484.660714282,0.008241959847509861,683728.9999999959,0.008903269656002522,32,1,0,3,979.7536357860081,9.85860082290081
nsga2,2,9680,483,nsga2,20,20,19,0.1,9680,20,588484.660714282,0.008241959847509861,683728.9999999959,0.008903269656002522,32,1,0,2,982.1138876089826,9.85527251178998
nsga2,2,9700,484,nsga2,20,20,19,0.1,9700,20,588484.660714282,0.008241959847509861,683728.9999999959,0.008903269656002522,32,1,0,0,984.2661437178031,9.85404208191558
nsga2,2,9720,485,nsga2,20,20,19,0.1,9720,20,588484.660714282,0.008241959847509861,683728.9999999959,0.008903269656002522,32,1,0,1,986.2964926490095,9.854034838851113
nsga2,2,9740,486,nsga2,20,20,19,0.1,9740,20,588484.660714282,0.008241959847509861,683728.9999999959,0.008903269656002522,32,1,0,1,988.2421394158155,9.854872213562016
nsga2,2,9760,487,nsga2,20,20,19,0.1,9760,20,588484.660714282,0.008241959847509861,683728.9999999959,0.008903269656002522,32,1,0,2,990.2235287767835,9.855350551057121
nsga2,2,9780,488,nsga2,20,20,20,0.05,9780,20,588484.660714282,0.008241959847509861,683728.9999999959,0.008903269656002522,32,1,0,2,992.290498501854,9.854976959634497
nsga2,2,9800,489,nsga2,20,20,20,0.05,9800,20,588484.660714282,0.008241959847509861,683728.9999999959,0.008903269656002522,33,1,0,2,994.1814790579956,9.856349375251613
nsga2,2,9820,490,nsga2,20,20,20,0.05,9820,20,588484.660714282,0.008241959847509861,683728.9999999959,0.008903269656002522,33,1,0,2,996.1952841118909,9.856501186666074
nsga2,2,9840,491,nsga2,20,20,20,0.05,9840,20,588484.660714282,0.008241959847509861,683728.9999999959,0.008903269656002522,33,1,0,0,998.0903468688484,9.857825026428063
nsga2,2,9860,492,nsga2,20,20,19,0.1,9860,20,588484.660714282,0.008241959847509861,683728.9999999959,0.008903269656002522,33,1,0,2,1000.0078871438745,9.858922241261835
nsga2,2,9880,493,nsga2,20,20,19,0.1,9880,20,588484.660714282,0.008241959847509861,683728.9999999959,0.008903269656002522,33,1,0,1,1002.0327371428721,9.858959327185564
nsga2,2,9900,494,nsga2,20,20,19,0.1,9900,20,588484.660714282,0.008241959847509861,683728.9999999959,0.008903269656002522,33,1,0,3,1003.8862646729685,9.86067879235777
nsga2,2,9920,495,nsga2,20,20,19,0.1,9920,20,588484.660714282,0.008241959847509861,683728.9999999959,0.008903269656002522,31,1,0,3,1005.7838670408819,9.86195973612373
nsga2,2,9940,496,nsga2,20,20,20,0.05,9940,20,588484.660714282,0.008241959847509861,683728.9999999959,0.008903269656002522,31,1,0,2,1007.8120732009411,9.861957664817862
nsga2,2,9960,497,nsga2,20,20,20,0.05,9960,20,588484.660714282,0.008241959847509861,683728.9999999959,0.008903269656002522,31,1,0,1,1009.9750565548893,9.860639562694741
nsga2,2,9980,498,nsga2,20,20,20,0.05,9980,20,588484.660714282,0.008241959847509861,683728.9999999959,0.008903269656002522,31,1,0,0,1011.9519494839478,9.861140151060397
nsga2,2,10000,499,nsga2,20,20,20,0.05,10000,20,588484.660714282,0.008241959847509861,683728.9999999959,0.008903269656002522,31,1,0,1,1013.8302457039244,9.862597848476572
moead,3,20,0,moead,20,20,20,0.05,20,1,654551.1785714237,0.010149668902158737,1119866.1071428645,0.023375343531370163,1,0,0,0,4.186585682211444,4.777162470358322
moead,3,40,1,moead,20,3,3,0.5,40,16,635694.6785714229,0.010100928135216236,697680.4107142856,0.01153967622667551,4,0,0,68,29.515154857188463,1.3552359861753507
moead,3,60,2,moead,20,3,3,0.5,60,18,628124.7857142793,0.009624067693948746,629674.9464285651,0.009737683460116386,1,0,0,56,54.081293548224494,1.1094409187253957
moead,3,80,3,moead,20,5,4,0.55,80,14,625283.0357142795,0.009524394758045673,626397.2678571368,0.009817869402468204,2,0,0,28,76.45139424107037,1.046416495005179
moead,3,100,4,moead,20,3,3,0.5,100,10,616420.8928571375,0.00916418619453907,626266.2857142795,0.009817869402468204,1,0,0,33,98.73644627118483,1.012797237256694
moead,3,120,5,moead,20,6,6,0.5,120,10,613615.8214285664,0.00913205649703741,616420.8928571375,0.00916418619453907,1,0,0,36,122.43475942499936,0.9801138219535537
moead,3,140,6,moead,20,4,4,0.45,140,20,613260.6428571378,0.009123164229094982,613380.8214285665,0.009140841662883759,4,0,0,40,147.03925161110237,0.9521267176350967
moead,3,160,7,moead,20,3,3,0.5,160,20,613260.6428571378,0.009043825790286064,613270.6428571378,0.009140841662883759,3,0,0,14,171.99429877614602,0.9302633932549308
moead,3,180,8,moead,20,6,6,0.3,180,10,609862.2678571382,0.00892892386764288,613675.482142852,0.009140841662883759,2,0,0,33,196.51157229719684,0.9159765905682881
moead,3,200,9,moead,20,5,5,0.3,200,14,608131.6607142811,0.00892892386764288,613675.482142852,0.00905903521925211,3,0,0,27,220.90586137911305,0.9053630299866289
moead,3,220,10,moead,20,5,5,0.45,220,19,608131.6607142811,0.008917426690459251,614152.8035714233,0.009004666469991207,5,0,0,24,245.3358110350091,0.896730074064101
moead,3,240,11,moead,20,6,6,0.4,240,18,608131.6607142811,0.008917426690459251,614152.8035714233,0.009004666469991207,5,0,0,12,270.0437645020429,0.888744831574085
moead,3,260,12,moead,20,6,6,0.3,260,20,607082.1964285669,0.008917426690459251,614152.8035714233,0.009010329842567444,6,0,0,10,294.7185240162071,0.882197686310692
moead,3,280,13,moead,20,7,7,0.3,280,20,607082.1964285669,0.008905378170311451,614630.4999999946,0.009010329842567444,7,0,0,4,319.28865228802897,0.8769494248966079
moead,3,300,14,moead,20,6,6,0.4,300,19,607082.1964285669,0.0088876998052001,612340.8035714235,0.00908470619469881,3,0,0,24,343.8862113421783,0.8723815904950314
moead,3,320,15,moead,20,8,8,0.35,320,20,606945.4107142811,0.0088876998052001,612340.8035714235,0.009149165824055672,5,0,0,9,368.89952184120193,0.8674448760542134
moead,3,340,16,moead,20,5,5,0.45,340,20,606945.4107142811,0.0088876998052001,612340.8035714235,0.009149165824055672,4,0,0,10,393.51765932212584,0.8640018864355021
moead,3,360,17,moead,20,6,6,0.4,360,12,606945.4107142811,0.0088876998052001,612340.8035714235,0.009149165824055672,4,0,0,2,417.96885291603394,0.8613081991358831
moead,3,380,18,moead,20,7,7,0.3,380,15,606945.4107142811,0.008882641792297363,610814.6607142808,0.009149165824055672,5,0,0,11,442.5723031621892,0.8586167667630608
moead,3,400,19,moead,20,8,8,0.3,400,16,606945.4107142811,0.008882641792297363,610814.6607142808,0.009149165824055672,5,0,0,4,466.9621518421918,0.8566004726977928
moead,3,420,20,moead,20,8,8,0.35,420,20,606945.4107142811,0.008882641792297363,610814.6607142808,0.009149165824055672,7,0,0,12,491.43498648516834,0.8546400064104425
moead,3,440,21,moead,20,9,9,0.3,440,14,606945.4107142811,0.008882641792297363,610814.6607142808,0.009149165824055672,7,0,0,1,516.054502107203,0.8526231206265036
moead,3,460,22,moead,20,8,8,0.3,460,13,606945.4107142811,0.008882641792297363,610814.6607142808,0.009149165824055672,7,0,0,4,540.4506262901705,0.8511415800506887
moead,3,480,23,moead,20,8,8,0.25,480,16,606945.4107142811,0.008882641792297363,610814.6607142808,0.009149165824055672,7,0,0,8,565.098989702994,0.8494087031588563
moead,3,500,24,moead,20,8,8,0.25,500,16,606945.4107142811,0.008882641792297363,610814.6607142808,0.009149165824055672,8,0,0,0,589.748908217065,0.8478184410914895
moead,3,520,25,moead,20,7,6,0.4,520,20,606843.8035714241,0.008882641792297363,610814.6607142808,0.009007728658616543,7,0,0,12,614.2423558381852,0.8465713818943932
moead,3,540,26,moead,20,8,6,0.4,540,20,606843.8035714241,0.008882641792297363,610814.6607142808,0.009007728658616543,7,0,0,2,638.7175927432254,0.8454440681377764
moead,3,560,27,moead,20,8,6,0.4,560,20,606843.8035714241,0.008882641792297363,610814.6607142808,0.009007728658616543,7,0,0,0,663.2387623651884,0.8443414827006993
moead,3,580,28,moead,20,7,6,0.4,580,20,606843.8035714241,0.008882641792297363,610814.6607142808,0.009007728658616543,7,0,0,7,687.8400940201245,0.8432192380792368
moead,3,600,29,moead,20,6,5,0.4,600,20,606843.8035714241,0.008882641792297363,610814.6607142808,0.009007728658616543,6,0,0,8,712.1588506521657,0.8425086614461714
moead,3,620,30,moead,20,7,6,0.4,620,19,606843.8035714241,0.008882641792297363,610814.6607142808,0.009007728658616543,7,0,0,1,736.5742758722045,0.8417345274050406
moead,3,640,31,moead,20,7,6,0.4,640,19,606843.8035714241,0.008882641792297363,610814.6607142808,0.009007728658616543,7,0,0,0,760.9753710671794,0.8410259048232724
moead,3,660,32,moead,20,7,6,0.4,660,20,606843.8035714241,0.008882641792297363,610814.6607142808,0.009007728658616543,7,0,0,1,785.5881901760586,0.8401348292316959
moead,3,680,33,moead,20,6,6,0.4,680,20,606843.8035714241,0.008882641792297363,610814.6607142808,0.009007728658616543,7,0,0,7,809.9936155821197,0.8395127898771191
moead,3,700,34,moead,20,6,6,0.4,700,20,606843.8035714241,0.008882641792297363,610814.6607142808,0.009007728658616543,7,0,0,0,834.7157672250178,0.838608814503558
moead,3,720,35,moead,20,6,6,0.4,720,20,606843.8035714241,0.008882641792297363,610814.6607142808,0.009007728658616543,7,0,0,0,859.2674381490797,0.8379230586823223
moead,3,740,36,moead,20,6,6,0.4,740,20,606843.8035714241,0.008882641792297363,610814.6607142808,0.009007728658616543,7,0,0,0,883.8101384311449,0.8372839004919961
moead,3,760,37,moead,20,7,7,0.35,760,20,606843.8035714241,0.008882641792297363,610814.6607142808,0.009007728658616543,8,0,0,6,908.5002151010558,0.8365435553754519
moead,3,780,38,moead,20,7,7,0.35,780,20,606843.8035714241,0.008882641792297363,610814.6607142808,0.009007728658616543,7,0,0,4,933.003614166053,0.8360096232823147
moead,3,800,39,moead,20,8,7,0.3,800,20,606843.8035714241,0.008882641792297363,610814.6607142808,0.009007728658616543,7,0,0,1,957.5542957000434,0.8354617629438345
moead,3,820,40,moead,20,8,8,0.45,820,15,603289.071428567,0.008876883424818516,610814.6607142808,0.009215978905558586,5,0,0,18,982.1181261402089,0.8349301149981375
moead,3,840,41,moead,20,5,5,0.45,840,20,603289.071428567,0.008876883424818516,606933.5357142811,0.009215978905558586,5,0,0,23,1007.0216990450863,0.8341428995984242
moead,3,860,42,moead,20,5,5,0.45,860,20,603289.071428567,0.008876883424818516,606933.5357142811,0.009215978905558586,5,0,0,0,1032.8489445401356,0.8326483795584507
moead,3,880,43,moead,20,4,4,0.45,880,19,602767.3749999957,0.008876883424818516,606933.5357142811,0.009215978905558586,5,0,0,9,1058.1887951591052,0.8316096371703563
moead,3,900,44,moead,20,4,4,0.45,900,20,602767.3749999957,0.008876883424818516,606933.5357142811,0.00919030699878931,5,0,0,2,1083.7084288201295,0.8304816831404189
moead,3,920,45,moead,20,6,6,0.35,920,20,602767.3749999957,0.008876883424818516,606933.5357142811,0.00919030699878931,6,0,0,13,1108.8968164192047,0.8296533873826232
moead,3,940,46,moead,20,6,4,0.5,940,20,601957.9285714242,0.008876883424818516,606933.5357142811,0.009145187214016914,5,0,0,14,1134.565665380098,0.8285108819021813
moead,3,960,47,moead,20,6,6,0.5,960,10,598653.4821428529,0.008791696280241013,606933.5357142811,0.008878343738615513,2,0,0,33,1159.9199262750335,0.827643338349177
moead,3,980,48,moead,20,5,1,1.0,980,20,597460.9107142816,0.008729844354093075,597460.9107142816,0.008729844354093075,1,0,0,51,1187.4212313080207,0.8253179024940182
moead,3,1000,49,moead,20,5,5,0.35,1000,20,596252.4821428531,0.008723197504878044,597651.8392857101,0.008819874376058578,6,0,0,32,1215.1508331221994,0.8229431052856274
moead,3,1020,50,moead,20,6,6,0.35,1020,20,596252.4821428531,0.008723197504878044,597651.8392857101,0.008819874376058578,6,0,0,14,1242.9770544241183,0.8206104822044158
moead,3,1040,51,moead,20,8,8,0.45,1040,20,596252.4821428531,0.008723197504878044,597651.8392857101,0.008819874376058578,4,0,0,13,1270.8268545561004,0.8183648278059655
moead,3,1060,52,moead,20,7,7,0.25,1060,20,596252.4821428531,0.008723197504878044,597651.8392857101,0.008819874376058578,6,0,0,14,1298.2264246481936,0.8164985551632485
moead,3,1080,53,moead,20,7,7,0.25,1080,20,596252.4821428531,0.008723197504878044,597651.8392857101,0.008819874376058578,7,0,0,4,1325.4445262982044,0.8148209740744871
moead,3,1100,54,moead,20,6,6,0.5,1100,14,595921.2678571388,0.008722418919205666,596302.58928571,0.008819874376058578,1,0,0,18,1352.687101497082,0.8131961920702715
moead,3,1120,55,moead,20,4,4,0.5,1120,20,595921.2678571388,0.008722418919205666,595921.2678571388,0.008722418919205666,2,0,0,12,1379.8456845430192,0.8116849677802374
moead,3,1140,56,moead,20,7,7,0.3,1140,20,595921.2678571388,0.008715770207345486,596112.1964285673,0.008722418919205666,4,0,0,13,1407.1370681021363,0.8101556172758386
moead,3,1160,57,moead,20,5,5,0.5,1160,20,595921.2678571388,0.008704462088644505,596228.7499999958,0.008722418919205666,4,0,0,21,1434.197918849066,0.808814449355004
moead,3,1180,58,moead,20,4,4,0.5,1180,20,595921.2678571388,0.008694269694387913,596133.3928571386,0.008722418919205666,4,0,0,14,1461.2519946331158,0.8075266992509863
moead,3,1200,59,moead,20,7,7,0.3,1200,14,595921.2678571388,0.008693196810781956,596133.3928571386,0.008722418919205666,5,0,0,5,1488.2149716902059,0.8063351214892883
moead,3,1220,60,moead,20,7,7,0.35,1220,17,595921.2678571388,0.008673391304910183,596562.0714285673,0.008722418919205666,7,0,0,27,1515.1874503421132,0.8051809033427099
moead,3,1240,61,moead,20,8,8,0.2,1240,18,595921.2678571388,0.008668532595038414,596648.1785714244,0.008722418919205666,8,0,0,11,1542.6679663960822,0.8038022614139304
moead,3,1260,62,moead,20,7,7,0.45,1260,18,595921.2678571388,0.008648186922073364,596457.6785714244,0.008722418919205666,7,0,0,12,1569.8335269452073,0.802632876908851
moead,3,1280,63,moead,20,4,3,0.7,1280,15,595921.2678571388,0.008648018352687359,595942.357142853,0.008722418919205666,2,0,0,26,1597.2302870561834,0.8013872579132826
moead,3,1300,64,moead,20,4,3,0.7,1300,15,595921.2678571388,0.008648018352687359,595942.357142853,0.008722418919205666,3,0,0,0,1624.3614319302142,0.8003144955585542
moead,3,1320,65,moead,20,7,5,0.45,1320,15,595702.8392857101,0.008639270439743996,595990.0357142816,0.008693347685039043,5,0,0,33,1651.724170908099,0.7991649109755893
moead,3,1340,66,moead,20,7,7,0.3,1340,13,595702.8392857101,0.008639270439743996,595990.0357142816,0.008693347685039043,5,0,0,7,1678.9299056131858,0.7981274236166516
moead,3,1360,67,moead,20,5,5,0.35,1360,6,595436.1428571386,0.00863618403673172,595990.0357142816,0.00864720344543457,3,0,0,23,1706.2545649851672,0.7970674645561008
moead,3,1380,68,moead,20,5,5,0.5,1380,18,595436.1428571386,0.008639270439743996,595990.0357142816,0.00864720344543457,3,0,0,19,1733.2038566870615,0.7962133217484328
moead,3,1400,69,moead,20,5,5,0.35,1400,18,595436.1428571386,0.008639270439743996,595990.0357142816,0.00864720344543457,3,0,0,4,1760.3521296791732,0.7952954277705518
moead,3,1420,70,moead,20,5,5,0.35,1420,18,595436.1428571386,0.008639270439743996,595990.0357142816,0.00864720344543457,3,0,0,0,1787.4277386111207,0.7944377103061957
moead,3,1440,71,moead,20,7,7,0.3,1440,18,595436.1428571386,0.008634358644485474,596123.7142857101,0.00864720344543457,3,0,0,16,1815.1470609810203,0.7933241503978927
moead,3,1460,72,moead,20,7,7,0.3,1460,18,595436.1428571386,0.008634358644485474,596123.7142857101,0.00864720344543457,3,0,0,0,1842.1564478271175,0.7925494068227033
moead,3,1480,73,moead,20,6,6,0.35,1480,16,594819.7142857101,0.008634358644485474,596123.7142857101,0.008681651204824448,4,0,0,13,1869.3143353431951,0.7917341519388074
moead,3,1500,74,moead,20,7,7,0.35,1500,18,594819.7142857101,0.008634358644485474,596123.7142857101,0.008681651204824448,4,0,0,7,1896.5189198472071,0.7909227713482803
moead,3,1520,75,moead,20,8,7,0.2,1520,16,594819.7142857101,0.008610826916992664,596553.1428571386,0.008681651204824448,5,0,0,11,1923.7231215510983,0.7901344964728727
moead,3,1540,76,moead,20,5,5,0.35,1540,19,594819.7142857101,0.00860885065048933,595712.9642857101,0.008681651204824448,6,0,0,30,1950.782886417117,0.7894266505630585
moead,3,1560,77,moead,20,7,7,0.35,1560,20,594819.7142857101,0.00860885065048933,595712.9642857101,0.008681651204824448,6,0,0,7,1978.210365620209,0.7885915608934283
moead,3,1580,78,moead,20,9,9,0.25,1580,19,594399.9642857101,0.00860885065048933,595712.9642857101,0.00870972964912653,8,0,0,16,2005.3399543850683,0.78789633475612
moead,3,1600,79,moead,20,10,7,0.3,1600,20,594304.7142857102,0.00860885065048933,595712.9642857101,0.008680046536028385,8,0,0,31,2032.493859369075,0.7872102504145674
moead,3,1620,80,moead,20,8,8,0.3,1620,19,594304.7142857102,0.00860885065048933,595712.9642857101,0.008680046536028385,7,0,0,21,2059.525552474195,0.7865889296949122
moead,3,1640,81,moead,20,6,6,0.3,1640,20,594304.7142857102,0.00860885065048933,595712.9642857101,0.008680046536028385,7,0,0,13,2086.648250885075,0.7859494283736493
moead,3,1660,82,moead,20,7,7,0.25,1660,15,594304.7142857102,0.008607461117208004,595331.4285714246,0.008680046536028385,5,0,0,20,2113.6181033561006,0.7853831292247995
moead,3,1680,83,moead,20,6,6,0.35,1680,20,594113.5714285675,0.008588249795138836,601369.6249999957,0.00865220371633768,7,0,0,29,2140.91697792802,0.7847104849557989
moead,3,1700,84,moead,20,7,7,0.3,1700,16,594113.5714285675,0.0085831293836236,601465.08928571,0.00865220371633768,9,0,0,25,2168.0626005481463,0.7841102003098033
moead,3,1720,85,moead,20,8,8,0.3,1720,19,594113.5714285675,0.0085831293836236,601465.08928571,0.00865220371633768,8,0,0,9,2195.321301434189,0.7834844033428433
moead,3,1740,86,moead,20,8,8,0.3,1740,19,594113.5714285675,0.0085831293836236,601465.08928571,0.00865220371633768,9,0,0,0,2222.6283383590635,0.7828569311253444
moead,3,1760,87,moead,20,8,8,0.3,1760,19,594113.5714285675,0.0085831293836236,601465.08928571,0.00865220371633768,9,0,0,2,2250.025450680172,0.782213374283371
moead,3,1780,88,moead,20,9,9,0.25,1780,19,594113.5714285675,0.008566978387534618,601465.4107142815,0.00865220371633768,11,0,0,8,2277.827161923051,0.7814464722148798
moead,3,1800,89,moead,20,10,10,0.2,1800,11,594113.5714285675,0.00856618583202362,601465.4107142815,0.00865220371633768,10,0,0,6,2305.9126674991567,0.7806019826206876
moead,3,1820,90,moead,20,10,10,0.2,1820,11,594113.5714285675,0.00856618583202362,601465.4107142815,0.00865220371633768,10,0,0,0,2333.5425992931705,0.7799300516524865
moead,3,1840,91,moead,20,7,7,0.5,1840,18,594113.5714285675,0.00856618583202362,601465.4107142815,0.00865220371633768,9,0,0,10,2360.5911087251734,0.7794657843109829
moead,3,1860,92,moead,20,7,7,0.5,1860,18,594113.5714285675,0.00856618583202362,601465.4107142815,0.00865220371633768,9,0,0,0,2387.556621893076,0.7790391159499369
moead,3,1880,93,moead,20,10,10,0.25,1880,9,594113.5714285675,0.00856618583202362,601465.4107142815,0.00865220371633768,9,0,0,11,2414.761426468147,0.7785448199533757
moead,3,1900,94,moead,20,11,11,0.2,1900,9,594113.5714285675,0.008564726449549198,599628.33928571,0.00865220371633768,9,0,0,8,2441.7712994241156,0.778123651649157
moead,3,1920,95,moead,20,12,12,0.2,1920,12,594113.5714285675,0.008564726449549198,599628.33928571,0.00865220371633768,10,0,0,4,2468.768010665197,0.7777158451930304
moead,3,1940,96,moead,20,12,12,0.2,1940,12,594113.5714285675,0.008564726449549198,599628.33928571,0.00865220371633768,10,0,0,0,2495.817642498063,0.7773003792289307
moead,3,1960,97,moead,20,13,13,0.15,1960,15,594113.5714285675,0.008564726449549198,599628.33928571,0.00865220371633768,11,0,0,4,2522.497205272084,0.777007798424335
moead,3,1980,98,moead,20,14,14,0.15,1980,14,594113.5714285675,0.008564726449549198,599628.33928571,0.00865220371633768,11,0,0,2,2550.067048822064,0.7764501725217808
moead,3,2000,99,moead,20,12,12,0.15,2000,16,594113.5714285675,0.008564726449549198,599628.33928571,0.00865220371633768,12,0,0,5,2577.5934253050946,0.7759175595209596
moead,3,2020,100,moead,20,12,12,0.15,2020,16,594113.5714285675,0.008564726449549198,599628.33928571,0.00865220371633768,12,0,0,0,2604.632431113161,0.7755412916887845
moead,3,2040,101,moead,20,14,14,0.15,2040,12,594113.5714285675,0.008555763401091099,600149.3928571385,0.00865220371633768,12,0,0,10,2631.779944114154,0.7751407957045798
moead,3,2060,102,moead,20,13,13,0.15,2060,17,594113.5714285675,0.008555763401091099,600149.3928571385,0.00865220371633768,13,0,0,8,2658.7953394430224,0.7747869756803241
moead,3,2080,103,moead,20,13,13,0.2,2080,19,594113.5714285675,0.008555763401091099,600149.3928571385,0.00865220371633768,17,0,0,14,2685.79483717517,0.7744448575184824
moead,3,2100,104,moead,20,11,11,0.35,2100,19,594113.5714285675,0.008555763401091099,600149.3928571385,0.00865220371633768,15,0,0,11,2712.704585641157,0.7741351605757905
moead,3,2120,105,moead,20,13,13,0.15,2120,19,594113.5714285675,0.008555763401091099,600149.3928571385,0.00865220371633768,15,0,0,13,2739.7377580672037,0.7737966868389592
moead,3,2140,106,moead,20,13,13,0.15,2140,20,594113.5714285675,0.008555763401091099,600149.3928571385,0.00865220371633768,16,0,0,2,2766.692386201117,0.7734867854024009
moead,3,2160,107,moead,20,13,13,0.15,2160,16,594113.5714285675,0.008555763401091099,600149.3928571385,0.00865220371633768,13,0,0,7,2793.8035720682237,0.7731395369363689
moead,3,2180,108,moead,20,12,12,0.15,2180,16,594101.249999996,0.008555763401091099,600149.3928571385,0.008641591295599937,13,0,0,3,2820.7457734381314,0.7728452597636463
moead,3,2200,109,moead,20,14,14,0.15,2200,17,594101.249999996,0.008555763401091099,600149.3928571385,0.008641591295599937,14,0,0,2,2847.714911148185,0.7725492433907194
moead,3,2220,110,moead,20,14,14,0.15,2220,17,594101.249999996,0.008555763401091099,600149.3928571385,0.008641591295599937,14,0,0,0,2875.4300419359934,0.7720584286951735
moead,3,2240,111,moead,20,14,14,0.15,2240,17,594101.249999996,0.008555763401091099,600149.3928571385,0.008641591295599937,14,0,0,1,2903.294049684191,0.7715374197951662
moead,3,2260,112,moead,20,13,13,0.15,2260,17,594101.249999996,0.008555734530091286,600029.5714285673,0.008641591295599937,15,0,0,2,2931.163317053113,0.7710249329512363
moead,3,2280,113,moead,20,13,13,0.15,2280,17,594101.249999996,0.008555734530091286,600029.5714285673,0.008641591295599937,14,0,0,4,2958.33290904318,0.7707043358880882
moead,3,2300,114,moead,20,11,11,0.25,2300,19,594101.249999996,0.008555498905479908,599281.6785714243,0.008641591295599937,13,0,0,10,2985.1812766450457,0.770472472809055
moead,3,2320,115,moead,20,11,11,0.25,2320,20,594101.249999996,0.008555498905479908,599281.6785714243,0.008641591295599937,13,0,0,1,3012.527619636152,0.770117420626406
moead,3,2340,116,moead,20,11,11,0.25,2340,20,594101.249999996,0.008555498905479908,599281.6785714243,0.008641591295599937,14,0,0,1,3039.655368959997,0.7698241135805536
moead,3,2360,117,moead,20,11,10,0.3,2360,20,594101.249999996,0.008554699830710888,599592.5714285673,0.008641591295599937,15,0,0,8,3066.809608943993,0.7695293483877625
moead,3,2380,118,moead,20,11,11,0.3,2380,19,594101.249999996,0.008554699830710888,599592.5714285673,0.008641591295599937,13,0,0,17,3094.876805172069,0.7690128395490937
moead,3,2400,119,moead,20,11,11,0.3,2400,19,594101.249999996,0.008554699830710888,599592.5714285673,0.008641591295599937,13,0,0,0,3122.4743713831995,0.7686212005438634
moead,3,2420,120,moead,20,11,11,0.3,2420,19,594101.249999996,0.008554699830710888,599592.5714285673,0.008641591295599937,13,0,0,0,3149.64921177621,0.7683395315744599
moead,3,2440,121,moead,20,11,11,0.3,2440,19,594101.249999996,0.008554699830710888,599592.5714285673,0.008641591295599937,13,0,0,0,3176.9595061521977,0.7680299340532758
moead,3,2460,122,moead,20,11,11,0.25,2460,19,594101.249999996,0.008554699830710888,599592.5714285673,0.008641591295599937,13,0,0,2,3204.025857201079,0.7677840659341517
moead,3,2480,123,moead,20,9,9,0.2,2480,20,593911.4464285675,0.008554699830710888,599592.5714285673,0.008617718704044819,11,0,0,11,3231.6649055290036,0.767406297527014
moead,3,2500,124,moead,20,10,9,0.3,2500,20,593911.4464285675,0.008554699830710888,599592.5714285673,0.008617718704044819,11,0,0,6,3259.461626969045,0.7669978315789334
moead,3,2520,125,moead,20,8,8,0.4,2520,20,593911.4464285675,0.008554430678486824,595154.1249999959,0.008617718704044819,11,0,0,25,3287.2222097660415,0.766604701231729
moead,3,2540,126,moead,20,8,8,0.35,2540,20,593911.4464285675,0.008554430678486824,595154.1249999959,0.008617718704044819,10,0,0,5,3314.618941796012,0.7663022641823533
moead,3,2560,127,moead,20,8,7,0.25,2560,20,593911.4464285675,0.008554430678486824,595154.1249999959,0.008617718704044819,7,0,0,18,3341.88207196421,0.7660354090518059
moead,3,2580,128,moead,20,11,10,0.25,2580,13,593806.4642857104,0.008554430678486824,595154.1249999959,0.008617718704044819,5,0,0,3,3369.1255923639983,0.7657773298352181
moead,3,2600,129,moead,20,11,11,0.2,2600,14,593806.4642857104,0.008554430678486824,595154.1249999959,0.008617718704044819,6,0,0,9,3396.2685306330677,0.7655460622589102
moead,3,2620,130,moead,20,8,8,0.3,2620,17,593831.2857142818,0.008554430678486824,595154.1249999959,0.008596401661634445,6,0,0,11,3423.341659585014,0.7653340684428217
moead,3,2640,131,moead,20,11,11,0.15,2640,17,593402.1785714246,0.008554430678486824,595154.1249999959,0.008622705936431885,7,0,0,6,3450.758528824197,0.7650491849684848
moead,3,2660,132,moead,20,13,13,0.15,2660,12,593377.3571428532,0.008554430678486824,595154.1249999959,0.008638476952910423,8,0,0,19,3478.254442055011,0.7647514131911601
moead,3,2680,133,moead,20,12,12,0.15,2680,20,593243.6785714246,0.008554430678486824,595154.1249999959,0.008643330074846745,11,0,0,21,3505.7261676150374,0.764463586676314
moead,3,2700,134,moead,20,13,13,0.1,2700,19,593243.6785714246,0.008554430678486824,595154.1249999959,0.008643330074846745,11,0,0,3,3532.850425978191,0.7642553956278554
moead,3,2720,135,moead,20,13,13,0.1,2720,19,593243.6785714246,0.008554430678486824,595154.1249999959,0.008643330074846745,11,0,0,0,3560.0581825831905,0.7640324569151729
moead,3,2740,136,moead,20,13,13,0.15,2740,19,593243.6785714246,0.008554430678486824,595154.1249999959,0.008643330074846745,12,0,0,4,3587.149696181994,0.7638376516364335
moead,3,2760,137,moead,20,14,14,0.15,2760,19,593243.6785714246,0.008554430678486824,595154.1249999959,0.008643330074846745,12,0,0,1,3613.937971470179,0.7637098427777413
moead,3,2780,138,moead,20,14,14,0.15,2780,19,593243.6785714246,0.008554430678486824,595154.1249999959,0.008643330074846745,12,0,0,0,3640.947300216183,0.763537555139822
moead,3,2800,139,moead,20,14,14,0.15,2800,19,593243.6785714246,0.008554430678486824,595154.1249999959,0.008643330074846745,12,0,0,0,3667.9265595301986,0.7633740628543648
moead,3,2820,140,moead,20,12,12,0.2,2820,20,593243.6785714246,0.008554430678486824,595154.1249999959,0.008643330074846745,12,0,0,5,3694.6887280081864,0.763257802645872
moead,3,2840,141,moead,20,12,12,0.2,2840,20,593243.6785714246,0.008554430678486824,595154.1249999959,0.008643330074846745,12,0,0,0,3722.0895441600587,0.7630122720867764
moead,3,2860,142,moead,20,10,10,0.25,2860,20,593173.374999996,0.008554430678486824,595154.1249999959,0.00861376989632845,9,0,0,16,3750.0836953201797,0.7626496452783342
moead,3,2880,143,moead,20,9,9,0.2,2880,17,593173.374999996,0.008554430678486824,595154.1249999959,0.00861376989632845,6,0,0,10,3777.5774556901306,0.7623933681788264
moead,3,2900,144,moead,20,8,8,0.3,2900,20,593148.5535714246,0.008554430678486824,595154.1249999959,0.008629916235804558,7,0,0,17,3804.1219931100495,0.7623309676325898
moead,3,2920,145,moead,20,8,8,0.3,2920,15,593148.5535714246,0.008554430678486824,595154.1249999959,0.008629916235804558,6,0,0,7,3830.8566832670476,0.7622315950253072
moead,3,2940,146,moead,20,9,7,0.4,2940,17,593148.5535714246,0.008554430678486824,595154.1249999959,0.008629916235804558,6,0,0,2,3857.814857702004,0.7620894491943759
moead,3,2960,147,moead,20,10,8,0.4,2960,20,593148.5535714246,0.008550760336220264,594200.0714285674,0.008629916235804558,6,0,0,13,3884.9073843420483,0.7619229256095402
moead,3,2980,148,moead,20,12,11,0.25,2980,20,593148.5535714246,0.008550760336220264,594200.0714285674,0.008629916235804558,7,0,0,11,3911.5745941710193,0.7618415367664878
moead,3,3000,149,moead,20,12,11,0.25,3000,20,593148.5535714246,0.008550760336220264,594200.0714285674,0.008629916235804558,7,0,0,0,3938.330664447043,0.7617440625497127
moead,3,3020,150,moead,20,12,11,0.25,3020,20,593148.5535714246,0.008550760336220264,594200.0714285674,0.008629916235804558,7,0,0,0,3965.429388648132,0.7615820896080963
moead,3,3040,151,moead,20,5,4,0.4,3040,20,592767.2321428532,0.008550760336220264,594200.0714285674,0.008622867055237293,5,0,0,17,3992.153665560996,0.7614937336268104
moead,3,3060,152,moead,20,6,5,0.45,3060,20,592767.2321428532,0.00851596798747778,593289.517857139,0.008622867055237293,5,0,0,13,4018.4786848041695,0.7614822025985492
moead,3,3080,153,moead,20,9,9,0.35,3080,20,592528.5714285675,0.008512161672115326,593384.9821428533,0.008622966706752777,8,0,0,13,4044.950009055203,0.7614432794237201
moead,3,3100,154,moead,20,8,8,0.3,3100,20,592528.5714285675,0.008512161672115326,593384.9821428533,0.008622966706752777,7,0,0,5,4071.6130369531456,0.7613690131810219
moead,3,3120,155,moead,20,9,9,0.3,3120,20,592528.5714285675,0.008512161672115326,593384.9821428533,0.008622966706752777,10,0,0,4,4098.389803806087,0.7612745857171815
moead,3,3140,156,moead,20,10,10,0.3,3140,20,592528.5714285675,0.008512161672115326,593384.9821428533,0.008622966706752777,11,0,0,1,4125.320657321019,0.7611529529050268
moead,3,3160,157,moead,20,12,12,0.3,3160,20,590570.2321428534,0.008512161672115326,593384.9821428533,0.008798051625490189,13,0,0,19,4151.831871758215,0.7611098179324408
moead,3,3180,158,moead,20,9,9,0.2,3180,20,590599.0178571391,0.008512161672115326,593384.9821428533,0.008793426677584648,14,0,0,20,4178.090412095189,0.7611132566193856
moead,3,3200,159,moead,20,8,8,0.3,3200,20,590551.1785714249,0.008512161672115326,593384.9821428533,0.008777796290814877,14,0,0,12,4204.147122461116,0.7611531915483285
moead,3,3220,160,moead,20,9,9,0.35,3220,20,590551.1785714249,0.008512161672115326,593384.9821428533,0.008777796290814877,14,0,0,8,4230.21010637912,0.7611915056285901
moead,3,3240,161,moead,20,10,10,0.25,3240,20,590551.1785714249,0.008512161672115326,593384.9821428533,0.008777796290814877,14,0,0,3,4256.105488280067,0.7612593270824485
moead,3,3260,162,moead,20,11,11,0.2,3260,20,590532.4999999963,0.008512161672115326,593384.9821428533,0.00877828523516655,16,0,0,2,4282.542129008099,0.7612301062768679
moead,3,3280,163,moead,20,8,8,0.5,3280,17,588861.4821428538,0.008512161672115326,593384.9821428533,0.008622966706752777,11,0,0,16,4310.205126404995,0.760984664025896
moead,3,3300,164,moead,20,6,6,0.35,3300,18,588861.4821428538,0.008512161672115326,593480.3392857104,0.008608239702880383,5,0,0,23,4336.848094235174,0.7609212793011078
moead,3,3320,165,moead,20,9,9,0.2,3320,14,588743.6071428538,0.008512161672115326,593384.9821428533,0.008638744242489338,7,0,0,18,4362.9329126321245,0.7609560051651285
moead,3,3340,166,moead,20,6,6,0.5,3340,19,588432.3749999966,0.0085067730396986,590153.9285714251,0.008634590543806553,4,0,0,20,4389.525804222096,0.760902236133889
moead,3,3360,167,moead,20,6,6,0.25,3360,20,588432.3749999966,0.0085067730396986,590153.9285714251,0.008634590543806553,5,0,0,12,4416.4381119091995,0.7607940867414289
moead,3,3380,168,moead,20,6,5,0.45,3380,19,588432.3749999966,0.00850302167236805,589977.7857142822,0.008634590543806553,4,0,0,20,4442.466764514102,0.7608385564072284
moead,3,3400,169,moead,20,7,6,0.4,3400,20,588432.3749999966,0.008492736145853996,595381.6249999959,0.008634590543806553,5,0,0,3,4468.458968384191,0.7608887144440873
moead,3,3420,170,moead,20,7,5,0.65,3420,20,588432.3749999966,0.008492736145853996,595381.6249999959,0.008634590543806553,5,0,0,9,4495.04671239201,0.760837477077089
moead,3,3440,171,moead,20,6,5,0.35,3440,20,587421.7857142825,0.008492736145853996,595381.6249999959,0.008633782155811787,7,0,0,12,4520.892309543211,0.7609117325662589
moead,3,3460,172,moead,20,7,6,0.35,3460,20,587421.7857142825,0.008492736145853996,595381.6249999959,0.008633782155811787,7,0,0,2,4547.057714302093,0.7609316215884143
moead,3,3480,173,moead,20,7,6,0.35,3480,20,587421.7857142825,0.008492736145853996,595381.6249999959,0.008633782155811787,6,0,0,0,4572.993835290195,0.7609894360986307
moead,3,3500,174,moead,20,7,6,0.35,3500,16,587278.7499999969,0.008492736145853996,595381.6249999959,0.008623557165265083,6,0,0,1,4598.956045318162,0.7610422812288186
moead,3,3520,175,moead,20,7,6,0.35,3520,16,587278.7499999969,0.008492736145853996,595381.6249999959,0.008623557165265083,6,0,0,0,4624.668975436129,0.7611355577440106
moead,3,3540,176,moead,20,8,7,0.2,3540,20,586826.5535714255,0.008492736145853996,595381.6249999959,0.008751113899052143,7,0,0,5,4650.560628136154,0.7611985485325791
moead,3,3560,177,moead,20,11,10,0.2,3560,15,586826.5535714255,0.008492736145853996,595381.6249999959,0.008751113899052143,7,0,0,4,4676.250990836183,0.7612936104106378
moead,3,3580,178,moead,20,12,11,0.2,3580,15,586826.5535714255,0.008492736145853996,595381.6249999959,0.008751113899052143,7,0,0,1,4701.832354721148,0.7614052841346616
moead,3,3600,179,moead,20,12,11,0.2,3600,15,586826.5535714255,0.008492736145853996,595381.6249999959,0.008751113899052143,8,0,0,1,4727.679922274081,0.7614728702421015
moead,3,3620,180,moead,20,12,11,0.2,3620,15,586826.5535714255,0.008492736145853996,595381.6249999959,0.008751113899052143,8,0,0,0,4753.366444852203,0.7615655224562762
moead,3,3640,181,moead,20,12,11,0.2,3640,15,586826.5535714255,0.008492736145853996,595381.6249999959,0.008751113899052143,8,0,0,0,4779.134089612169,0.7616442501397548
moead,3,3660,182,moead,20,12,11,0.2,3660,15,586826.5535714255,0.008492736145853996,595381.6249999959,0.008751113899052143,8,0,0,0,4805.087633407209,0.7616926639493469
moead,3,3680,183,moead,20,12,11,0.2,3680,15,586826.5535714255,0.008492736145853996,595381.6249999959,0.008751113899052143,9,0,0,4,4830.464615851175,0.7618314784718795
moead,3,3700,184,moead,20,12,11,0.2,3700,15,586826.5535714255,0.008492736145853996,595381.6249999959,0.008751113899052143,9,0,0,2,4855.8806136911735,0.7619627199169263
moead,3,3720,185,moead,20,11,10,0.25,3720,15,586826.5535714255,0.008492736145853996,595381.6249999959,0.008751113899052143,11,0,0,6,4881.169346590061,0.7621124644238695
moead,3,3740,186,moead,20,13,12,0.25,3740,15,586826.5535714255,0.008492736145853996,595381.6249999959,0.008751113899052143,13,0,0,3,4906.721814834047,0.7622196939498785
moead,3,3760,187,moead,20,13,12,0.25,3760,15,586826.5535714255,0.008492736145853996,595381.6249999959,0.008751113899052143,13,0,0,0,4932.315232775174,0.7623194833563853
moead,3,3780,188,moead,20,13,12,0.25,3780,15,586826.5535714255,0.008492736145853996,595381.6249999959,0.008751113899052143,13,0,0,1,4958.178940464044,0.7623766801055033
moead,3,3800,189,moead,20,13,12,0.25,3800,15,586826.5535714255,0.008492736145853996,595381.6249999959,0.008751113899052143,14,0,0,0,4983.851432366064,0.762462535564782
moead,3,3820,190,moead,20,13,12,0.25,3820,15,586826.5535714255,0.00848910491913557,595477.0892857102,0.008751113899052143,15,0,0,1,5009.502527660225,0.7625507680468618
moead,3,3840,191,moead,20,14,14,0.2,3840,18,586540.482142854,0.00848910491913557,595477.0892857102,0.008787324652075768,14,0,0,10,5035.334592486033,0.762610692391769
moead,3,3860,192,moead,20,14,14,0.2,3860,16,586540.482142854,0.00848910491913557,595477.0892857102,0.008787324652075768,14,0,0,2,5060.838064291049,0.7627195241112167
moead,3,3880,193,moead,20,14,14,0.2,3880,16,586540.482142854,0.00848910491913557,595477.0892857102,0.008787324652075768,14,0,0,0,5086.256161241094,0.7628400688048013
moead,3,3900,194,moead,20,16,16,0.2,3900,18,586540.482142854,0.00848910491913557,595477.0892857102,0.008787324652075768,15,0,0,3,5111.60252885404,0.7629701210110194
moead,3,3920,195,moead,20,16,16,0.2,3920,18,586397.4464285683,0.00848910491913557,595477.0892857102,0.008777448907494545,16,0,0,1,5137.213181841187,0.7630596319919635
moead,3,3940,196,moead,20,17,17,0.15,3940,18,586397.4464285683,0.00848910491913557,595477.0892857102,0.008777448907494545,16,0,0,2,5162.755569642177,0.7631583457423059
moead,3,3960,197,moead,20,17,17,0.15,3960,15,586397.4464285683,0.00848910491913557,595477.0892857102,0.008777448907494545,17,0,0,1,5188.217429400189,0.7632679342927647
moead,3,3980,198,moead,20,16,16,0.2,3980,19,586397.4464285683,0.00848910491913557,595477.0892857102,0.008777448907494545,18,0,0,4,5213.617416563211,0.763385511824455
moead,3,4000,199,moead,20,17,17,0.1,4000,19,586397.4464285683,0.00848910491913557,595477.0892857102,0.008777448907494545,19,0,0,4,5239.2701565180905,0.7634651164196343
moead,3,4020,200,moead,20,17,17,0.1,4020,19,586397.4464285683,0.00848910491913557,595477.0892857102,0.008777448907494545,20,0,0,0,5265.026071433211,0.7635289826600425
moead,3,4040,201,moead,20,17,17,0.1,4040,20,586397.4464285683,0.00848579965531826,595477.0892857104,0.008777448907494545,23,0,0,4,5290.364676332101,0.763652460117551
moead,3,4060,202,moead,20,17,17,0.1,4060,20,586397.4464285683,0.00848579965531826,595477.0892857104,0.008777448907494545,24,0,0,7,5316.037935555214,0.7637266793838198
moead,3,4080,203,moead,20,17,17,0.1,4080,20,586397.4464285683,0.00848579965531826,595477.0892857104,0.008777448907494545,24,0,0,0,5341.69089412014,0.7638030879868124
moead,3,4100,204,moead,20,18,18,0.1,4100,20,586397.4464285683,0.00848579965531826,595477.0892857104,0.008777448907494545,26,0,0,1,5367.15548248915,0.7639055759380617
moead,3,4120,205,moead,20,10,10,0.3,4120,20,586397.4464285683,0.008477624505758286,589739.1249999966,0.008777448907494545,22,0,0,26,5392.735045234207,0.7639908071584236
moead,3,4140,206,moead,20,8,8,0.25,4140,20,586397.4464285683,0.008477624505758286,589739.1249999966,0.008777448907494545,14,0,0,15,5417.867223291192,0.7641383277541959
moead,3,4160,207,moead,20,9,9,0.2,4160,16,586397.4464285683,0.008477624505758286,589739.1249999966,0.008777448907494545,15,0,0,11,5442.715776624158,0.7643243135838039
moead,3,4180,208,moead,20,10,10,0.2,4180,19,586397.4464285683,0.008477624505758286,589739.1249999966,0.008777448907494545,17,0,0,7,5467.694737529149,0.764490374948939
moead,3,4200,209,moead,20,10,10,0.2,4200,20,586397.4464285683,0.008467142470180988,589834.4821428537,0.008777448907494545,18,0,0,9,5492.8041306170635,0.7646367684201714
moead,3,4220,210,moead,20,11,11,0.2,4220,16,586397.4464285683,0.008467142470180988,589834.4821428537,0.008777448907494545,18,0,0,8,5517.708086952101,0.7648103041150668
moead,3,4240,211,moead,20,11,11,0.2,4240,16,586397.4464285683,0.00846302229911089,589739.1249999966,0.008777448907494545,18,0,0,3,5542.689288998023,0.7649716191770303
moead,3,4260,212,moead,20,13,13,0.15,4260,16,586397.4464285683,0.00846302229911089,589739.1249999966,0.008777448907494545,18,0,0,3,5567.638336152071,0.7651359055308518
moead,3,4280,213,moead,20,14,14,0.1,4280,19,586397.4464285683,0.00846302229911089,589739.1249999966,0.008777448907494545,20,0,0,4,5592.340418797219,0.765332522607865
moead,3,4300,214,moead,20,15,15,0.1,4300,19,586292.4642857112,0.00846302229911089,589739.1249999966,0.008768362924456596,21,0,0,7,5617.780681377044,0.7654268195720972
moead,3,4320,215,moead,20,16,16,0.1,4320,17,586292.4642857112,0.00846302229911089,589739.1249999966,0.008768362924456596,21,0,0,2,5642.640485934215,0.7655990153490643
moead,3,4340,216,moead,20,16,16,0.1,4340,17,586292.4642857112,0.00846302229911089,589739.1249999966,0.008768362924456596,21,0,0,0,5667.556179964216,0.7657621490092404
moead,3,4360,217,moead,20,12,12,0.15,4360,19,586292.4642857112,0.008454883471131325,591600.2499999963,0.008768362924456596,19,0,0,19,5692.813582841074,0.7658778803405124
moead,3,4380,218,moead,20,13,13,0.15,4380,19,586254.2499999969,0.008454883471131325,591600.2499999963,0.008776639588177204,20,0,0,6,5718.430043881061,0.7659444928747127
moead,3,4400,219,moead,20,12,12,0.15,4400,19,586254.2499999969,0.008454883471131325,591600.2499999963,0.008776639588177204,21,0,0,5,5743.774333182024,0.7660468090783122
moead,3,4420,220,moead,20,13,13,0.15,4420,19,586254.2499999969,0.008454883471131325,591600.2499999963,0.008776639588177204,21,0,0,1,5768.987910721218,0.7661655854375724
moead,3,4440,221,moead,20,14,14,0.15,4440,19,586254.2499999969,0.008454883471131325,591600.2499999963,0.008776639588177204,21,0,0,1,5794.631338061998,0.7662264846489697
moead,3,4460,222,moead,20,15,15,0.15,4460,19,586254.2499999969,0.008454883471131325,591600.2499999963,0.008776639588177204,21,0,0,1,5820.006352376193,0.7663221876345668
moead,3,4480,223,moead,20,16,16,0.15,4480,19,586254.2499999969,0.008454883471131325,591600.2499999963,0.008776639588177204,22,0,0,2,5845.3205726852175,0.7664250308075032
moead,3,4500,224,moead,20,16,16,0.15,4500,19,586254.2499999969,0.008454883471131325,591600.2499999963,0.008776639588177204,24,0,0,1,5870.153375912225,0.7665898506954595
moead,3,4520,225,moead,20,16,16,0.15,4520,20,586254.2499999969,0.008454883471131325,591600.2499999963,0.008776639588177204,25,0,0,6,5895.443750731181,0.7666937708360644
moead,3,4540,226,moead,20,18,18,0.1,4540,20,586254.2499999969,0.008454883471131325,591600.2499999963,0.008776639588177204,26,0,0,6,5920.611683862051,0.7668126609915633
moead,3,4560,227,moead,20,18,18,0.1,4560,20,586254.2499999969,0.008454883471131325,591600.2499999963,0.008776639588177204,27,0,0,1,5945.798194660107,0.7669281483679204
moead,3,4580,228,moead,20,18,18,0.1,4580,20,586254.2499999969,0.008454883471131325,591600.2499999963,0.008776639588177204,29,0,0,4,5971.12766875606,0.7670242965939015
moead,3,4600,229,moead,20,18,18,0.1,4600,20,586254.2499999969,0.008454883471131325,591600.2499999963,0.008776639588177204,30,0,0,1,5996.523516888032,0.7671111414880644
moead,3,4620,230,moead,20,18,18,0.1,4620,20,586254.2499999969,0.008454883471131325,591600.2499999963,0.008776639588177204,30,0,0,0,6021.768090249039,0.7672165269003133
moead,3,4640,231,moead,20,18,18,0.1,4640,20,586254.2499999969,0.008454883471131325,591600.2499999963,0.008776639588177204,31,0,0,2,6046.923406935064,0.7673323585806463
moead,3,4660,232,moead,20,17,17,0.1,4660,20,586254.2499999969,0.008454883471131325,591600.2499999963,0.008776639588177204,33,0,0,4,6072.195984528167,0.767432410263698
moead,3,4680,233,moead,20,17,17,0.1,4680,20,586254.2499999969,0.008454883471131325,591600.2499999963,0.008776639588177204,36,0,0,1,6097.266652200138,0.7675570492412807
moead,3,4700,234,moead,20,17,17,0.1,4700,20,586254.2499999969,0.008454883471131325,591600.2499999963,0.008776639588177204,36,0,0,1,6122.277044328162,0.7676882254706527
moead,3,4720,235,moead,20,17,17,0.1,4720,20,586254.2499999969,0.008454883471131325,591600.2499999963,0.008776639588177204,36,0,0,0,6147.555718343006,0.7677848264012505
moead,3,4740,236,moead,20,17,17,0.1,4740,20,586254.2499999969,0.008454883471131325,591600.2499999963,0.008776639588177204,36,0,0,0,6172.567750281189,0.7679138069864152
moead,3,4760,237,moead,20,17,17,0.1,4760,20,586254.2499999969,0.008454883471131325,591600.2499999963,0.008776639588177204,36,0,0,0,6197.680424010148,0.7680292745588339
moead,3,4780,238,moead,20,14,14,0.25,4780,20,586254.2499999969,0.008454883471131325,591600.2499999963,0.008776639588177204,32,0,0,5,6223.026434442028,0.7681150080842596
moead,3,4800,239,moead,20,15,15,0.15,4800,20,586254.2499999969,0.008454883471131325,591600.2499999963,0.008776639588177204,33,0,0,3,6248.239331371151,0.7682164119258632
moead,3,4820,240,moead,20,15,14,0.2,4820,20,586254.2499999969,0.008454883471131325,591600.2499999963,0.008776639588177204,30,0,0,4,6273.4546341612,0.768316706038389
moead,3,4840,241,moead,20,15,14,0.2,4840,20,586254.2499999969,0.008454883471131325,591600.2499999963,0.008776639588177204,30,0,0,0,6299.0548473140225,0.7683692422624042
moead,3,4860,242,moead,20,15,14,0.2,4860,20,586254.2499999969,0.008454883471131325,591600.2499999963,0.008776639588177204,30,0,0,0,6323.944789744215,0.7685076580493949
moead,3,4880,243,moead,20,15,14,0.2,4880,20,586254.2499999969,0.008454883471131325,591600.2499999963,0.008776639588177204,30,0,0,0,6349.268558937125,0.7685924693059318
moead,3,4900,244,moead,20,15,14,0.2,4900,20,586254.2499999969,0.008454883471131325,591600.2499999963,0.008776639588177204,30,0,0,0,6375.191712419037,0.7686043370985495
moead,3,4920,245,moead,20,15,14,0.2,4920,20,586254.2499999969,0.008454883471131325,591600.2499999963,0.008776639588177204,30,0,0,0,6400.207723759115,0.7687250496160888
moead,3,4940,246,moead,20,15,14,0.2,4940,20,586254.2499999969,0.008454883471131325,591600.2499999963,0.008776639588177204,33,0,0,7,6425.0736525501125,0.7688627815245843
moead,3,4960,247,moead,20,15,14,0.2,4960,20,586254.2499999969,0.008451422676444054,591198.3928571393,0.008776639588177204,33,0,0,1,6450.18745169905,0.7689699000442974
moead,3,4980,248,moead,20,16,15,0.2,4980,20,586254.2499999969,0.008451422676444054,591198.3928571393,0.008776639588177204,34,0,0,5,6474.986732752062,0.7691135450224084
moead,3,5000,249,moead,20,16,15,0.2,5000,20,586254.2499999969,0.008451422676444054,591198.3928571393,0.008776639588177204,34,0,0,1,6500.085074006114,0.7692207014328221
moead,3,5020,250,moead,20,17,16,0.2,5020,20,586254.2499999969,0.008451422676444054,591198.3928571393,0.008776639588177204,35,0,0,2,6524.797723904019,0.7693725096808602
moead,3,5040,251,moead,20,17,16,0.2,5040,20,586254.2499999969,0.008451422676444054,591198.3928571393,0.008776639588177204,35,0,0,3,6549.786530764075,0.7694907271141326
moead,3,5060,252,moead,20,17,16,0.2,5060,20,586254.2499999969,0.008451422676444054,591198.3928571393,0.008776639588177204,35,0,0,0,6574.661459498107,0.7696213761227285
moead,3,5080,253,moead,20,17,16,0.2,5080,20,586254.2499999969,0.008451422676444054,591198.3928571393,0.008776639588177204,35,0,0,1,6599.682814560132,0.7697339618795879
moead,3,5100,254,moead,20,17,16,0.2,5100,20,586254.2499999969,0.008451422676444054,591198.3928571393,0.008776639588177204,35,0,0,0,6624.542750368128,0.7698644558851389
moead,3,5120,255,moead,20,17,17,0.1,5120,20,586254.2499999969,0.008451422676444054,591198.3928571393,0.008776639588177204,37,0,0,5,6649.733338728081,0.769955686821469
moead,3,5140,256,moead,20,17,17,0.1,5140,20,586254.2499999969,0.008451422676444054,591198.3928571393,0.008776639588177204,37,0,0,0,6675.013493483188,0.7700358965593372
moead,3,5160,257,moead,20,17,17,0.1,5160,20,586254.2499999969,0.008451422676444054,591198.3928571393,0.008776639588177204,37,0,0,0,6699.878894313006,0.7701631747970719
moead,3,5180,258,moead,20,17,17,0.1,5180,20,586254.2499999969,0.008451422676444054,591198.3928571393,0.008776639588177204,37,0,0,0,6725.160259659169,0.7702418678514171
moead,3,5200,259,moead,20,17,17,0.1,5200,20,586254.2499999969,0.008451422676444054,591198.3928571393,0.008776639588177204,37,0,0,0,6750.308281032136,0.7703351881886066
moead,3,5220,260,moead,20,17,17,0.1,5220,20,586254.2499999969,0.008451422676444054,591198.3928571393,0.008776639588177204,37,0,0,0,6775.453502704157,0.7704281341339944
moead,3,5240,261,moead,20,18,18,0.1,5240,20,586254.2499999969,0.008451422676444054,591198.3928571393,0.008776639588177204,37,0,0,1,6800.782627439126,0.770499556750743
moead,3,5260,262,moead,20,18,18,0.1,5260,20,586254.2499999969,0.008451422676444054,591198.3928571393,0.008776639588177204,38,0,0,2,6825.86084273411,0.7705987744533477
moead,3,5280,263,moead,20,18,18,0.1,5280,20,586254.2499999969,0.008451422676444054,591198.3928571393,0.008776639588177204,38,0,0,0,6851.033856217051,0.770686601586212
moead,3,5300,264,moead,20,18,18,0.1,5300,20,586254.2499999969,0.008451422676444054,591198.3928571393,0.008776639588177204,37,0,0,0,6876.088323243195,0.7707870741107914
moead,3,5320,265,moead,20,17,17,0.15,5320,20,586254.2499999969,0.008451422676444054,591198.3928571393,0.008776639588177204,34,0,0,3,6901.101060842164,0.7708914784897792
moead,3,5340,266,moead,20,18,18,0.1,5340,20,586254.2499999969,0.008451422676444054,591198.3928571393,0.008776639588177204,31,0,0,1,6926.325240615057,0.7709715923657389
moead,3,5360,267,moead,20,18,18,0.1,5360,20,586254.2499999969,0.008451422676444054,591198.3928571393,0.008776639588177204,32,0,0,0,6951.625476109097,0.7710426889971139
moead,3,5380,268,moead,20,17,17,0.15,5380,20,586254.2499999969,0.008451422676444054,591198.3928571393,0.008776639588177204,31,0,0,3,6976.504768384155,0.7711597968628745
moead,3,5400,269,moead,20,17,17,0.15,5400,20,586254.2499999969,0.008451422676444054,591198.3928571393,0.008776639588177204,31,0,0,0,7001.8387648111675,0.7712259852566932
moead,3,5420,270,moead,20,17,17,0.15,5420,20,586254.2499999969,0.008451422676444054,591198.3928571393,0.008776639588177204,28,0,0,0,7026.749172669137,0.7713381916464783
moead,3,5440,271,moead,20,16,16,0.15,5440,20,586254.2499999969,0.008451422676444054,591198.3928571393,0.008776639588177204,27,0,0,5,7051.911800708156,0.7714220134536727
moead,3,5460,272,moead,20,16,16,0.15,5460,20,586254.2499999969,0.008451422676444054,591198.3928571393,0.008776639588177204,25,0,0,4,7077.172460426111,0.7714945524545346
moead,3,5480,273,moead,20,14,14,0.15,5480,20,586254.2499999969,0.008451422676444054,591198.3928571393,0.008776639588177204,25,0,0,4,7102.429954782128,0.7715669193344551
moead,3,5500,274,moead,20,15,15,0.15,5500,20,586254.2499999969,0.008451422676444054,591198.3928571393,0.008776639588177204,26,0,0,2,7127.950956744142,0.7716102472332741
moead,3,5520,275,moead,20,15,15,0.1,5520,20,586254.2499999969,0.008451422676444054,591198.3928571393,0.008776639588177204,27,0,0,5,7153.012152193114,0.7717028690224673
moead,3,5540,276,moead,20,15,15,0.1,5540,20,586254.2499999969,0.008451422676444054,591198.3928571393,0.008776639588177204,27,0,0,1,7178.003668613033,0.771802336104192
moead,3,5560,277,moead,20,15,15,0.1,5560,20,586254.2499999969,0.008451422676444054,591198.3928571393,0.008776639588177204,26,0,0,0,7202.903490617173,0.771910939420847
moead,3,5580,278,moead,20,15,15,0.1,5580,20,586254.2499999969,0.008451422676444054,591198.3928571393,0.008776639588177204,26,0,0,0,7227.923318549059,0.7720059765548446
moead,3,5600,279,moead,20,15,15,0.1,5600,20,586254.2499999969,0.008451422676444054,591198.3928571393,0.008776639588177204,25,0,0,1,7253.061882757116,0.772087718334931
moead,3,5620,280,moead,20,15,15,0.1,5620,20,586254.2499999969,0.008451422676444054,591198.3928571393,0.008776639588177204,25,0,0,0,7278.165174173191,0.7721726376783472
moead,3,5640,281,moead,20,16,16,0.1,5640,20,586254.2499999969,0.008451422676444054,591198.3928571393,0.008776639588177204,27,0,0,2,7303.036122575169,0.7722815422705651
moead,3,5660,282,moead,20,17,17,0.1,5660,20,586254.2499999969,0.008451422676444054,591198.3928571393,0.008776639588177204,28,0,0,2,7327.988305150066,0.7723811453168105
moead,3,5680,283,moead,20,17,17,0.1,5680,20,586254.2499999969,0.008451422676444054,591198.3928571393,0.008776639588177204,28,0,0,0,7353.109878482064,0.7724622770321703
moead,3,5700,284,moead,20,17,17,0.1,5700,20,586254.2499999969,0.008451422676444054,591198.3928571393,0.008776639588177204,28,0,0,0,7378.117450549034,0.7725547930354295
moead,3,5720,285,moead,20,17,17,0.1,5720,20,586254.2499999969,0.008451422676444054,591198.3928571393,0.008776639588177204,28,0,0,0,7403.287735110149,0.7726297024594703
moead,3,5740,286,moead,20,17,17,0.1,5740,20,586254.2499999969,0.008451422676444054,591198.3928571393,0.008776639588177204,28,0,0,0,7428.206019992009,0.7727303180002774
moead,3,5760,287,moead,20,17,17,0.1,5760,20,586254.2499999969,0.008451422676444054,591198.3928571393,0.008776639588177204,28,0,0,0,7453.427650024183,0.7727988075367326
moead,3,5780,288,moead,20,17,17,0.1,5780,20,586254.2499999969,0.008451422676444054,591198.3928571393,0.008776639588177204,28,0,0,0,7478.917486233171,0.7728391188483552
moead,3,5800,289,moead,20,17,17,0.1,5800,20,586254.2499999969,0.008451422676444054,591198.3928571393,0.008776639588177204,29,0,0,0,7503.857057393063,0.7729358322844965
moead,3,5820,290,moead,20,17,17,0.1,5820,20,586254.2499999969,0.008451422676444054,591198.3928571393,0.008776639588177204,30,0,0,1,7528.726953875041,0.7730390590144117
moead,3,5840,291,moead,20,17,17,0.1,5840,20,586254.2499999969,0.008451422676444054,591198.3928571393,0.008776639588177204,30,0,0,0,7553.808634821093,0.7731199296046658
moead,3,5860,292,moead,20,17,17,0.1,5860,20,586254.2499999969,0.008451422676444054,591198.3928571393,0.008776639588177204,29,0,0,3,7578.642495489214,0.7732255484392957
moead,3,5880,293,moead,20,17,17,0.1,5880,20,586254.2499999969,0.008451422676444054,591198.3928571393,0.008776639588177204,29,0,0,0,7603.341109852074,0.7733442331531011
moead,3,5900,294,moead,20,17,17,0.1,5900,20,586254.2499999969,0.008451422676444054,591198.3928571393,0.008776639588177204,30,0,0,0,7628.52626263001,0.7734128187907577
moead,3,5920,295,moead,20,17,17,0.1,5920,20,586254.2499999969,0.008451422676444054,591198.3928571393,0.008776639588177204,30,0,0,0,7653.568323750049,0.7734954141102323
moead,3,5940,296,moead,20,17,17,0.1,5940,20,586254.2499999969,0.008451422676444054,591198.3928571393,0.008776639588177204,30,0,0,0,7678.975341686048,0.7735407050670088
moead,3,5960,297,moead,20,17,17,0.1,5960,20,586254.2499999969,0.008451422676444054,591198.3928571393,0.008776639588177204,30,0,0,0,7704.151353120105,0.7736088930270378
moead,3,5980,298,moead,20,17,17,0.1,5980,20,586254.2499999969,0.008451422676444054,591198.3928571393,0.008776639588177204,31,0,0,0,7729.14522578218,0.7736948686191663
moead,3,6000,299,moead,20,17,17,0.1,6000,20,586254.2499999969,0.008451422676444054,591198.3928571393,0.008776639588177204,33,0,0,1,7753.781495770207,0.7738159765364915
moead,3,6020,300,moead,20,17,17,0.1,6020,20,586254.2499999969,0.008451422676444054,591198.3928571393,0.008776639588177204,32,0,0,1,7779.040254518157,0.7738743859184318
moead,3,6040,301,moead,20,17,17,0.1,6040,20,586254.2499999969,0.008451422676444054,591198.3928571393,0.008776639588177204,33,0,0,1,7804.356259748107,0.7739267402683827
moead,3,6060,302,moead,20,17,17,0.1,6060,20,586254.2499999969,0.008451422676444054,591198.3928571393,0.008776639588177204,33,0,0,0,7829.961212663213,0.7739501940570669
moead,3,6080,303,moead,20,17,17,0.1,6080,20,586254.2499999969,0.008451422676444054,591198.3928571393,0.008776639588177204,33,0,0,0,7855.090291068191,0.7740203835611416
moead,3,6100,304,moead,20,17,17,0.1,6100,20,586254.2499999969,0.008451422676444054,591198.3928571393,0.008776639588177204,33,0,0,0,7880.201814326225,0.774091849895289
moead,3,6120,305,moead,20,17,17,0.1,6120,20,586254.2499999969,0.008451422676444054,591198.3928571393,0.008776639588177204,33,0,0,1,7905.137912405189,0.7741800418682323
moead,3,6140,306,moead,20,17,17,0.1,6140,20,586254.2499999969,0.008451422676444054,591198.3928571393,0.008776639588177204,33,0,0,0,7930.388587168185,0.7742369661349087
moead,3,6160,307,moead,20,17,17,0.1,6160,20,586254.2499999969,0.008451422676444054,591198.3928571393,0.008776639588177204,34,0,0,0,7955.277286528144,0.7743287604106076
moead,3,6180,308,moead,20,17,17,0.1,6180,20,586254.2499999969,0.008451422676444054,591198.3928571393,0.008776639588177204,34,0,0,0,7980.570352649083,0.7743807430942077
moead,3,6200,309,moead,20,17,17,0.1,6200,20,586254.2499999969,0.008449692279100418,591269.4642857107,0.008776639588177204,35,0,0,1,8005.638499330031,0.7744541550956692
moead,3,6220,310,moead,20,17,17,0.1,6220,20,586254.2499999969,0.008449692279100418,591269.4642857107,0.008776639588177204,35,0,0,0,8030.546241487144,0.7745425794158859
moead,3,6240,311,moead,20,17,17,0.1,6240,20,586254.2499999969,0.008449692279100418,591269.4642857107,0.008776639588177204,35,0,0,0,8055.570336270146,0.7746192683470773
moead,3,6260,312,moead,20,17,17,0.1,6260,20,586254.2499999969,0.008449692279100418,591269.4642857107,0.008776639588177204,36,0,0,0,8080.517674603034,0.7747028410908748
moead,3,6280,313,moead,20,17,17,0.1,6280,20,586254.2499999969,0.008449692279100418,591269.4642857107,0.008776639588177204,36,0,0,0,8105.438741774997,0.7747884106054884
moead,3,6300,314,moead,20,9,9,0.35,6300,14,583902.4285714258,0.008449692279100418,591269.4642857107,0.008532283827662468,15,0,0,26,8130.186963378219,0.7748899291465067
moead,3,6320,315,moead,20,9,9,0.35,6320,20,583902.4285714258,0.008449692279100418,591269.4642857107,0.008532283827662468,16,0,0,16,8155.584662121022,0.7749291144451633
moead,3,6340,316,moead,20,7,7,0.35,6340,20,583902.4285714258,0.008449692279100418,591269.4642857107,0.008532283827662468,16,0,0,8,8180.709230503999,0.77499393039904
moead,3,6360,317,moead,20,6,6,0.25,6360,20,583870.7142857115,0.008413915522396564,586260.0892857112,0.008534998632967472,5,0,0,34,8206.805337176193,0.7749665964647282
moead,3,6380,318,moead,20,6,6,0.25,6380,20,583870.7142857115,0.008413915522396564,586260.0892857112,0.008534998632967472,6,0,0,5,8231.948417087086,0.7750291518781884
moead,3,6400,319,moead,20,7,7,0.25,6400,20,583870.7142857115,0.008413915522396564,586260.0892857112,0.008534998632967472,7,0,0,3,8256.743447439047,0.7751239990368184
moead,3,6420,320,moead,20,6,6,0.4,6420,20,583870.7142857115,0.008413915522396564,586260.0892857112,0.008534998632967472,9,0,0,11,8282.030017587123,0.7751722689204156
moead,3,6440,321,moead,20,8,8,0.3,6440,20,583870.7142857115,0.008413915522396564,586260.0892857112,0.008534998632967472,11,0,0,12,8307.29828656814,0.775221952775269
moead,3,6460,322,moead,20,9,9,0.3,6460,20,583870.7142857115,0.008413915522396564,586260.0892857112,0.008534998632967472,11,0,0,3,8332.761317947181,0.7752532148120443
moead,3,6480,323,moead,20,9,9,0.3,6480,20,583870.7142857115,0.008413915522396564,586260.0892857112,0.008534998632967472,11,0,0,0,8358.15698279813,0.7752905351426693
moead,3,6500,324,moead,20,9,9,0.3,6500,20,583870.7142857115,0.008413915522396564,586260.0892857112,0.008534998632967472,11,0,0,0,8383.59706828813,0.7753235212826435
moead,3,6520,325,moead,20,9,9,0.3,6520,20,583870.7142857115,0.008413915522396564,586260.0892857112,0.008534998632967472,11,0,0,0,8409.419835690176,0.7753210242077172
moead,3,6540,326,moead,20,9,9,0.3,6540,20,583870.7142857115,0.008413915522396564,586260.0892857112,0.008534998632967472,11,0,0,0,8434.787449411117,0.7753603797635229
moead,3,6560,327,moead,20,10,10,0.3,6560,20,583870.7142857115,0.008413915522396564,586260.0892857112,0.008534998632967472,11,0,0,1,8460.224457349163,0.775393139162107
moead,3,6580,328,moead,20,10,10,0.3,6580,20,583870.7142857115,0.008413915522396564,586260.0892857112,0.008534998632967472,11,0,0,0,8485.527037544176,0.7754379864546798
moead,3,6600,329,moead,20,10,10,0.3,6600,20,583870.7142857115,0.008413915522396564,586260.0892857112,0.008534998632967472,11,0,0,0,8511.158625230193,0.7754525900193167
moead,3,6620,330,moead,20,10,10,0.3,6620,20,583870.7142857115,0.008413915522396564,586260.0892857112,0.008534998632967472,11,0,0,0,8536.192383167101,0.7755214155030378
moead,3,6640,331,moead,20,10,10,0.3,6640,20,583870.7142857115,0.008413915522396564,586260.0892857112,0.008534998632967472,12,0,0,0,8561.927355114138,0.7755263183859942
moead,3,6660,332,moead,20,10,10,0.3,6660,20,583870.7142857115,0.008413915522396564,586260.0892857112,0.008534998632967472,12,0,0,0,8587.227357158205,0.7755704749622482
moead,3,6680,333,moead,20,10,10,0.3,6680,20,583870.7142857115,0.008413915522396564,586260.0892857112,0.008534998632967472,12,0,0,0,8612.630170982098,0.7756051133492801
moead,3,6700,334,moead,20,11,11,0.2,6700,20,583870.7142857115,0.008413915522396564,586260.0892857112,0.008534998632967472,13,0,0,4,8637.893520371057,0.7756520712137915
moead,3,6720,335,moead,20,11,11,0.3,6720,20,583870.7142857115,0.008413915522396564,586260.0892857112,0.008534998632967472,14,0,0,7,8663.379837769084,0.7756787911691604
moead,3,6740,336,moead,20,12,12,0.25,6740,20,583870.7142857115,0.008413915522396564,586260.0892857112,0.008534998632967472,15,0,0,6,8688.60436091316,0.7757287269657237
moead,3,6760,337,moead,20,11,10,0.25,6760,20,583377.8571428544,0.008413915522396564,586260.0892857112,0.008562042377889156,17,0,0,17,8713.736889659194,0.7757865638589866
moead,3,6780,338,moead,20,11,10,0.25,6780,20,583187.14285714,0.008413915522396564,586260.0892857112,0.00856640562415123,19,0,0,7,8738.957716391189,0.775836228991373
moead,3,6800,339,moead,20,11,10,0.25,6800,20,583187.14285714,0.008413915522396564,586260.0892857112,0.00856640562415123,19,0,0,3,8764.107744255103,0.7758918760962767
moead,3,6820,340,moead,20,13,12,0.25,6820,20,583187.14285714,0.008413915522396564,586260.0892857112,0.00856640562415123,23,0,0,2,8789.42574262619,0.7759323759827629
moead,3,6840,341,moead,20,14,13,0.25,6840,20,583187.14285714,0.008413915522396564,586260.0892857112,0.00856640562415123,26,0,0,3,8814.845402987208,0.7759636938932627
moead,3,6860,342,moead,20,14,13,0.25,6860,20,583187.14285714,0.008413915522396564,586260.0892857112,0.00856640562415123,26,0,0,0,8840.628075814107,0.7759629679216296
moead,3,6880,343,moead,20,14,13,0.25,6880,20,583187.14285714,0.008413915522396564,586260.0892857112,0.00856640562415123,27,0,0,1,8866.260568660218,0.7759753897058811
moead,3,6900,344,moead,20,14,13,0.25,6900,20,583187.14285714,0.008413915522396564,586260.0892857112,0.00856640562415123,28,0,0,1,8891.521740638185,0.7760201460751032
moead,3,6920,345,moead,20,14,13,0.25,6920,20,583187.14285714,0.008413915522396564,586260.0892857112,0.00856640562415123,29,0,0,1,8916.863683538046,0.7760576190903787
moead,3,6940,346,moead,20,14,13,0.25,6940,20,583187.14285714,0.008413175120949745,586323.8392857112,0.00856640562415123,29,0,0,2,8942.913826972013,0.7760334197863806
moead,3,6960,347,moead,20,13,12,0.25,6960,20,583187.14285714,0.008413175120949745,586323.8392857112,0.00856640562415123,29,0,0,7,8968.099369219039,0.7760841749689591
moead,3,6980,348,moead,20,13,12,0.25,6980,20,583187.14285714,0.008413175120949745,586323.8392857112,0.00856640562415123,28,0,0,0,8993.002866465133,0.7761589875644751
moead,3,7000,349,moead,20,10,10,0.45,7000,20,583187.14285714,0.008394623175263405,585623.8035714255,0.00856640562415123,16,0,0,18,9018.282843440073,0.7762009821073446
moead,3,7020,350,moead,20,12,12,0.35,7020,20,583187.14285714,0.008386513218283653,585662.0178571398,0.00856640562415123,20,0,0,6,9043.716842787107,0.7762295217810651
moead,3,7040,351,moead,20,12,12,0.35,7040,20,583187.14285714,0.008386513218283653,585662.0178571398,0.00856640562415123,20,0,0,1,9068.927898145048,0.7762769843434257
moead,3,7060,352,moead,20,10,10,0.35,7060,18,583115.2499999971,0.008386513218283653,585662.0178571398,0.008564735762774944,23,0,0,12,9093.807482701028,0.7763524808975888
moead,3,7080,353,moead,20,12,12,0.35,7080,19,583115.2499999971,0.008386513218283653,585662.0178571398,0.008564735762774944,25,0,0,3,9119.451538032154,0.7763624786505267
moead,3,7100,354,moead,20,12,12,0.35,7100,19,583115.2499999971,0.008386513218283653,585662.0178571398,0.008564735762774944,22,0,0,7,9144.797682484146,0.7763977122861088
moead,3,7120,355,moead,20,13,13,0.25,7120,19,583115.2499999971,0.008386513218283653,585662.0178571398,0.008564735762774944,24,0,0,12,9170.264721624088,0.7764225151767508
moead,3,7140,356,moead,20,15,15,0.25,7140,20,583115.2499999971,0.008386513218283653,585662.0178571398,0.008564735762774944,24,0,0,5,9195.77740826318,0.7764433264319892
moead,3,7160,357,moead,20,14,14,0.25,7160,20,583115.2499999971,0.008386513218283653,585662.0178571398,0.008564735762774944,28,0,0,3,9221.503676827066,0.7764460386208524
moead,3,7180,358,moead,20,14,14,0.25,7180,20,583115.2499999971,0.008386513218283653,585662.0178571398,0.008564735762774944,28,0,0,1,9246.952777540078,0.7764720089670514
moead,3,7200,359,moead,20,14,14,0.25,7200,20,583115.2499999971,0.008386513218283653,585662.0178571398,0.008564735762774944,30,0,0,4,9272.456189415185,0.776493288608798
moead,3,7220,360,moead,20,14,14,0.25,7220,20,583115.2499999971,0.008386513218283653,585662.0178571398,0.008564735762774944,30,0,0,4,9297.876274946146,0.7765214105348824
moead,3,7240,361,moead,20,14,14,0.25,7240,20,583115.2499999971,0.008386513218283653,585662.0178571398,0.008564735762774944,32,0,0,0,9323.258062852081,0.7765525689830802
moead,3,7260,362,moead,20,13,13,0.25,7260,20,583115.2499999971,0.008386513218283653,585662.0178571398,0.008564735762774944,32,0,0,3,9348.348231742159,0.7766077835385713
moead,3,7280,363,moead,20,10,10,0.25,7280,20,583115.2499999971,0.008372696116566658,585941.7678571397,0.008564735762774944,35,0,0,6,9373.554415438091,0.7766530898897817
moead,3,7300,364,moead,20,13,13,0.2,7300,20,583115.2499999971,0.008372696116566658,585941.7678571397,0.008564735762774944,36,0,0,9,9399.111356364097,0.7766691683099596
moead,3,7320,365,moead,20,13,13,0.2,7320,20,583115.2499999971,0.008372696116566658,585941.7678571397,0.008564735762774944,36,0,0,2,9424.612053668126,0.7766897945842772
moead,3,7340,366,moead,20,14,14,0.2,7340,20,583115.2499999971,0.008372696116566658,585941.7678571397,0.008564735762774944,41,0,0,4,9450.042114164215,0.7767161152645474
moead,3,7360,367,moead,20,14,14,0.25,7360,20,583115.2499999971,0.008372696116566658,585941.7678571397,0.008564735762774944,44,0,0,10,9476.38645490422,0.7766673546952122
moead,3,7380,368,moead,20,16,16,0.25,7380,20,583115.2499999971,0.008372696116566658,585941.7678571397,0.008564735762774944,46,0,0,5,9502.032793986145,0.7766759134604141
moead,3,7400,369,moead,20,17,17,0.2,7400,20,583115.2499999971,0.008372696116566658,585941.7678571397,0.008564735762774944,50,0,0,5,9527.58262678003,0.7766922933001029
moead,3,7420,370,moead,20,17,17,0.2,7420,20,583115.2499999971,0.008372696116566658,585941.7678571397,0.008564735762774944,53,0,0,3,9552.983766993042,0.7767206750248218
moead,3,7440,371,moead,20,16,16,0.2,7440,20,583115.2499999971,0.008372696116566658,585941.7678571397,0.008564735762774944,59,0,0,3,9578.316663710168,0.7767544403901667
moead,3,7460,372,moead,20,16,16,0.2,7460,20,583115.2499999971,0.008372696116566658,585941.7678571397,0.008564735762774944,60,0,0,6,9603.575193997007,0.7767940427709765
moead,3,7480,373,moead,20,17,17,0.2,7480,20,583115.2499999971,0.008372696116566658,585941.7678571397,0.008564735762774944,60,0,0,2,9629.257721264148,0.7767992317291526
moead,3,7500,374,moead,20,17,17,0.2,7500,20,583115.2499999971,0.008372696116566658,585941.7678571397,0.008564735762774944,61,0,0,2,9654.647382443072,0.7768279568282019
moead,3,7520,375,moead,20,17,17,0.2,7520,20,583115.2499999971,0.008372696116566658,585941.7678571397,0.008564735762774944,62,0,0,0,9680.249144057045,0.7768395098195094
moead,3,7540,376,moead,20,17,17,0.2,7540,20,583115.2499999971,0.008372696116566658,585941.7678571397,0.008564735762774944,66,0,0,2,9705.927728132112,0.7768448530835145
moead,3,7560,377,moead,20,17,17,0.2,7560,20,583115.2499999971,0.008372696116566658,585941.7678571397,0.008564735762774944,68,0,0,1,9731.593933782075,0.7768511562896553
moead,3,7580,378,moead,20,17,17,0.2,7580,20,583115.2499999971,0.008372696116566658,585941.7678571397,0.008564735762774944,68,0,0,1,9756.99811343709,0.7768782889853199
moead,3,7600,379,moead,20,17,17,0.2,7600,20,583115.2499999971,0.008372696116566658,585941.7678571397,0.008564735762774944,69,0,0,1,9782.674378391122,0.7768836727089256
moead,3,7620,380,moead,20,17,17,0.2,7620,20,583115.2499999971,0.008372696116566658,585941.7678571397,0.008564735762774944,70,0,0,0,9808.526484705042,0.7768751006465927
moead,3,7640,381,moead,20,17,17,0.2,7640,20,583115.2499999971,0.008372696116566658,585941.7678571397,0.008564735762774944,71,0,0,1,9833.982801511185,0.7768978402957918
moead,3,7660,382,moead,20,17,17,0.2,7660,20,583115.2499999971,0.008372696116566658,585941.7678571397,0.008564735762774944,73,0,0,0,9859.663466696162,0.7769027843469348
moead,3,7680,383,moead,20,18,18,0.15,7680,20,583115.2499999971,0.008372696116566658,585941.7678571397,0.008564735762774944,73,0,0,4,9885.97274558316,0.7768583019239315
moead,3,7700,384,moead,20,17,17,0.15,7700,20,583115.2499999971,0.008372696116566658,585941.7678571397,0.008564735762774944,75,0,0,3,9911.543690875173,0.7768719222908559
moead,3,7720,385,moead,20,18,18,0.15,7720,20,583115.2499999971,0.008372696116566658,585941.7678571397,0.008564735762774944,76,0,0,2,9937.435401135124,0.7768603959043766
moead,3,7740,386,moead,20,18,18,0.15,7740,20,583115.2499999971,0.008372696116566658,585941.7678571397,0.008564735762774944,76,0,0,2,9963.17393168318,0.7768608731587608
moead,3,7760,387,moead,20,18,18,0.15,7760,20,583115.2499999971,0.008372696116566658,585941.7678571397,0.008564735762774944,74,0,0,1,9988.803591729142,0.7768698151623864
moead,3,7780,388,moead,20,18,18,0.15,7780,20,583115.2499999971,0.008372696116566658,585941.7678571397,0.008564735762774944,71,0,0,2,10014.548133940203,0.7768697994104079
moead,3,7800,389,moead,20,17,17,0.15,7800,20,583115.2499999971,0.008372696116566658,585941.7678571397,0.008564735762774944,64,0,0,2,10040.176728854189,0.7768787552896149
moead,3,7820,390,moead,20,16,16,0.15,7820,20,583115.2499999971,0.008372696116566658,585941.7678571397,0.008564735762774944,58,0,0,4,10065.707555010216,0.776895211515219
moead,3,7840,391,moead,20,16,16,0.15,7840,20,583115.2499999971,0.008372696116566658,585941.7678571397,0.008564735762774944,56,0,0,1,10091.40935134422,0.7768984219192018
moead,3,7860,392,moead,20,16,16,0.15,7860,20,583115.2499999971,0.008372696116566658,585941.7678571397,0.008564735762774944,56,0,0,2,10116.963074819185,0.7769129868194639
moead,3,7880,393,moead,20,16,16,0.15,7880,20,583115.2499999971,0.008372696116566658,585941.7678571397,0.008564735762774944,58,0,0,3,10142.49616774614,0.7769290586531313
moead,3,7900,394,moead,20,16,16,0.15,7900,20,583115.2499999971,0.008372696116566658,585941.7678571397,0.008564735762774944,58,0,0,0,10168.174981340999,0.7769339153286416
moead,3,7920,395,moead,20,16,16,0.15,7920,20,583115.2499999971,0.008372696116566658,585941.7678571397,0.008564735762774944,58,0,0,0,10194.151051214198,0.7769160923956164
moead,3,7940,396,moead,20,16,16,0.15,7940,20,583115.2499999971,0.008372696116566658,585941.7678571397,0.008564735762774944,58,0,0,4,10219.630330150016,0.776936126209513
moead,3,7960,397,moead,20,12,12,0.3,7960,19,583115.2499999971,0.008372270502150059,585893.982142854,0.008564735762774944,26,0,0,15,10245.261924266117,0.7769445094562759
moead,3,7980,398,moead,20,9,9,0.25,7980,20,583115.2499999971,0.008368618786334991,585305.7678571398,0.008564735762774944,23,0,0,12,10270.58418607805,0.7769762513428423
moead,3,8000,399,moead,20,10,10,0.25,8000,20,583115.2499999971,0.008368618786334991,585305.7678571398,0.008564735762774944,24,0,0,6,10296.708427931182,0.7769473182613332
moead,3,8020,400,moead,20,10,10,0.25,8020,20,583115.2499999971,0.008368618786334991,585305.7678571398,0.008564735762774944,25,0,0,5,10322.216211427003,0.7769649303723768
moead,3,8040,401,moead,20,9,9,0.25,8040,20,583095.89285714,0.008368618786334991,585305.7678571398,0.008537878282368183,17,0,0,13,10347.660157478182,0.7769872490632144
moead,3,8060,402,moead,20,9,9,0.25,8060,20,583095.89285714,0.008368618786334991,585305.7678571398,0.008537878282368183,18,0,0,0,10373.109397622058,0.7770090617040714
moead,3,8080,403,moead,20,9,9,0.2,8080,20,583095.89285714,0.008368618786334991,585305.7678571398,0.008537878282368183,19,0,0,3,10398.4939758291,0.7770355994610036
moead,3,8100,404,moead,20,10,10,0.2,8100,20,583095.89285714,0.008368618786334991,585305.7678571398,0.008537878282368183,19,0,0,4,10423.555015937192,0.7770861272968224
moead,3,8120,405,moead,20,11,11,0.2,8120,20,583095.89285714,0.008368618786334991,585305.7678571398,0.008537878282368183,18,0,0,4,10449.01212258311,0.7771069556375103
moead,3,8140,406,moead,20,13,13,0.15,8140,20,583077.2142857115,0.008368618786334991,585305.7678571398,0.00853700004518032,17,0,0,3,10474.345913380152,0.7771368319621554
moead,3,8160,407,moead,20,12,12,0.15,8160,20,583013.4642857115,0.008368618786334991,585305.7678571398,0.008537677116692066,19,0,0,5,10499.554181267042,0.777175855195719
moead,3,8180,408,moead,20,12,12,0.15,8180,20,583013.4642857115,0.008368618786334991,585305.7678571398,0.008537677116692066,21,0,0,6,10525.369398117065,0.7771698731508045
moead,3,8200,409,moead,20,12,12,0.15,8200,20,583013.4642857115,0.008368618786334991,585305.7678571398,0.008537677116692066,22,0,0,0,10550.680845595198,0.7772010280666785
moead,3,8220,410,moead,20,12,12,0.15,8220,20,583013.4642857115,0.008368618786334991,585305.7678571398,0.008537677116692066,24,0,0,1,10575.948089265032,0.7772352824181877
moead,3,8240,411,moead,20,13,13,0.1,8240,20,583013.4642857115,0.008368618786334991,585305.7678571398,0.008537677116692066,25,0,0,2,10601.356453712098,0.7772590268026256
moead,3,8260,412,moead,20,13,13,0.1,8260,20,583013.4642857115,0.008368618786334991,585305.7678571398,0.008537677116692066,26,0,0,0,10626.828224783996,0.7772780198644732
moead,3,8280,413,moead,20,14,14,0.1,8280,20,583013.4642857115,0.008368618786334991,585305.7678571398,0.008537677116692066,26,0,0,1,10652.079183138208,0.7773130351027516
moead,3,8300,414,moead,20,14,14,0.1,8300,20,583013.4642857115,0.008368618786334991,585305.7678571398,0.008537677116692066,26,0,0,0,10677.233256714186,0.7773549383479746
moead,3,8320,415,moead,20,14,14,0.1,8320,20,583013.4642857115,0.008368618786334991,585305.7678571398,0.008537677116692066,26,0,0,0,10702.521792853018,0.777386877694187
moead,3,8340,416,moead,20,14,14,0.1,8340,20,583013.4642857115,0.008368618786334991,585305.7678571398,0.008537677116692066,27,0,0,0,10727.710248142015,0.7774259191465808
moead,3,8360,417,moead,20,14,14,0.1,8360,20,583013.4642857115,0.008368618786334991,585305.7678571398,0.008537677116692066,28,0,0,0,10753.092638008064,0.7774507559295641
moead,3,8380,418,moead,20,17,17,0.1,8380,20,583013.4642857115,0.008363484404981136,585629.7321428541,0.008537677116692066,29,0,0,7,10778.498584884219,0.7774737765194981
moead,3,8400,419,moead,20,18,18,0.1,8400,19,583013.4642857115,0.008355297148227692,585585.5178571398,0.008537677116692066,30,0,0,7,10803.920464876108,0.7774955422254977
moead,3,8420,420,moead,20,18,18,0.1,8420,19,583013.4642857115,0.008355297148227692,585585.5178571398,0.008537677116692066,30,0,0,1,10829.34665161022,0.7775168965293051
moead,3,8440,421,moead,20,18,18,0.1,8440,19,583013.4642857115,0.008355297148227692,585585.5178571398,0.008537677116692066,29,0,0,2,10854.653159416048,0.7775467236075234
moead,3,8460,422,moead,20,18,18,0.1,8460,20,583013.4642857115,0.008355297148227692,585585.5178571398,0.008537677116692066,29,0,0,1,10880.183200602187,0.777560436623141
moead,3,8480,423,moead,20,18,18,0.1,8480,20,583013.4642857115,0.008355297148227692,585585.5178571398,0.008537677116692066,29,0,0,1,10905.857499075122,0.777563800069747
moead,3,8500,424,moead,20,10,10,0.2,8500,17,583013.4642857115,0.008343372493982315,587290.1249999969,0.008537677116692066,31,0,0,16,10931.993040912086,0.7775343405534058
moead,3,8520,425,moead,20,9,9,0.2,8520,19,583013.4642857115,0.008343372493982315,587290.1249999969,0.008537677116692066,32,0,0,4,10957.797271657037,0.7775285295738645
moead,3,8540,426,moead,20,11,11,0.2,8540,20,583013.4642857115,0.008343372493982315,587290.1249999969,0.008537677116692066,33,0,0,4,10983.594057079172,0.777523272948692
moead,3,8560,427,moead,20,11,11,0.2,8560,20,583013.4642857115,0.008343372493982315,587290.1249999969,0.008537677116692066,35,0,0,1,11009.08491517906,0.7775396471143281
moead,3,8580,428,moead,20,13,13,0.2,8580,20,583013.4642857115,0.008342446759343147,587271.4464285683,0.008537677116692066,37,0,0,5,11034.525267179124,0.7775595045778891
moead,3,8600,429,moead,20,13,13,0.2,8600,20,583013.4642857115,0.008342446759343147,587271.4464285683,0.008537677116692066,37,0,0,0,11060.236684676027,0.7775602136901204
moead,3,8620,430,moead,20,13,13,0.2,8620,20,583013.4642857115,0.008342446759343147,587271.4464285683,0.008537677116692066,37,0,0,0,11085.717058492126,0.7775771250987068
moead,3,8640,431,moead,20,13,13,0.2,8640,20,583013.4642857115,0.008342446759343147,587271.4464285683,0.008537677116692066,37,0,0,0,11111.6801204402,0.7775601804903036
moead,3,8660,432,moead,20,13,13,0.2,8660,20,583013.4642857115,0.008342446759343147,587271.4464285683,0.008537677116692066,38,0,0,0,11137.711316975998,0.777538558285355
moead,3,8680,433,moead,20,13,13,0.2,8680,20,583013.4642857115,0.008342446759343147,587271.4464285683,0.008537677116692066,38,0,0,1,11163.78414947819,0.7775141371221975
moead,3,8700,434,moead,20,14,14,0.1,8700,20,583013.4642857115,0.008342446759343147,587271.4464285683,0.008537677116692066,39,0,0,6,11189.842943135183,0.7774908052071752
moead,3,8720,435,moead,20,14,14,0.1,8720,18,583013.4642857115,0.008342446759343147,587271.4464285683,0.008537677116692066,39,0,0,4,11216.013008366106,0.7774598686267293
moead,3,8740,436,moead,20,17,17,0.1,8740,20,583013.4642857115,0.008342446759343147,587271.4464285683,0.008537677116692066,40,0,0,6,11242.293959941017,0.7774214080456099
moead,3,8760,437,moead,20,16,16,0.15,8760,20,583013.4642857115,0.008342446759343147,587271.4464285683,0.008537677116692066,43,0,0,7,11267.816344044171,0.7774354615417807
moead,3,8780,438,moead,20,17,17,0.15,8780,20,583013.4642857115,0.008341818116605282,587335.1964285683,0.008537677116692066,44,0,0,5,11293.672691499116,0.7774264616867117
moead,3,8800,439,moead,20,18,18,0.15,8800,20,583013.4642857115,0.008341818116605282,587335.1964285683,0.008537677116692066,44,0,0,3,11319.7886216091,0.7773996753968615
moead,3,8820,440,moead,20,18,18,0.15,8820,20,583013.4642857115,0.008341818116605282,587335.1964285683,0.008537677116692066,45,0,0,0,11346.22602127702,0.7773509873203908
moead,3,8840,441,moead,20,18,18,0.15,8840,20,583013.4642857115,0.008341818116605282,587335.1964285683,0.008537677116692066,45,0,0,1,11372.637377424166,0.7773043056440271
moead,3,8860,442,moead,20,18,18,0.15,8860,20,583013.4642857115,0.008341818116605282,587335.1964285683,0.008537677116692066,47,0,0,0,11398.829693274107,0.7772727761015549
moead,3,8880,443,moead,20,17,17,0.15,8880,20,583013.4642857115,0.008338694460690022,587512.982142854,0.008537677116692066,49,0,0,2,11425.171999814222,0.7772311874293352
moead,3,8900,444,moead,20,17,17,0.15,8900,20,583013.4642857115,0.008338694460690022,587512.982142854,0.008537677116692066,51,0,0,2,11451.233554801205,0.7772088445675323
moead,3,8920,445,moead,20,17,17,0.15,8920,20,583013.4642857115,0.008338694460690022,587512.982142854,0.008537677116692066,52,0,0,5,11477.271038379055,0.7771882331760094
moead,3,8940,446,moead,20,17,17,0.15,8940,19,583013.4642857115,0.008330225944519043,587758.1428571397,0.008537677116692066,57,0,0,9,11503.61197526916,0.7771472142158049
moead,3,8960,447,moead,20,18,18,0.1,8960,20,583013.4642857115,0.008330225944519043,587758.1428571397,0.008537677116692066,57,0,0,7,11529.60812679003,0.7771296215333351
moead,3,8980,448,moead,20,18,18,0.1,8980,20,583013.4642857115,0.008330225944519043,587758.1428571397,0.008537677116692066,58,0,0,1,11555.96770877717,0.7770876681473736
moead,3,9000,449,moead,20,19,19,0.1,9000,20,583013.4642857115,0.008330225944519043,587758.1428571397,0.008537677116692066,58,0,0,4,11581.945769852027,0.7770715023918633
moead,3,9020,450,moead,20,19,19,0.1,9020,20,583013.4642857115,0.008330225944519043,587758.1428571397,0.008537677116692066,52,0,0,2,11608.007971600164,0.7770497765049857
moead,3,9040,451,moead,20,19,19,0.1,9040,20,582981.7499999972,0.008330225944519043,587758.1428571397,0.00854005478322506,53,0,0,1,11634.270946088014,0.7770147387739557
moead,3,9060,452,moead,20,18,18,0.1,9060,20,582981.7499999972,0.008324146270751953,587597.3749999969,0.00854005478322506,49,0,0,3,11660.420320490142,0.776987428495988
moead,3,9080,453,moead,20,19,19,0.1,9080,20,582936.6785714258,0.008324146270751953,587597.3749999969,0.008541564457118511,49,0,0,3,11686.826200484997,0.776943187503138
moead,3,9100,454,moead,20,19,19,0.1,9100,20,582936.6785714258,0.008324146270751953,587597.3749999969,0.008541564457118511,50,0,0,1,11713.419743676204,0.7768866991138837
moead,3,9120,455,moead,20,19,19,0.1,9120,19,582936.6785714258,0.008324146270751953,587597.3749999969,0.008541564457118511,50,0,0,4,11739.355360693065,0.7768740037069272
moead,3,9140,456,moead,20,19,19,0.1,9140,20,582936.6785714258,0.008324146270751953,587597.3749999969,0.008541564457118511,52,0,0,2,11765.525082784006,0.776845906637365
moead,3,9160,457,moead,20,19,19,0.1,9160,20,582936.6785714258,0.008324146270751953,587597.3749999969,0.008541564457118511,47,0,0,1,11791.518020364223,0.7768295807359552
moead,3,9180,458,moead,20,19,19,0.1,9180,20,582936.6785714258,0.008324146270751953,587597.3749999969,0.008541564457118511,48,0,0,0,11817.31998271821,0.7768258804386224
moead,3,9200,459,moead,20,19,19,0.1,9200,20,582936.6785714258,0.008324146270751953,587597.3749999969,0.008541564457118511,48,0,0,0,11843.495617752196,0.7767976868425682
moead,3,9220,460,moead,20,19,19,0.1,9220,20,582917.9999999972,0.008324146270751953,587597.3749999969,0.008540685288608074,49,0,0,1,11869.786147341132,0.7767620987902387
moead,3,9240,461,moead,20,19,19,0.1,9240,20,582917.9999999972,0.008324146270751953,587597.3749999969,0.008540685288608074,50,0,0,1,11896.121604098007,0.7767237346344023
moead,3,9260,462,moead,20,19,19,0.1,9260,20,582917.9999999972,0.008324146270751953,587597.3749999969,0.008540685288608074,50,0,0,0,11922.115550428163,0.7767077882135979
moead,3,9280,463,moead,20,19,19,0.1,9280,20,582917.9999999972,0.008324146270751953,587597.3749999969,0.008540685288608074,50,0,0,1,11948.107031428022,0.7766920714377687
moead,3,9300,464,moead,20,19,19,0.1,9300,20,582917.9999999972,0.008324146270751953,587597.3749999969,0.008540685288608074,50,0,0,2,11974.145174697042,0.7766733962481209
moead,3,9320,465,moead,20,19,19,0.1,9320,20,582917.9999999972,0.008324146270751953,587597.3749999969,0.008540685288608074,50,0,0,0,12000.584042675095,0.7766288679665331
moead,3,9340,466,moead,20,19,19,0.1,9340,20,582917.9999999972,0.008324146270751953,587597.3749999969,0.008540685288608074,50,0,0,0,12026.803366866196,0.7765987116519815
moead,3,9360,467,moead,20,19,19,0.1,9360,20,582917.9999999972,0.008324146270751953,587597.3749999969,0.008540685288608074,51,0,0,0,12052.975585908163,0.7765717215044659
moead,3,9380,468,moead,20,19,19,0.1,9380,20,582917.9999999972,0.008324146270751953,587597.3749999969,0.008540685288608074,51,0,0,1,12079.058924614219,0.7765505623029799
moead,3,9400,469,moead,20,19,19,0.1,9400,20,582917.9999999972,0.008324146270751953,587597.3749999969,0.008540685288608074,52,0,0,0,12105.199684243184,0.776525810824548
moead,3,9420,470,moead,20,19,19,0.1,9420,20,582917.9999999972,0.008324146270751953,587597.3749999969,0.008540685288608074,52,0,0,0,12131.714156842092,0.7764772461843137
moead,3,9440,471,moead,20,19,19,0.1,9440,20,582917.9999999972,0.008324146270751953,587597.3749999969,0.008540685288608074,53,0,0,0,12157.968187267194,0.7764455256501107
moead,3,9460,472,moead,20,19,19,0.1,9460,20,582917.9999999972,0.008324146270751953,587597.3749999969,0.008540685288608074,53,0,0,0,12184.244126820005,0.7764125457053681
moead,3,9480,473,moead,20,19,19,0.1,9480,20,582917.9999999972,0.008324146270751953,587597.3749999969,0.008540685288608074,53,0,0,1,12210.611212140182,0.7763739124356592
moead,3,9500,474,moead,20,19,19,0.1,9500,20,582917.9999999972,0.008324146270751953,587597.3749999969,0.008540685288608074,54,0,0,0,12236.533044431126,0.776363694316461
moead,3,9520,475,moead,20,19,19,0.1,9520,20,582917.9999999972,0.008324146270751953,587597.3749999969,0.008540685288608074,54,0,0,0,12262.483740495052,0.7763516919954477
moead,3,9540,476,moead,20,19,19,0.1,9540,20,582917.9999999972,0.008324146270751953,587597.3749999969,0.008540685288608074,55,0,0,2,12288.733578208135,0.7763208421181397
moead,3,9560,477,moead,20,19,19,0.1,9560,20,582917.9999999972,0.008324146270751953,587597.3749999969,0.008540685288608074,54,0,0,1,12314.919574955013,0.7762941480707902
moead,3,9580,478,moead,20,19,19,0.1,9580,20,582917.9999999972,0.008324146270751953,587597.3749999969,0.008540685288608074,54,0,0,0,12341.234452904202,0.7762594606364994
moead,3,9600,479,moead,20,19,19,0.1,9600,20,582917.9999999972,0.008324146270751953,587597.3749999969,0.008540685288608074,54,0,0,0,12367.623943553073,0.7762202379224374
moead,3,9620,480,moead,20,19,19,0.1,9620,20,582917.9999999972,0.008324146270751953,587597.3749999969,0.008540685288608074,54,0,0,0,12394.19277915312,0.7761699508321931
moead,3,9640,481,moead,20,19,19,0.1,9640,20,582917.9999999972,0.008323220536112785,587578.6964285683,0.008540685288608074,54,0,0,1,12420.304052961059,0.7761484709951024
moead,3,9660,482,moead,20,19,19,0.1,9660,20,582917.9999999972,0.008323220536112785,587578.6964285683,0.008540685288608074,54,0,0,0,12446.193375459174,0.7761409218538368
moead,3,9680,483,moead,20,19,19,0.1,9680,20,582917.9999999972,0.008323220536112785,587578.6964285683,0.008540685288608074,55,0,0,1,12472.726072515128,0.7760933691417169
moead,3,9700,484,moead,20,19,19,0.1,9700,20,582917.9999999972,0.008323220536112785,587578.6964285683,0.008540685288608074,55,0,0,0,12498.67061342718,0.7760825370963372
moead,3,9720,485,moead,20,19,19,0.1,9720,20,582917.9999999972,0.008323220536112785,587578.6964285683,0.008540685288608074,55,0,0,1,12524.932005284121,0.7760521171611348
moead,3,9740,486,moead,20,19,19,0.1,9740,20,582917.9999999972,0.008323220536112785,587578.6964285683,0.008540685288608074,55,0,0,0,12551.00325871515,0.7760335806810305
moead,3,9760,487,moead,20,19,19,0.1,9760,20,582917.9999999972,0.008323220536112785,587578.6964285683,0.008540685288608074,55,0,0,0,12577.503005078062,0.775988683609098
moead,3,9780,488,moead,20,19,19,0.1,9780,20,582917.9999999972,0.008323220536112785,587578.6964285683,0.008540685288608074,55,0,0,0,12604.009047043044,0.7759435877503144
moead,3,9800,489,moead,20,19,19,0.1,9800,20,582917.9999999972,0.008323220536112785,587578.6964285683,0.008540685288608074,56,0,0,0,12629.827056984184,0.7759409496094949
moead,3,9820,490,moead,20,19,19,0.1,9820,20,582917.9999999972,0.008323220536112785,587578.6964285683,0.008540685288608074,57,0,0,0,12655.807173089124,0.7759283833654571
moead,3,9840,491,moead,20,19,19,0.1,9840,20,582917.9999999972,0.008323220536112785,587578.6964285683,0.008540685288608074,57,0,0,1,12681.585059383186,0.7759282419289788
moead,3,9860,492,moead,20,19,19,0.1,9860,20,582917.9999999972,0.008323220536112785,587578.6964285683,0.008540685288608074,57,0,0,1,12707.596475991188,0.7759138416638245
moead,3,9880,493,moead,20,19,19,0.1,9880,20,582917.9999999972,0.008323220536112785,587578.6964285683,0.008540685288608074,57,0,0,0,12734.025614206214,0.7758740479505372
moead,3,9900,494,moead,20,19,19,0.1,9900,20,582917.9999999972,0.008323220536112785,587578.6964285683,0.008540685288608074,57,0,0,0,12760.030651721172,0.7758602052154641
moead,3,9920,495,moead,20,19,19,0.1,9920,20,582917.9999999972,0.008323220536112785,587578.6964285683,0.008540685288608074,59,0,0,0,12785.951693762094,0.7758515156004921
moead,3,9940,496,moead,20,18,18,0.1,9940,20,582917.9999999972,0.008323220536112785,587578.6964285683,0.008540685288608074,59,0,0,2,12811.996567294002,0.775835362411388
moead,3,9960,497,moead,20,19,19,0.1,9960,20,582917.9999999972,0.008323220536112785,587578.6964285683,0.008540685288608074,58,0,0,1,12838.459898642031,0.7757939876459407
moead,3,9980,498,moead,20,17,17,0.2,9980,20,582917.9999999972,0.008323220536112785,587578.6964285683,0.008540685288608074,42,0,0,5,12864.28225595411,0.7757914356536179
moead,3,10000,499,moead,20,14,14,0.3,10000,20,582917.9999999972,0.008323220536112785,587578.6964285683,0.008540685288608074,41,0,0,8,12890.205859376118,0.7757828004528081
nsga2,3,20,0,nsga2,20,20,20,0.05,20,1,654551.1785714237,0.010149668902158737,1119866.1071428645,0.023375343531370163,1,0,0,0,4.361316361930221,4.585771436940302
nsga2,3,40,1,nsga2,20,20,20,0.05,40,3,632825.964285707,0.00930243544280529,838963.1428571469,0.012503350153565407,3,0,0,13,6.627253966871649,6.035682380659049
nsga2,3,60,2,nsga2,20,20,20,0.05,60,2,630109.839285707,0.009221297688782215,757690.7142857207,0.012286880984902382,2,0,0,10,9.169525521807373,6.543413817574894
nsga2,3,80,3,nsga2,20,20,19,0.1,80,3,620822.4821428508,0.008781799115240574,752178.9285714345,0.010878360830247402,3,0,0,10,11.853648603893816,6.7489768486743165
nsga2,3,100,4,nsga2,20,20,20,0.05,100,4,604450.624999995,0.008781799115240574,736307.1250000047,0.00997773464769125,4,0,0,9,14.05599805386737,7.114400529707385
nsga2,3,120,5,nsga2,20,20,20,0.05,120,4,604450.624999995,0.008781799115240574,748402.446428571,0.009897269308567047,4,0,0,7,16.735490533988923,7.170390360311588
nsga2,3,140,6,nsga2,20,20,20,0.05,140,4,604450.624999995,0.008781799115240574,816635.8571428548,0.009981665760278702,4,0,0,8,19.03581849182956,7.354556362264642
nsga2,3,160,7,nsga2,20,20,20,0.05,160,4,604450.624999995,0.008781799115240574,748402.446428571,0.009822463616728783,4,0,0,5,21.392352963797748,7.479308156085859
nsga2,3,180,8,nsga2,20,20,20,0.05,180,6,601295.3571428524,0.00821076799184084,735037.1607142906,0.009434971027076244,6,0,0,10,23.845254722982645,7.5486717206887946
nsga2,3,200,9,nsga2,20,20,20,0.05,200,6,601295.3571428524,0.008192428387701511,725635.0000000045,0.009746657684445381,6,0,0,6,26.233216597000137,7.623922108845422
nsga2,3,220,10,nsga2,20,20,20,0.05,220,6,601295.3571428524,0.008136783726513386,714333.1428571471,0.009746657684445381,6,0,0,3,28.834625855786726,7.629715783388566
nsga2,3,240,11,nsga2,20,20,20,0.05,240,10,601295.3571428524,0.008053571917116642,705018.500000003,0.009746657684445381,10,0,0,5,31.161425994941965,7.701829821233345
nsga2,3,260,12,nsga2,20,20,19,0.1,260,11,601295.3571428524,0.008025133982300758,698441.553571429,0.009746657684445381,11,0,0,5,33.53043383080512,7.754149597704652
nsga2,3,280,13,nsga2,20,20,19,0.1,280,13,601295.3571428524,0.008025133982300758,698441.553571429,0.009746657684445381,13,0,0,3,36.01596914278343,7.774329184089274
nsga2,3,300,14,nsga2,20,20,19,0.1,300,11,601295.3571428524,0.008025133982300758,698441.553571429,0.009746657684445381,11,0,0,1,38.550466395914555,7.782007016957724
nsga2,3,320,15,nsga2,20,20,17,0.15,320,13,601295.3571428524,0.008025133982300758,698441.553571429,0.009434200823307037,11,0,0,4,40.79591394192539,7.843922811866226
nsga2,3,340,16,nsga2,20,20,16,0.15,340,15,601295.3571428524,0.008025133982300758,698441.553571429,0.009434200823307037,11,0,0,3,43.38692650687881,7.8364619799951605
nsga2,3,360,17,nsga2,20,20,17,0.15,360,12,601116.0357142811,0.008025133982300758,698441.553571429,0.009370921179652214,10,0,0,4,45.76514551695436,7.866248341035708
nsga2,3,380,18,nsga2,20,20,17,0.15,380,15,601116.0357142811,0.008025133982300758,698490.8928571432,0.009370921179652214,11,0,0,7,48.29122915491462,7.868923749714233
nsga2,3,400,19,nsga2,20,20,17,0.15,400,16,601116.0357142811,0.008025133982300758,698490.8928571432,0.009370921179652214,11,0,0,3,50.71369546279311,7.887415743415231
nsga2,3,420,20,nsga2,20,20,16,0.15,420,16,601116.0357142811,0.007886078208684921,698222.660714286,0.009370921179652214,10,0,0,2,53.303248076932505,7.87944478343636
nsga2,3,440,21,nsga2,20,20,16,0.15,440,16,601116.0357142811,0.007886078208684921,698222.660714286,0.009370921179652214,10,0,0,0,55.750981913879514,7.89223767717102
nsga2,3,460,22,nsga2,20,20,15,0.15,460,19,601116.0357142811,0.007886078208684921,698222.660714286,0.009234466589987278,11,0,0,4,58.404428164009005,7.876115124494434
nsga2,3,480,23,nsga2,20,20,15,0.15,480,20,601116.0357142811,0.007886078208684921,691277.0535714282,0.009234466589987278,12,0,0,3,60.73754127579741,7.902855300322629
nsga2,3,500,24,nsga2,20,20,15,0.15,500,20,601116.0357142811,0.007886078208684921,691277.0535714282,0.009234466589987278,12,0,0,2,63.08766979491338,7.925478966419424
nsga2,3,520,25,nsga2,20,20,16,0.15,520,20,601116.0357142811,0.007886078208684921,691277.0535714282,0.009234466589987278,12,0,0,3,65.59442813601345,7.927502606193213
nsga2,3,540,26,nsga2,20,20,19,0.1,540,17,601116.0357142811,0.007886078208684921,691611.071428571,0.009234466589987278,13,0,0,7,68.04349291394465,7.936100527392736
nsga2,3,560,27,nsga2,20,20,18,0.1,560,15,601116.0357142811,0.007824595086276531,691277.0535714282,0.009234466589987278,12,0,0,5,70.48462678887881,7.944994894806732
nsga2,3,580,28,nsga2,20,20,18,0.1,580,14,601116.0357142811,0.007824595086276531,691277.0535714282,0.009234466589987278,13,0,0,2,72.78919275896624,7.96821585754645
nsga2,3,600,29,nsga2,20,20,18,0.1,600,14,601116.0357142811,0.007824595086276531,691277.0535714282,0.009234466589987278,13,0,0,2,75.20420461287722,7.978277319580373
nsga2,3,620,30,nsga2,20,20,18,0.1,620,14,601116.0357142811,0.007824595086276531,691277.0535714282,0.009234466589987278,13,0,0,0,77.58985770586878,7.990735108064312
nsga2,3,640,31,nsga2,20,20,18,0.1,640,14,601116.0357142811,0.007824595086276531,691277.0535714282,0.009514872916042805,13,0,0,2,80.04359670588747,7.995642703958178
nsga2,3,660,32,nsga2,20,20,18,0.1,660,14,601116.0357142811,0.007824595086276531,691277.0535714282,0.009299170225858688,13,0,0,3,82.50948059093207,7.999080775604047
nsga2,3,680,33,nsga2,20,20,18,0.1,680,14,601116.0357142811,0.007824595086276531,691277.0535714282,0.009299170225858688,13,0,0,3,85.2898356008809,7.972814054679414
nsga2,3,700,34,nsga2,20,20,18,0.1,700,14,601116.0357142811,0.007824595086276531,691277.0535714282,0.009299170225858688,13,0,0,3,87.93726292788051,7.960220465061404
nsga2,3,720,35,nsga2,20,20,18,0.1,720,16,601116.0357142811,0.007824595086276531,691277.0535714282,0.009299170225858688,15,0,0,3,90.36339314701036,7.967828286711708
nsga2,3,740,36,nsga2,20,20,19,0.1,740,17,601116.0357142811,0.007824595086276531,691277.0535714282,0.009299170225858688,16,0,0,3,92.75584028288722,7.977934303038432
nsga2,3,760,37,nsga2,20,20,19,0.1,760,17,594879.9642857098,0.007819200865924358,691176.7321428567,0.00938694179058075,16,0,0,5,94.97346126800403,8.002235465077646
nsga2,3,780,38,nsga2,20,20,19,0.1,780,18,594879.9642857098,0.007819200865924358,691176.7321428567,0.00938694179058075,17,0,0,2,97.47849665791728,8.001764766000296
nsga2,3,800,39,nsga2,20,20,19,0.1,800,18,594879.9642857098,0.007819200865924358,691176.7321428567,0.00938694179058075,17,0,0,0,99.81271402095445,8.015010991806614
nsga2,3,820,40,nsga2,20,20,19,0.1,820,18,594879.9642857098,0.007819200865924358,691176.7321428567,0.00938694179058075,17,0,0,0,102.41670796088874,8.006506128991614
nsga2,3,840,41,nsga2,20,20,20,0.05,840,20,594498.2142857099,0.007819200865924358,687545.3749999988,0.009373513050377369,20,0,0,5,104.66131751681678,8.025887882263955
nsga2,3,860,42,nsga2,20,20,20,0.05,860,20,594498.2142857099,0.007819200865924358,687545.3749999988,0.009373513050377369,22,0,0,4,107.02265341999009,8.035681909558841
nsga2,3,880,43,nsga2,20,20,20,0.05,880,19,594498.2142857099,0.007819200865924358,687545.3749999988,0.009902207180857658,20,0,0,4,109.37444308889098,8.045755252758681
nsga2,3,900,44,nsga2,20,20,20,0.05,900,19,594498.2142857099,0.007819200865924358,696481.2857142856,0.009373513050377369,20,0,0,1,111.83103234996088,8.047855600434461
nsga2,3,920,45,nsga2,20,20,20,0.05,920,15,594498.2142857099,0.007819200865924358,696481.2857142856,0.009393712505698204,15,0,0,4,114.26746834279038,8.051285403821995
nsga2,3,940,46,nsga2,20,20,20,0.05,940,17,592959.2142857107,0.007819200865924358,687545.3749999988,0.009396555833518505,17,1,0,4,116.76587525079958,8.041733066130295
nsga2,3,960,47,nsga2,20,20,20,0.05,960,17,592959.2142857107,0.007819200865924358,687545.3749999988,0.00975075177848339,17,1,0,1,119.39535432099365,8.032138314374734
nsga2,3,980,48,nsga2,20,20,20,0.05,980,14,591220.3392857108,0.007819200865924358,687545.3749999988,0.009396555833518505,14,1,0,3,121.70567335397936,8.043996413812126
nsga2,3,1000,49,nsga2,20,20,20,0.05,1000,17,591220.3392857108,0.007819200865924358,687545.3749999988,0.009396555833518505,15,1,0,3,124.28343978291377,8.038078136113356
nsga2,3,1020,50,nsga2,20,20,20,0.05,1020,18,591220.3392857108,0.007819200865924358,687545.3749999988,0.009396555833518505,16,1,0,2,126.98265953082591,8.024717735200928
nsga2,3,1040,51,nsga2,20,20,20,0.05,1040,18,591220.3392857108,0.007819200865924358,687545.3749999988,0.009396555833518505,16,1,0,0,129.7653885819018,8.006757513342876
nsga2,3,1060,52,nsga2,20,20,19,0.1,1060,20,591220.3392857108,0.007819200865924358,687545.3749999988,0.009298243559896946,16,1,0,2,132.14847789378837,8.01371318745835
nsga2,3,1080,53,nsga2,20,20,19,0.1,1080,20,591220.3392857108,0.007819200865924358,687545.3749999988,0.009298243559896946,16,1,0,0,134.9863498969935,7.993400820330147
nsga2,3,1100,54,nsga2,20,20,19,0.1,1100,20,591220.3392857108,0.007819200865924358,687545.3749999988,0.009298243559896946,17,1,0,2,137.91560206678696,7.9686415715880985
nsga2,3,1120,55,nsga2,20,20,19,0.1,1120,20,591220.3392857108,0.007819200865924358,687545.3749999988,0.009298243559896946,17,1,0,0,140.46063157380559,7.966645083836299
nsga2,3,1140,56,nsga2,20,20,20,0.05,1140,19,591220.3392857108,0.007819200865924358,693160.3928571425,0.009298243559896946,17,1,0,2,142.8664901938755,7.972478349921887
nsga2,3,1160,57,nsga2,20,20,20,0.05,1160,19,591220.3392857108,0.007819200865924358,693160.3928571425,0.009298243559896946,17,1,0,0,145.59867956489325,7.9602370259369994
nsga2,3,1180,58,nsga2,20,20,20,0.05,1180,18,591220.3392857108,0.007819200865924358,687545.3749999988,0.009674878790974617,16,1,0,2,148.13705390901305,7.958846007050681
nsga2,3,1200,59,nsga2,20,20,20,0.05,1200,19,591220.3392857108,0.007819200865924358,687545.3749999988,0.009674878790974617,16,1,0,1,150.53711378690787,7.96481325991967
nsga2,3,1220,60,nsga2,20,20,18,0.1,1220,20,591220.3392857108,0.007819200865924358,687545.3749999988,0.009298243559896946,16,1,0,4,152.95662932400592,7.969579385917358
nsga2,3,1240,61,nsga2,20,20,18,0.1,1240,20,591220.3392857108,0.007819200865924358,687545.3749999988,0.009298243559896946,16,1,0,0,155.50659495196305,7.967507747068443
nsga2,3,1260,62,nsga2,20,20,19,0.1,1260,19,591220.3392857108,0.007819200865924358,687545.3749999988,0.009298243559896946,16,1,0,2,157.94702222687192,7.971027134602118
nsga2,3,1280,63,nsga2,20,20,19,0.1,1280,19,591220.3392857108,0.007819200865924358,687545.3749999988,0.009298243559896946,16,1,0,0,160.38913182192482,7.974355777547538
nsga2,3,1300,64,nsga2,20,20,20,0.05,1300,20,591220.3392857108,0.007819200865924358,687545.3749999988,0.009298243559896946,18,1,0,3,162.96600689087063,7.970987476362901
nsga2,3,1320,65,nsga2,20,20,20,0.05,1320,20,591220.3392857108,0.007819200865924358,687545.3749999988,0.009298243559896946,18,1,0,1,165.3824439458549,7.9754535519612455
nsga2,3,1340,66,nsga2,20,20,20,0.05,1340,18,591220.3392857108,0.007819200865924358,687545.3749999988,0.009918474592268467,16,1,0,4,167.98673291597515,7.970867560533788
nsga2,3,1360,67,nsga2,20,20,20,0.05,1360,20,591220.3392857108,0.007781690452247858,689017.9464285703,0.009298243559896946,18,1,0,4,170.28720238478854,7.9806349565197685
nsga2,3,1380,68,nsga2,20,20,20,0.05,1380,18,591220.3392857108,0.007781690452247858,689017.9464285703,0.009789906442165375,16,1,0,2,172.90190129890107,7.975620797923318
nsga2,3,1400,69,nsga2,20,20,20,0.05,1400,18,591220.3392857108,0.007781690452247858,689017.9464285703,0.009468257427215576,16,1,0,2,175.30612867884338,7.980325676821798
nsga2,3,1420,70,nsga2,20,20,18,0.1,1420,20,591220.3392857108,0.007781690452247858,689017.9464285703,0.009298243559896946,16,1,0,4,177.79252660181373,7.981212861539503
nsga2,3,1440,71,nsga2,20,20,19,0.1,1440,20,591220.3392857108,0.007781690452247858,689017.9464285703,0.009298243559896946,17,1,0,2,180.2788950749673,7.9820768781703775
nsga2,3,1460,72,nsga2,20,20,19,0.1,1460,19,590551.8928571396,0.007781690452247858,689017.9464285703,0.009307513013482094,17,1,0,2,182.6765120117925,7.986795806052043
nsga2,3,1480,73,nsga2,20,20,18,0.1,1480,20,590551.8928571396,0.007781690452247858,689017.9464285703,0.009307513013482094,17,1,0,1,185.1630717657972,7.987553813487753
nsga2,3,1500,74,nsga2,20,20,20,0.05,1500,20,589531.982142854,0.007781690452247858,689017.9464285703,0.00961101520806551,18,1,0,2,187.63534713280387,7.988899868312355
nsga2,3,1520,75,nsga2,20,20,20,0.05,1520,20,589531.982142854,0.007781690452247858,689017.9464285703,0.00961101520806551,21,1,0,4,190.04813925595954,7.992711772642979
nsga2,3,1540,76,nsga2,20,20,20,0.05,1540,20,589531.982142854,0.007781690452247858,689017.9464285703,0.00961101520806551,21,1,0,1,192.45741254789755,7.996574305065978
nsga2,3,1560,77,nsga2,20,20,20,0.05,1560,20,589531.982142854,0.007781690452247858,689017.9464285703,0.00961101520806551,21,1,0,2,194.82627387391403,8.00200080307926
nsga2,3,1580,78,nsga2,20,20,20,0.05,1580,20,589531.982142854,0.007781690452247858,689017.9464285703,0.00961101520806551,24,1,0,3,197.15258757397532,8.00902498633212
nsga2,3,1600,79,nsga2,20,20,19,0.1,1600,20,589531.982142854,0.007781690452247858,689017.9464285703,0.00961101520806551,24,1,0,1,199.7600345048122,8.004604143985969
nsga2,3,1620,80,nsga2,20,20,20,0.05,1620,20,588110.4821428541,0.007781690452247858,689017.9464285703,0.009646150283515453,25,1,0,2,202.31616044486873,8.002326637872205
nsga2,3,1640,81,nsga2,20,20,20,0.05,1640,20,588110.4821428541,0.007781690452247858,689017.9464285703,0.009646150283515453,25,1,0,3,204.91795987496153,7.998322845884753
nsga2,3,1660,82,nsga2,20,20,20,0.05,1660,20,587988.7321428541,0.007781690452247858,689017.9464285703,0.009588062763214111,26,1,0,2,207.46314164088108,7.996601164325038
nsga2,3,1680,83,nsga2,20,20,20,0.05,1680,18,587988.7321428541,0.007781690452247858,689017.9464285703,0.009588062763214111,24,1,0,4,209.94818379287608,7.997211357905405
nsga2,3,1700,84,nsga2,20,20,20,0.05,1700,19,587809.6785714254,0.007781690452247858,689017.9464285703,0.009588062763214111,25,1,0,3,212.8792057938408,7.981051947578981
nsga2,3,1720,85,nsga2,20,20,20,0.05,1720,20,587809.6785714254,0.007781690452247858,689017.9464285703,0.009575139731168747,28,1,0,2,215.35302231181413,7.982242280821228
nsga2,3,1740,86,nsga2,20,20,20,0.05,1740,20,587809.6785714254,0.007781690452247858,689017.9464285703,0.009575139731168747,30,1,0,2,217.8771073599346,7.981563648755255
nsga2,3,1760,87,nsga2,20,20,20,0.05,1760,20,587809.6785714254,0.007781690452247858,689017.9464285703,0.009575139731168747,30,1,0,0,220.49418952479027,7.977534481933524
nsga2,3,1780,88,nsga2,20,20,20,0.05,1780,20,587809.6785714254,0.007781690452247858,689017.9464285703,0.009575139731168747,29,1,0,4,223.41664064186625,7.9627014124328905
nsga2,3,1800,89,nsga2,20,20,20,0.05,1800,20,587809.6785714254,0.007781690452247858,689017.9464285703,0.009575139731168747,30,2,0,1,226.44710489199497,7.94004410371051
nsga2,3,1820,90,nsga2,20,20,20,0.05,1820,20,587809.6785714254,0.007781690452247858,689017.9464285703,0.009575139731168747,27,2,0,4,229.38005198398605,7.925710994811885
nsga2,3,1840,91,nsga2,20,20,20,0.05,1840,20,587809.6785714254,0.007741143926978111,711376.3928571466,0.009575139731168747,28,2,0,2,231.79300157679245,7.929488757196473
nsga2,3,1860,92,nsga2,20,20,20,0.05,1860,18,587809.6785714254,0.007741143926978111,711376.3928571466,0.009619244374334812,25,2,0,4,234.32601604890078,7.9291238392081045
nsga2,3,1880,93,nsga2,20,20,20,0.05,1880,20,587809.6785714254,0.007740709464997053,711471.7500000037,0.009575139731168747,23,2,0,4,236.84315245389007,7.929298274163191
nsga2,3,1900,94,nsga2,20,20,19,0.1,1900,20,587809.6785714254,0.007740709464997053,711471.7500000037,0.009575139731168747,22,2,0,3,239.33310538786463,7.930369670021579
nsga2,3,1920,95,nsga2,20,20,19,0.1,1920,20,587809.6785714254,0.007740709464997053,711471.7500000037,0.009575139731168747,22,2,0,0,241.87005160097033,7.929877995661309
nsga2,3,1940,96,nsga2,20,20,19,0.1,1940,20,587809.6785714254,0.007740709464997053,711471.7500000037,0.009575139731168747,22,2,0,0,244.80871881498024,7.916384716120701
nsga2,3,1960,97,nsga2,20,20,19,0.1,1960,18,587356.7499999972,0.007740709464997053,711471.7500000037,0.009575139731168747,19,2,0,5,247.34980108984746,7.915914997193691
nsga2,3,1980,98,nsga2,20,20,19,0.1,1980,19,587356.7499999972,0.007740709464997053,711471.7500000037,0.009575139731168747,20,2,0,1,249.79628297686577,7.918452494279858
nsga2,3,2000,99,nsga2,20,20,19,0.1,2000,18,587356.7499999972,0.007740709464997053,711471.7500000037,0.009500243701040745,19,2,0,2,252.4331376599148,7.914967181098716
nsga2,3,2020,100,nsga2,20,20,19,0.1,2020,15,586137.5892857114,0.007740709464997053,711471.7500000037,0.009500243701040745,14,2,0,3,254.97496766480617,7.914502425402373
nsga2,3,2040,101,nsga2,20,20,19,0.1,2040,17,586137.5892857114,0.007740709464997053,711471.7500000037,0.009500243701040745,15,2,0,3,257.39364177081734,7.91783350194264
nsga2,3,2060,102,nsga2,20,20,19,0.1,2060,11,586137.5892857114,0.007667579222470522,711471.7500000037,0.009500243701040745,9,2,0,7,259.9585711148102,7.916646068542547
nsga2,3,2080,103,nsga2,20,20,19,0.1,2080,12,586137.5892857114,0.007667579222470522,711471.7500000037,0.009500243701040745,9,2,0,3,262.5166418568697,7.915688640924239
nsga2,3,2100,104,nsga2,20,20,19,0.1,2100,12,585047.553571426,0.007667579222470522,711471.7500000037,0.009335972368717194,9,2,0,6,264.97241508681327,7.91780532819852
nsga2,3,2120,105,nsga2,20,20,19,0.1,2120,13,585047.553571426,0.007667579222470522,711471.7500000037,0.009335972368717194,10,2,0,4,267.4437274239026,7.919422976942495
nsga2,3,2140,106,nsga2,20,20,19,0.1,2140,14,585047.553571426,0.007667579222470522,689037.2678571419,0.009335972368717194,10,2,0,4,269.96892557293177,7.919429969440768
nsga2,3,2160,107,nsga2,20,20,18,0.1,2160,16,585047.553571426,0.007667579222470522,689037.2678571419,0.009279666468501091,11,2,0,3,272.5361439578701,7.9182157957499895
nsga2,3,2180,108,nsga2,20,20,18,0.15,2180,20,585047.553571426,0.007667579222470522,676319.3035714251,0.009188714437186718,13,2,0,5,275.257707295008,7.912584978649568
nsga2,3,2200,109,nsga2,20,20,19,0.1,2200,20,585047.553571426,0.007663018070161343,675408.714285711,0.009188714437186718,13,2,0,3,277.90285525098443,7.9092386366988
nsga2,3,2220,110,nsga2,20,20,20,0.05,2220,20,585047.553571426,0.007663018070161343,675408.714285711,0.009188714437186718,14,2,0,2,280.81706806481816,7.898380306029125
nsga2,3,2240,111,nsga2,20,20,20,0.05,2240,20,585047.553571426,0.007663018070161343,675408.714285711,0.009188714437186718,14,2,0,2,283.66448718192987,7.889602333494237
nsga2,3,2260,112,nsga2,20,20,20,0.05,2260,20,585047.553571426,0.007663018070161343,675408.714285711,0.009188714437186718,14,2,0,0,286.2057605169248,7.889428905699727
nsga2,3,2280,113,nsga2,20,20,20,0.05,2280,20,585047.553571426,0.007663018070161343,675408.714285711,0.009188714437186718,14,2,0,0,288.7920933899004,7.888027588499297
nsga2,3,2300,114,nsga2,20,20,20,0.05,2300,20,584904.5178571402,0.007663018070161343,675408.714285711,0.009187843650579453,15,2,0,3,291.22629067185335,7.890771106889282
nsga2,3,2320,115,nsga2,20,20,20,0.05,2320,20,584809.053571426,0.007663018070161343,675408.714285711,0.009184321388602257,15,2,0,1,293.7281890709419,7.891649784556945
nsga2,3,2340,116,nsga2,20,20,20,0.05,2340,20,584809.053571426,0.007663018070161343,675408.714285711,0.009184321388602257,19,2,0,4,296.24360882584006,7.892153384394183
nsga2,3,2360,117,nsga2,20,20,20,0.05,2360,20,584809.053571426,0.007663018070161343,675408.714285711,0.009184321388602257,20,2,0,2,298.7172013928648,7.893753653974623
nsga2,3,2380,118,nsga2,20,20,20,0.05,2380,20,584094.6428571403,0.007663018070161343,675408.714285711,0.009188243187963963,19,2,0,5,301.2765088248998,7.893081373238031
nsga2,3,2400,119,nsga2,20,20,20,0.05,2400,19,584094.6428571403,0.007660272531211376,674171.8749999965,0.00922240037471056,18,2,0,2,303.82842627493665,7.892612384563489
nsga2,3,2420,120,nsga2,20,20,20,0.05,2420,19,584094.6428571403,0.007660272531211376,674171.8749999965,0.00922240037471056,18,2,0,0,306.2777132629417,7.894795785954328
nsga2,3,2440,121,nsga2,20,20,20,0.05,2440,20,584094.6428571403,0.007660272531211376,674171.8749999965,0.009188243187963963,18,3,0,1,308.8490585889667,7.8905858128040895
nsga2,3,2460,122,nsga2,20,20,19,0.1,2460,20,584094.6428571403,0.007660272531211376,674171.8749999965,0.009188243187963963,19,3,0,2,311.3995528179221,7.890184741005805
nsga2,3,2480,123,nsga2,20,20,19,0.1,2480,20,584094.6428571403,0.007660272531211376,674171.8749999965,0.009188243187963963,20,3,0,1,313.9226273158565,7.890479323453612
nsga2,3,2500,124,nsga2,20,20,19,0.1,2500,20,584094.6428571403,0.007660272531211376,674171.8749999965,0.009188243187963963,19,3,0,0,316.3476245738566,7.893215583216855
nsga2,3,2520,125,nsga2,20,20,19,0.1,2520,20,584094.6428571403,0.007660272531211376,674171.8749999965,0.009188243187963963,20,3,0,1,318.96776222996414,7.891079595013538
nsga2,3,2540,126,nsga2,20,20,20,0.05,2540,20,584094.6428571403,0.007660272531211376,674171.8749999965,0.009188243187963963,20,3,0,2,321.60999736585654,7.8884363694514255
nsga2,3,2560,127,nsga2,20,20,19,0.1,2560,20,584094.6428571403,0.007660272531211376,674171.8749999965,0.009188243187963963,21,3,0,2,324.1685053969268,7.887872996388381
nsga2,3,2580,128,nsga2,20,20,19,0.1,2580,20,584094.6428571403,0.007660272531211376,674171.8749999965,0.009188243187963963,21,3,0,0,326.5872382929083,7.890694117351733
nsga2,3,2600,129,nsga2,20,20,19,0.1,2600,20,584094.6428571403,0.007660272531211376,674171.8749999965,0.009188243187963963,22,3,0,1,329.209796119947,7.888586641734646
nsga2,3,2620,130,nsga2,20,20,19,0.1,2620,20,584094.6428571403,0.007660272531211376,674171.8749999965,0.009188243187963963,23,3,0,1,331.6721355638001,7.89032215670284
nsga2,3,2640,131,nsga2,20,20,19,0.1,2640,20,584094.6428571403,0.007660272531211376,674171.8749999965,0.009188243187963963,23,3,0,1,334.30057377391495,7.888110900411987
nsga2,3,2660,132,nsga2,20,20,19,0.1,2660,20,584094.6428571403,0.007660272531211376,674171.8749999965,0.009188243187963963,24,3,0,1,336.7994636418298,7.888967432636987
nsga2,3,2680,133,nsga2,20,20,20,0.05,2680,20,584094.6428571403,0.0076521760784089565,674825.1249999965,0.009188243187963963,21,3,0,6,339.16024341387674,7.8930241736301054
nsga2,3,2700,134,nsga2,20,20,20,0.05,2700,20,584094.6428571403,0.0076521760784089565,674825.1249999965,0.009188243187963963,21,3,0,0,341.6730615978595,7.893510794755896
nsga2,3,2720,135,nsga2,20,20,20,0.05,2720,20,584094.6428571403,0.0076521760784089565,674825.1249999965,0.009188243187963963,21,3,0,1,344.1591183808632,7.894604137709452
nsga2,3,2740,136,nsga2,20,20,20,0.05,2740,19,583918.4999999974,0.0076521760784089565,674825.1249999965,0.009188243187963963,20,3,0,1,346.771936153993,7.892795565741989
nsga2,3,2760,137,nsga2,20,20,20,0.05,2760,20,583918.4999999974,0.0076521760784089565,674825.1249999965,0.009156381711363792,20,3,0,1,349.30722973681986,7.892765351799959
nsga2,3,2780,138,nsga2,20,20,20,0.05,2780,20,583918.4999999974,0.0076521760784089565,674825.1249999965,0.009156381711363792,20,3,0,0,351.68532086582854,7.896263606235227
nsga2,3,2800,139,nsga2,20,20,20,0.05,2800,20,583918.4999999974,0.0076521760784089565,674825.1249999965,0.009156381711363792,21,3,0,2,354.3113473649137,7.89418690877914
nsga2,3,2820,140,nsga2,20,20,20,0.05,2820,20,583918.4999999974,0.0076521760784089565,674825.1249999965,0.009156381711363792,21,3,0,0,356.8582609219011,7.8938903998540315
nsga2,3,2840,141,nsga2,20,20,20,0.05,2840,20,583918.4999999974,0.0076521760784089565,674825.1249999965,0.009156381711363792,22,3,0,1,359.4058477298822,7.893583306780799
nsga2,3,2860,142,nsga2,20,20,20,0.05,2860,20,583918.4999999974,0.0076521760784089565,674825.1249999965,0.009156381711363792,22,3,0,1,361.9131697609555,7.894158706319129
nsga2,3,2880,143,nsga2,20,20,20,0.05,2880,20,583918.4999999974,0.0076521760784089565,674825.1249999965,0.009156381711363792,23,3,0,2,364.3409159698058,7.896450477822334
nsga2,3,2900,144,nsga2,20,20,19,0.1,2900,20,583918.4999999974,0.0076521760784089565,674825.1249999965,0.009156381711363792,26,3,0,3,366.87694274284877,7.8963806728801815
nsga2,3,2920,145,nsga2,20,20,19,0.1,2920,20,583918.4999999974,0.0076521760784089565,674825.1249999965,0.009156381711363792,26,3,0,0,369.3523079419974,7.89760869846272
nsga2,3,2940,146,nsga2,20,20,19,0.1,2940,20,583918.4999999974,0.0076521760784089565,674825.1249999965,0.009156381711363792,27,3,0,2,371.8612651838921,7.898106834406645
nsga2,3,2960,147,nsga2,20,20,19,0.1,2960,20,583918.4999999974,0.0076521760784089565,674825.1249999965,0.009156381711363792,28,3,0,0,374.35116562782787,7.899000381208343
nsga2,3,2980,148,nsga2,20,20,19,0.1,2980,20,583918.4999999974,0.0076521760784089565,674825.1249999965,0.009156381711363792,28,3,0,1,376.8162502218038,7.900402379800926
nsga2,3,3000,149,nsga2,20,20,19,0.1,3000,20,583918.4999999974,0.0076521760784089565,674825.1249999965,0.009156381711363792,28,3,0,1,379.4082730268128,7.899142462263077
nsga2,3,3020,150,nsga2,20,20,19,0.1,3020,20,583918.4999999974,0.0076521760784089565,674825.1249999965,0.009156381711363792,28,3,0,3,382.01622138894163,7.897570393819236
nsga2,3,3040,151,nsga2,20,20,19,0.1,3040,20,583918.4999999974,0.0076521760784089565,674825.1249999965,0.009156381711363792,29,3,0,1,384.510775674833,7.898348218382005
nsga2,3,3060,152,nsga2,20,20,19,0.1,3060,20,583918.4999999974,0.0076521760784089565,674825.1249999965,0.009156381711363792,29,3,0,1,387.1482403278351,7.896200167179757
nsga2,3,3080,153,nsga2,20,20,19,0.1,3080,20,583918.4999999974,0.0076521760784089565,674825.1249999965,0.009156381711363792,27,3,0,2,389.63155792979524,7.897204262274929
nsga2,3,3100,154,nsga2,20,20,19,0.1,3100,20,583918.4999999974,0.0076521760784089565,674825.1249999965,0.009156381711363792,27,3,0,1,392.0502110859379,7.899498361247237
nsga2,3,3120,155,nsga2,20,20,19,0.1,3120,19,583918.4999999974,0.0076521760784089565,674825.1249999965,0.009404364973306656,25,3,0,2,394.7132122188341,7.896872725587648
nsga2,3,3140,156,nsga2,20,20,19,0.1,3140,20,583918.4999999974,0.0076521760784089565,674825.1249999965,0.009156381711363792,25,3,0,1,397.3589511557948,7.894625227078523
nsga2,3,3160,157,nsga2,20,20,19,0.1,3160,20,583918.4999999974,0.0076521760784089565,674825.1249999965,0.009156381711363792,25,3,0,2,399.794030088,7.896566137581149
nsga2,3,3180,158,nsga2,20,20,20,0.05,3180,20,583918.4999999974,0.0076521760784089565,674825.1249999965,0.009156381711363792,25,3,0,1,402.2816968020052,7.897451028112906
nsga2,3,3200,159,nsga2,20,20,20,0.05,3200,20,583918.4999999974,0.0076521760784089565,674825.1249999965,0.009156381711363792,25,3,0,1,404.83921845280565,7.896962187157003
nsga2,3,3220,160,nsga2,20,20,20,0.05,3220,20,583918.4999999974,0.007619904354214668,694104.8749999995,0.009156381711363792,26,3,0,2,407.4148473117966,7.896128531462217
nsga2,3,3240,161,nsga2,20,20,20,0.05,3240,20,583918.4999999974,0.007619904354214668,694104.8749999995,0.009156381711363792,26,3,0,1,410.03056474681944,7.894533428254897
nsga2,3,3260,162,nsga2,20,20,20,0.05,3260,20,583918.4999999974,0.007619904354214668,694104.8749999995,0.009156381711363792,27,3,0,2,412.44575583096594,7.896796012455096
nsga2,3,3280,163,nsga2,20,20,20,0.05,3280,20,583918.4999999974,0.007619904354214668,694104.8749999995,0.009156381711363792,26,3,0,1,415.02952231280506,7.895823848237346
nsga2,3,3300,164,nsga2,20,20,20,0.05,3300,20,583918.4999999974,0.007619904354214668,694104.8749999995,0.009156381711363792,26,3,0,1,417.90295748994686,7.88939140273807
nsga2,3,3320,165,nsga2,20,20,20,0.05,3320,20,583918.4999999974,0.007604544050991535,686024.8214285696,0.009156381711363792,26,3,0,1,420.57026000483893,7.886910500903786
nsga2,3,3340,166,nsga2,20,20,20,0.05,3340,20,583918.4999999974,0.007604544050991535,686024.8214285696,0.009156381711363792,26,3,0,0,423.10744445887394,7.886885574107067
nsga2,3,3360,167,nsga2,20,20,20,0.05,3360,20,583918.4999999974,0.007604544050991535,686024.8214285696,0.009156381711363792,27,3,0,3,425.54883970390074,7.888636242871251
nsga2,3,3380,168,nsga2,20,20,20,0.05,3380,20,583918.4999999974,0.007604544050991535,686024.8214285696,0.009156381711363792,27,3,0,0,428.0718721409794,7.888862174265523
nsga2,3,3400,169,nsga2,20,20,19,0.1,3400,20,583918.4999999974,0.007604544050991535,686024.8214285696,0.009156381711363792,27,3,0,3,430.7111667348072,7.886955951832946
nsga2,3,3420,170,nsga2,20,20,19,0.1,3420,20,583918.4999999974,0.007604544050991535,686024.8214285696,0.009156381711363792,28,3,0,2,433.1689903368242,7.888376306307162
nsga2,3,3440,171,nsga2,20,20,19,0.1,3440,19,583918.4999999974,0.007604544050991535,686024.8214285696,0.009156381711363792,27,3,0,2,435.6966595358681,7.888515839578187
nsga2,3,3460,172,nsga2,20,20,18,0.1,3460,20,583918.4999999974,0.007604544050991535,686024.8214285696,0.009156381711363792,27,3,0,2,438.25701978895813,7.888065322181746
nsga2,3,3480,173,nsga2,20,20,18,0.1,3480,20,583918.4999999974,0.007604544050991535,686024.8214285696,0.009156381711363792,27,3,0,1,440.78963091992773,7.888116589184511
nsga2,3,3500,174,nsga2,20,20,18,0.1,3500,20,583918.4999999974,0.007604544050991535,686024.8214285696,0.009156381711363792,28,3,0,0,443.3219173508696,7.888173047921471
nsga2,3,3520,175,nsga2,20,20,18,0.1,3520,20,583918.4999999974,0.007604544050991535,686024.8214285696,0.009156381711363792,28,3,0,1,445.8777882219292,7.88781162216016
nsga2,3,3540,176,nsga2,20,20,18,0.1,3540,20,583918.4999999974,0.007604544050991535,686024.8214285696,0.009156381711363792,28,3,0,0,448.3886109748855,7.88824674273029
nsga2,3,3560,177,nsga2,20,20,18,0.1,3560,20,583918.4999999974,0.007604544050991535,686024.8214285696,0.009156381711363792,28,3,0,0,451.0348778308835,7.886308076897115
nsga2,3,3580,178,nsga2,20,20,18,0.1,3580,20,583918.4999999974,0.007604544050991535,686024.8214285696,0.009156381711363792,28,3,0,0,453.806240987964,7.8822186142981465
nsga2,3,3600,179,nsga2,20,20,18,0.1,3600,20,583918.4999999974,0.007604544050991535,686024.8214285696,0.009156381711363792,28,3,0,0,456.41382430982776,7.881005807480199
nsga2,3,3620,180,nsga2,20,20,18,0.1,3620,20,583918.4999999974,0.007604544050991535,686024.8214285696,0.009156381711363792,28,3,0,1,458.84685169090517,7.882804440459655
nsga2,3,3640,181,nsga2,20,20,18,0.1,3640,20,583874.0178571403,0.007604544050991535,686024.8214285696,0.009184529073536396,29,3,0,1,461.3561719029676,7.883280253948643
nsga2,3,3660,182,nsga2,20,20,18,0.1,3660,20,583874.0178571403,0.007604544050991535,686024.8214285696,0.009184529073536396,29,3,0,1,463.7816714919172,7.885175772979494
nsga2,3,3680,183,nsga2,20,20,18,0.1,3680,20,583874.0178571403,0.007604544050991535,686024.8214285696,0.009184529073536396,29,3,0,0,466.1892502538394,7.887354755601676
nsga2,3,3700,184,nsga2,20,20,19,0.1,3700,20,583874.0178571403,0.007604544050991535,686024.8214285696,0.009184529073536396,30,3,0,3,468.6285496877972,7.888977320018085
nsga2,3,3720,185,nsga2,20,20,19,0.1,3720,20,583874.0178571403,0.007604544050991535,686024.8214285696,0.009184529073536396,31,3,0,1,471.1649611007888,7.888956749491569
nsga2,3,3740,186,nsga2,20,20,19,0.1,3740,20,583874.0178571403,0.007604544050991535,686024.8214285696,0.009184529073536396,31,3,0,2,473.53809905797243,7.891656463195164
nsga2,3,3760,187,nsga2,20,20,19,0.1,3760,20,583874.0178571403,0.007590819615870714,686200.9642857126,0.009184529073536396,32,3,0,2,476.1463641098235,7.890430932983971
nsga2,3,3780,188,nsga2,20,20,19,0.1,3780,20,583874.0178571403,0.007590819615870714,686200.9642857126,0.009184529073536396,32,3,0,0,478.62462437991053,7.891361638347275
nsga2,3,3800,189,nsga2,20,20,19,0.1,3800,20,582460.0357142834,0.007590819615870714,686200.9642857126,0.009227436035871506,33,3,0,1,481.1596059817821,7.891352376208746
nsga2,3,3820,190,nsga2,20,20,19,0.1,3820,20,582460.0357142834,0.007590819615870714,686200.9642857126,0.009227436035871506,33,3,0,0,483.7556584889535,7.890346982033619
nsga2,3,3840,191,nsga2,20,20,19,0.1,3840,20,582460.0357142834,0.007590819615870714,686200.9642857126,0.009227436035871506,33,3,0,0,486.34157795086503,7.889516697640133
nsga2,3,3860,192,nsga2,20,20,19,0.1,3860,20,582460.0357142834,0.007590819615870714,686200.9642857126,0.009227436035871506,33,3,0,1,488.84965309291147,7.889951390160715
nsga2,3,3880,193,nsga2,20,20,19,0.1,3880,20,582460.0357142834,0.007590819615870714,686200.9642857126,0.009227436035871506,33,3,0,0,491.3490325207822,7.890521286079906
nsga2,3,3900,194,nsga2,20,20,19,0.1,3900,20,582460.0357142834,0.007590819615870714,686200.9642857126,0.009227436035871506,34,3,0,1,493.80884306295775,7.8917177258876166
nsga2,3,3920,195,nsga2,20,20,19,0.1,3920,20,582460.0357142834,0.007590819615870714,686200.9642857126,0.009227436035871506,34,3,0,2,496.34599444596097,7.891672429778132
nsga2,3,3940,196,nsga2,20,20,20,0.05,3940,20,582460.0357142834,0.007590819615870714,686200.9642857126,0.009227436035871506,35,3,0,3,498.8028243877925,7.8928983708784966
nsga2,3,3960,197,nsga2,20,20,20,0.05,3960,20,582460.0357142834,0.007590819615870714,686200.9642857126,0.009227436035871506,35,3,0,0,501.3644813008141,7.892461767003069
nsga2,3,3980,198,nsga2,20,20,20,0.05,3980,20,582460.0357142834,0.007590819615870714,686200.9642857126,0.009227436035871506,35,3,0,0,503.88165116589516,7.892726378898514
nsga2,3,4000,199,nsga2,20,20,20,0.05,4000,20,582460.0357142834,0.007590819615870714,686200.9642857126,0.009227436035871506,35,3,0,2,506.4257308219094,7.892568952831491
nsga2,3,4020,200,nsga2,20,20,20,0.05,4020,20,582460.0357142834,0.007590819615870714,686200.9642857126,0.009227436035871506,35,3,0,0,508.8166358668823,7.894789039584264
nsga2,3,4040,201,nsga2,20,20,20,0.05,4040,20,582460.0357142834,0.007590819615870714,686200.9642857126,0.009227436035871506,35,3,0,0,511.2817442009691,7.895842254858956
nsga2,3,4060,202,nsga2,20,20,20,0.05,4060,20,582460.0357142834,0.007590819615870714,686200.9642857126,0.009227436035871506,35,3,0,0,513.7431869639549,7.896941707345008
nsga2,3,4080,203,nsga2,20,20,20,0.05,4080,20,582460.0357142834,0.007590819615870714,686200.9642857126,0.009227436035871506,35,3,0,1,516.4195543429814,7.894743655063552
nsga2,3,4100,204,nsga2,20,20,20,0.05,4100,20,582460.0357142834,0.007590819615870714,686200.9642857126,0.009227436035871506,35,3,0,0,519.0691455008928,7.89297540705577
nsga2,3,4120,205,nsga2,20,20,19,0.1,4120,20,582460.0357142834,0.007590819615870714,686200.9642857126,0.009227436035871506,35,3,0,1,521.5297806039453,7.8940841982837595
nsga2,3,4140,206,nsga2,20,20,19,0.1,4140,20,582460.0357142834,0.007590819615870714,686200.9642857126,0.009227436035871506,33,3,0,2,524.16738621681,7.8925169874815975
nsga2,3,4160,207,nsga2,20,20,18,0.1,4160,20,582460.0357142834,0.007590819615870714,686200.9642857126,0.009227436035871506,34,3,0,2,527.0524133888539,7.887261104206362
nsga2,3,4180,208,nsga2,20,20,18,0.1,4180,20,582460.0357142834,0.007590819615870714,686200.9642857126,0.009227436035871506,34,3,0,0,529.7667095828801,7.8846026457359395
nsga2,3,4200,209,nsga2,20,20,19,0.1,4200,20,582460.0357142834,0.007590819615870714,686200.9642857126,0.009227436035871506,34,3,0,1,532.3985479038674,7.88319204949791
nsga2,3,4220,210,nsga2,20,20,20,0.05,4220,20,582412.3035714262,0.007590819615870714,686200.9642857126,0.009227552451193333,36,3,0,2,534.9393720990047,7.8831363327273145
nsga2,3,4240,211,nsga2,20,20,20,0.05,4240,20,582412.3035714262,0.007590819615870714,686200.9642857126,0.009227552451193333,38,3,0,3,537.4117876458913,7.884084602163254
nsga2,3,4260,212,nsga2,20,20,19,0.1,4260,20,582412.3035714262,0.007590819615870714,686200.9642857126,0.009227552451193333,39,3,0,2,539.9729517889209,7.883728223602004
nsga2,3,4280,213,nsga2,20,20,18,0.1,4280,20,582412.3035714262,0.007590819615870714,686200.9642857126,0.009227552451193333,36,3,0,2,542.5701870860066,7.882851107191451
nsga2,3,4300,214,nsga2,20,20,19,0.1,4300,20,582412.3035714262,0.0075651067309081554,687517.0714285702,0.009227552451193333,40,3,0,2,545.2306825288106,7.881067844660305
nsga2,3,4320,215,nsga2,20,20,19,0.1,4320,20,582412.3035714262,0.0075651067309081554,687517.0714285702,0.009227552451193333,40,3,0,1,547.6634651098866,7.882578033818287
nsga2,3,4340,216,nsga2,20,20,19,0.1,4340,20,582412.3035714262,0.0075651067309081554,687517.0714285702,0.009227552451193333,40,3,0,0,550.2513969638385,7.881851866129873
nsga2,3,4360,217,nsga2,20,20,20,0.05,4360,20,582412.3035714262,0.0075651067309081554,687517.0714285702,0.009227552451193333,41,3,0,1,552.7799662428442,7.881978845242569
nsga2,3,4380,218,nsga2,20,20,19,0.1,4380,20,582412.3035714262,0.0075651067309081554,687517.0714285702,0.009227552451193333,41,3,0,1,555.1373936450109,7.884534621710106
nsga2,3,4400,219,nsga2,20,20,19,0.1,4400,20,582412.3035714262,0.0075651067309081554,687517.0714285702,0.009227552451193333,42,3,0,1,557.5608214428648,7.886135163911576
nsga2,3,4420,220,nsga2,20,20,18,0.1,4420,20,582412.3035714262,0.0075651067309081554,687517.0714285702,0.009227552451193333,42,3,0,1,560.0765936879907,7.886421339115337
nsga2,3,4440,221,nsga2,20,20,18,0.1,4440,20,582412.3035714262,0.0075651067309081554,687517.0714285702,0.009227552451193333,42,3,0,0,562.4688556529582,7.888436764821726
nsga2,3,4460,222,nsga2,20,20,18,0.1,4460,20,582412.3035714262,0.0075651067309081554,687517.0714285702,0.009227552451193333,42,3,0,1,564.9532216149382,7.889148746261703
nsga2,3,4480,223,nsga2,20,20,18,0.1,4480,20,582412.3035714262,0.0075651067309081554,687517.0714285702,0.009227552451193333,42,3,0,0,567.476443982916,7.889314256954041
nsga2,3,4500,224,nsga2,20,20,18,0.1,4500,20,582412.3035714262,0.0075651067309081554,687517.0714285702,0.009227552451193333,42,3,0,0,569.955592202954,7.89008838849795
nsga2,3,4520,225,nsga2,20,20,19,0.1,4520,20,582238.3214285689,0.007561454549431801,685754.0357142838,0.009259720332920551,40,3,0,3,572.661996462848,7.887724395716985
nsga2,3,4540,226,nsga2,20,20,19,0.1,4540,19,582047.6071428547,0.007561454549431801,710086.9285714326,0.009199649095535278,36,3,0,2,575.2395645128563,7.887148728794715
nsga2,3,4560,227,nsga2,20,20,19,0.1,4560,19,582047.6071428547,0.007561454549431801,685754.0357142838,0.00945920217782259,36,3,0,1,577.7161293018144,7.88795702399249
nsga2,3,4580,228,nsga2,20,20,19,0.1,4580,20,582047.6071428547,0.007561454549431801,685754.0357142838,0.009199649095535278,37,3,0,1,580.1865213778801,7.8888423487159285
nsga2,3,4600,229,nsga2,20,20,19,0.1,4600,20,582047.6071428547,0.007561454549431801,685754.0357142838,0.009199649095535278,37,3,0,1,582.6486663320102,7.889831841441984
nsga2,3,4620,230,nsga2,20,20,19,0.1,4620,20,582047.6071428547,0.007561454549431801,685754.0357142838,0.009199649095535278,37,3,0,2,584.9949610990006,7.892375673332765
nsga2,3,4640,231,nsga2,20,20,19,0.1,4640,20,582047.6071428547,0.007561454549431801,685754.0357142838,0.009199649095535278,37,4,0,0,587.3775795598049,7.892708474631142
nsga2,3,4660,232,nsga2,20,20,19,0.1,4660,20,582047.6071428547,0.007561454549431801,685754.0357142838,0.009199649095535278,37,4,0,1,589.7829856909811,7.894429159473121
nsga2,3,4680,233,nsga2,20,20,19,0.1,4680,20,582047.6071428547,0.007561454549431801,685754.0357142838,0.009199649095535278,37,4,0,1,592.1857193699107,7.896171500007284
nsga2,3,4700,234,nsga2,20,20,19,0.1,4700,20,582047.6071428547,0.007561454549431801,685754.0357142838,0.009199649095535278,33,4,0,3,594.5525914849713,7.898376135694132
nsga2,3,4720,235,nsga2,20,20,19,0.1,4720,20,582047.6071428547,0.007561454549431801,685754.0357142838,0.009199649095535278,33,4,0,0,597.0853360667825,7.8983684829140195
nsga2,3,4740,236,nsga2,20,20,19,0.1,4740,20,582047.6071428547,0.007561454549431801,685754.0357142838,0.009199649095535278,31,4,0,1,599.6725292699412,7.897643745271681
nsga2,3,4760,237,nsga2,20,20,19,0.1,4760,20,582047.6071428547,0.007561454549431801,685754.0357142838,0.009199649095535278,31,4,0,0,602.1865315840114,7.897885041516389
nsga2,3,4780,238,nsga2,20,20,19,0.1,4780,20,581334.6249999978,0.007561454549431801,685754.0357142838,0.00922040082514286,32,4,0,1,604.6827983309049,7.898355986284225
nsga2,3,4800,239,nsga2,20,20,19,0.1,4800,18,581334.6249999978,0.007543281186372042,685754.0357142838,0.00922040082514286,31,4,0,2,607.1539065679535,7.899150360590202
nsga2,3,4820,240,nsga2,20,20,19,0.1,4820,20,581334.6249999978,0.007543281186372042,685563.1071428551,0.00922040082514286,33,4,0,2,609.6895642899908,7.8991019070638595
nsga2,3,4840,241,nsga2,20,20,19,0.1,4840,20,581334.6249999978,0.007543281186372042,685563.1071428551,0.00922040082514286,33,4,0,0,612.0711807608604,7.901041826521565
nsga2,3,4860,242,nsga2,20,20,19,0.1,4860,20,581334.6249999978,0.007543281186372042,685563.1071428551,0.00922040082514286,34,4,0,0,614.4753200018313,7.902677035076898
nsga2,3,4880,243,nsga2,20,20,19,0.1,4880,20,581334.6249999978,0.007543281186372042,685563.1071428551,0.00922040082514286,35,4,0,1,616.8558714818209,7.904601748033614
nsga2,3,4900,244,nsga2,20,20,19,0.1,4900,20,581334.6249999978,0.007543281186372042,685563.1071428551,0.00922040082514286,35,4,0,2,619.3314081209246,7.90529906250783
nsga2,3,4920,245,nsga2,20,20,19,0.1,4920,20,581334.6249999978,0.007543281186372042,685563.1071428551,0.00922040082514286,35,4,0,0,621.8143282628153,7.90589694794265
nsga2,3,4940,246,nsga2,20,20,20,0.05,4940,20,581334.6249999978,0.007543281186372042,685563.1071428551,0.00922040082514286,36,4,0,2,624.227658696007,7.907371503388935
nsga2,3,4960,247,nsga2,20,20,20,0.05,4960,20,581334.6249999978,0.007543281186372042,685563.1071428551,0.00922040082514286,36,4,0,1,626.7281939249951,7.907734242753914
nsga2,3,4980,248,nsga2,20,20,20,0.05,4980,20,581334.6249999978,0.007543281186372042,685563.1071428551,0.00922040082514286,36,4,0,0,629.3068022148218,7.907113005114761
nsga2,3,5000,249,nsga2,20,20,20,0.05,5000,20,581334.6249999978,0.007543281186372042,685563.1071428551,0.00922040082514286,36,4,0,1,631.8266420208383,7.90723224968919
nsga2,3,5020,250,nsga2,20,20,20,0.05,5020,20,581334.6249999978,0.007543281186372042,685563.1071428551,0.00922040082514286,36,4,0,1,634.3724485267885,7.907026876165134
nsga2,3,5040,251,nsga2,20,20,20,0.05,5040,20,581334.6249999978,0.007543281186372042,685563.1071428551,0.00922040082514286,36,4,0,1,636.9060206189752,7.90697502765915
nsga2,3,5060,252,nsga2,20,20,20,0.05,5060,20,581334.6249999978,0.007543281186372042,685563.1071428551,0.00922040082514286,35,4,0,1,639.4233151748776,7.907124873319987
nsga2,3,5080,253,nsga2,20,20,20,0.05,5080,20,581334.6249999978,0.007543281186372042,685563.1071428551,0.00922040082514286,35,4,0,1,641.8089263869915,7.9088959210569225
nsga2,3,5100,254,nsga2,20,20,20,0.05,5100,20,581334.6249999978,0.007543281186372042,685563.1071428551,0.00922040082514286,36,4,0,1,644.2455738699064,7.9100271801464395
nsga2,3,5120,255,nsga2,20,20,20,0.05,5120,18,581334.6249999978,0.007543281186372042,685563.1071428551,0.009223228320479393,29,4,0,2,646.7686437279917,7.9100928123404985
nsga2,3,5140,256,nsga2,20,20,20,0.05,5140,18,581334.6249999978,0.007543281186372042,685563.1071428551,0.009223228320479393,29,4,0,1,649.2954891668633,7.910111937771514
nsga2,3,5160,257,nsga2,20,20,20,0.05,5160,19,581334.6249999978,0.007543281186372042,685563.1071428551,0.009223228320479393,30,4,0,1,651.6348237409256,7.912407090830833
nsga2,3,5180,258,nsga2,20,20,20,0.05,5180,20,581334.6249999978,0.007543281186372042,685563.1071428551,0.00922040082514286,31,4,0,1,654.1347381698433,7.912742892208353
nsga2,3,5200,259,nsga2,20,20,20,0.05,5200,20,581334.6249999978,0.007543281186372042,685563.1071428551,0.00922040082514286,31,4,0,2,656.6231027930044,7.913215325349284
nsga2,3,5220,260,nsga2,20,20,20,0.05,5220,20,581334.6249999978,0.007543281186372042,685563.1071428551,0.00922040082514286,31,4,0,0,659.7185126689728,7.9064023516606
nsga2,3,5240,261,nsga2,20,20,20,0.05,5240,20,581334.6249999978,0.007543281186372042,685563.1071428551,0.00922040082514286,32,4,0,2,662.2077818338294,7.906883826553841
nsga2,3,5260,262,nsga2,20,20,20,0.05,5260,20,581334.6249999978,0.007543281186372042,685563.1071428551,0.00922040082514286,32,4,0,1,664.6677474859171,7.907710310723876
nsga2,3,5280,263,nsga2,20,20,20,0.05,5280,20,581334.6249999978,0.007543281186372042,685563.1071428551,0.00922040082514286,32,4,0,0,667.0765343878884,7.909137449784941
nsga2,3,5300,264,nsga2,20,20,20,0.05,5300,20,581334.6249999978,0.007543281186372042,685563.1071428551,0.00922040082514286,31,4,0,2,669.5625379309058,7.909642042348716
nsga2,3,5320,265,nsga2,20,20,20,0.05,5320,20,581334.6249999978,0.007543281186372042,685563.1071428551,0.00922040082514286,32,4,0,2,672.1074808568228,7.909449234552491
nsga2,3,5340,266,nsga2,20,20,20,0.05,5340,20,581334.6249999978,0.007543281186372042,685563.1071428551,0.00922040082514286,33,4,0,1,674.6318759249989,7.90949878062569
nsga2,3,5360,267,nsga2,20,20,20,0.05,5360,20,581334.6249999978,0.007543281186372042,685563.1071428551,0.00922040082514286,33,4,0,2,677.108982064994,7.910100355877262
nsga2,3,5380,268,nsga2,20,20,20,0.05,5380,20,581334.6249999978,0.007543281186372042,685563.1071428551,0.00922040082514286,33,4,0,1,679.5325863119215,7.9113203815251465
nsga2,3,5400,269,nsga2,20,20,20,0.05,5400,20,581334.6249999978,0.007543281186372042,685563.1071428551,0.00922040082514286,33,4,0,0,682.0581815110054,7.911348542210739
nsga2,3,5420,270,nsga2,20,20,20,0.05,5420,20,581334.6249999978,0.007543281186372042,685563.1071428551,0.00922040082514286,33,4,0,0,684.653749357909,7.910567940479848
nsga2,3,5440,271,nsga2,20,20,20,0.05,5440,20,581091.3214285692,0.007543281186372042,685563.1071428551,0.009225375019013882,31,4,0,2,687.0931499619037,7.911591027070205
nsga2,3,5460,272,nsga2,20,20,20,0.05,5460,20,581091.3214285692,0.007543281186372042,685563.1071428551,0.009225375019013882,31,4,0,0,689.6590036358684,7.911156051376227
nsga2,3,5480,273,nsga2,20,20,20,0.05,5480,20,581091.3214285692,0.007543281186372042,685563.1071428551,0.009225375019013882,31,4,0,1,692.3910167668946,7.9088258908529285
nsga2,3,5500,274,nsga2,20,20,20,0.05,5500,20,581091.3214285692,0.007543281186372042,685563.1071428551,0.009225375019013882,31,4,0,0,695.1864805838559,7.905792407505043
nsga2,3,5520,275,nsga2,20,20,19,0.1,5520,20,581091.3214285692,0.007543281186372042,685563.1071428551,0.009225375019013882,32,4,0,2,697.8467091359198,7.904314698037283
nsga2,3,5540,276,nsga2,20,20,20,0.05,5540,20,581091.3214285692,0.007543281186372042,685563.1071428551,0.009225375019013882,32,4,0,1,700.6376055709552,7.901374342430092
nsga2,3,5560,277,nsga2,20,20,19,0.1,5560,20,581091.3214285692,0.007543281186372042,685563.1071428551,0.009225375019013882,33,4,0,2,703.4660558698233,7.898035667307507
nsga2,3,5580,278,nsga2,20,20,19,0.1,5580,20,581091.3214285692,0.007543281186372042,685563.1071428551,0.009225375019013882,33,4,0,0,706.2974402008113,7.8946909370288205
nsga2,3,5600,279,nsga2,20,20,19,0.1,5600,20,581022.8392857121,0.007543281186372042,685563.1071428551,0.009225646033883095,36,4,0,2,709.1123769748956,7.8915559531943025
nsga2,3,5620,280,nsga2,20,20,20,0.05,5620,20,581022.8392857121,0.007543281186372042,685563.1071428551,0.009225646033883095,33,4,0,2,711.7809938909486,7.890067377747969
nsga2,3,5640,281,nsga2,20,20,20,0.05,5640,20,581022.8392857121,0.007543281186372042,685563.1071428551,0.009225646033883095,34,4,0,0,714.3618572219275,7.8895589721402075
nsga2,3,5660,282,nsga2,20,20,20,0.05,5660,20,581022.8392857121,0.007543281186372042,685563.1071428551,0.009225646033883095,34,4,0,2,716.8695333129726,7.889859642745746
nsga2,3,5680,283,nsga2,20,20,20,0.05,5680,20,581022.8392857121,0.007543281186372042,685563.1071428551,0.009225646033883095,35,4,0,3,719.5180753008462,7.88861349678636
nsga2,3,5700,284,nsga2,20,20,20,0.05,5700,20,581022.8392857121,0.007543281186372042,685563.1071428551,0.009225646033883095,35,4,0,1,722.4614587659016,7.884157598842471
nsga2,3,5720,285,nsga2,20,20,20,0.05,5720,20,581022.8392857121,0.007543281186372042,685563.1071428551,0.009225646033883095,35,4,0,1,725.0393735549878,7.883709779751006
nsga2,3,5740,286,nsga2,20,20,20,0.05,5740,20,581022.8392857121,0.007542070932686329,685658.4642857123,0.009225646033883095,37,4,0,2,727.7397911339067,7.881938118379672
nsga2,3,5760,287,nsga2,20,20,20,0.05,5760,20,581022.8392857121,0.007542070932686329,685658.4642857123,0.009225646033883095,37,4,0,0,730.7777132668998,7.876540150996303
nsga2,3,5780,288,nsga2,20,20,20,0.05,5780,20,581022.8392857121,0.007542070932686329,685658.4642857123,0.009225646033883095,38,4,0,1,733.6848268178292,7.87259023067429
nsga2,3,5800,289,nsga2,20,20,19,0.1,5800,20,581022.8392857121,0.007542070932686329,685658.4642857123,0.009225646033883095,38,4,0,1,736.5500144418329,7.869119389526159
nsga2,3,5820,290,nsga2,20,20,19,0.1,5820,20,581022.8392857121,0.007542070932686329,685658.4642857123,0.009225646033883095,38,4,0,1,739.4583807538729,7.865216151949792
nsga2,3,5840,291,nsga2,20,20,19,0.1,5840,20,581022.8392857121,0.007542070932686329,685658.4642857123,0.009225646033883095,39,4,0,0,742.6242765979841,7.8586173168686875
nsga2,3,5860,292,nsga2,20,20,20,0.05,5860,20,581022.8392857121,0.007542070932686329,685658.4642857123,0.009225646033883095,35,4,0,4,745.7769252168946,7.8522139824812855
nsga2,3,5880,293,nsga2,20,20,20,0.05,5880,20,581022.8392857121,0.007542070932686329,685658.4642857123,0.009225646033883095,35,4,0,0,748.4599982788786,7.850786967255641
nsga2,3,5900,294,nsga2,20,20,20,0.05,5900,20,581022.8392857121,0.007542070932686329,685658.4642857123,0.009225646033883095,36,4,0,1,751.329946384998,7.847417806741806
nsga2,3,5920,295,nsga2,20,20,20,0.05,5920,20,581022.8392857121,0.007542070932686329,685658.4642857123,0.009225646033883095,37,4,0,0,754.177396212006,7.844308288360527
nsga2,3,5940,296,nsga2,20,20,20,0.05,5940,20,581022.8392857121,0.007542070932686329,685658.4642857123,0.009225646033883095,37,4,0,0,756.8950935469475,7.84256636171709
nsga2,3,5960,297,nsga2,20,20,20,0.05,5960,20,581022.8392857121,0.007542070932686329,685658.4642857123,0.009225646033883095,37,4,0,0,759.986454681959,7.836981782119369
nsga2,3,5980,298,nsga2,20,20,20,0.05,5980,20,581022.8392857121,0.007542070932686329,685658.4642857123,0.009225646033883095,37,4,0,2,762.8850559289567,7.8334212389612095
nsga2,3,6000,299,nsga2,20,20,20,0.05,6000,20,581022.8392857121,0.007542070932686329,685658.4642857123,0.009225646033883095,37,4,0,2,765.7749929327983,7.829976240195908
nsga2,3,6020,300,nsga2,20,20,20,0.05,6020,20,581022.8392857121,0.007542070932686329,685658.4642857123,0.009225646033883095,37,4,0,1,768.2973860709462,7.8303012727476204
nsga2,3,6040,301,nsga2,20,20,20,0.05,6040,20,581022.8392857121,0.007542070932686329,685658.4642857123,0.009225646033883095,38,4,0,2,770.7629480049945,7.8312015589531
nsga2,3,6060,302,nsga2,20,20,19,0.1,6060,20,581022.8392857121,0.007542070932686329,685658.4642857123,0.009225646033883095,39,4,0,3,773.221144676907,7.8321707078128595
nsga2,3,6080,303,nsga2,20,20,19,0.1,6080,20,581022.8392857121,0.007542070932686329,685658.4642857123,0.009225646033883095,39,4,0,0,775.8821083698422,7.831086623154524
nsga2,3,6100,304,nsga2,20,20,19,0.1,6100,20,580574.5178571406,0.007542070932686329,685658.4642857123,0.009112744592130184,36,4,0,4,778.8587011077907,7.826836872117501
nsga2,3,6120,305,nsga2,20,20,19,0.1,6120,20,580574.5178571406,0.007542070932686329,685658.4642857123,0.009112744592130184,36,4,0,0,781.9192525697872,7.821779525059258
nsga2,3,6140,306,nsga2,20,20,19,0.1,6140,20,580574.5178571406,0.007537855766713619,686039.9999999981,0.009112744592130184,37,4,0,2,784.473697320791,7.821804632782781
nsga2,3,6160,307,nsga2,20,20,19,0.1,6160,20,580574.5178571406,0.007537855766713619,686039.9999999981,0.009112744592130184,37,4,0,0,786.9983689689543,7.8221254868227605
nsga2,3,6180,308,nsga2,20,20,19,0.1,6180,20,580574.5178571406,0.007537855766713619,686039.9999999981,0.009112744592130184,37,4,0,1,789.5236500168685,7.8224382510492845
nsga2,3,6200,309,nsga2,20,20,19,0.1,6200,20,580574.5178571406,0.007537855766713619,686039.9999999981,0.009112744592130184,37,4,0,1,792.0664254028816,7.822576240178882
nsga2,3,6220,310,nsga2,20,20,19,0.1,6220,20,580574.5178571406,0.007537855766713619,686039.9999999981,0.009112744592130184,37,4,0,1,794.5293802258093,7.8234992370368746
nsga2,3,6240,311,nsga2,20,20,19,0.1,6240,20,580574.5178571406,0.007537855766713619,686039.9999999981,0.009112744592130184,37,4,0,0,797.0760757229291,7.8235944973559715
nsga2,3,6260,312,nsga2,20,20,18,0.1,6260,20,580574.5178571406,0.007537855766713619,686039.9999999981,0.009112744592130184,37,4,0,2,799.7601026447956,7.822345700056173
nsga2,3,6280,313,nsga2,20,20,18,0.1,6280,20,580574.5178571406,0.007537855766713619,686039.9999999981,0.009112744592130184,38,4,0,1,802.4122311538085,7.821416170308849
nsga2,3,6300,314,nsga2,20,20,18,0.1,6300,20,580574.5178571406,0.007537855766713619,686039.9999999981,0.009112744592130184,38,4,0,0,804.885752151953,7.822228164887914
nsga2,3,6320,315,nsga2,20,20,18,0.1,6320,20,580574.5178571406,0.007537855766713619,686039.9999999981,0.009112744592130184,38,4,0,0,807.3844644299243,7.822791096754114
nsga2,3,6340,316,nsga2,20,20,18,0.1,6340,20,580574.5178571406,0.007537855766713619,686039.9999999981,0.009112744592130184,38,4,0,0,809.9032929060049,7.823156240377625
nsga2,3,6360,317,nsga2,20,20,18,0.1,6360,20,580574.5178571406,0.007537855766713619,686039.9999999981,0.009112744592130184,38,4,0,0,812.3945466708392,7.823784669710841
nsga2,3,6380,318,nsga2,20,20,18,0.1,6380,20,580574.5178571406,0.007537855766713619,686039.9999999981,0.009112744592130184,39,4,0,1,814.912907756865,7.824148984890449
nsga2,3,6400,319,nsga2,20,20,18,0.1,6400,20,580574.5178571406,0.007537855766713619,686039.9999999981,0.009112744592130184,39,4,0,0,817.4372488749214,7.824453814409762
nsga2,3,6420,320,nsga2,20,20,18,0.1,6420,20,580574.5178571406,0.007537855766713619,686039.9999999981,0.009112744592130184,39,4,0,1,819.9497061078437,7.8248701746057305
nsga2,3,6440,321,nsga2,20,20,17,0.1,6440,20,580574.5178571406,0.007537855766713619,686039.9999999981,0.009112744592130184,39,4,0,2,822.3870080709457,7.8259991182214526
nsga2,3,6460,322,nsga2,20,20,17,0.1,6460,20,580574.5178571406,0.007537855766713619,686039.9999999981,0.009112744592130184,39,4,0,1,824.8964083439205,7.8264372770893775
nsga2,3,6480,323,nsga2,20,20,18,0.1,6480,20,580574.5178571406,0.007537855766713619,686039.9999999981,0.009112744592130184,39,4,0,1,827.441962020006,7.826530798837371
nsga2,3,6500,324,nsga2,20,20,18,0.1,6500,20,580574.5178571406,0.007537855766713619,686039.9999999981,0.009112744592130184,39,4,0,1,829.992268087808,7.826578933037438
nsga2,3,6520,325,nsga2,20,20,19,0.1,6520,20,580574.5178571406,0.007537855766713619,686039.9999999981,0.009112744592130184,40,4,0,5,832.4794654219877,7.827220094488468
nsga2,3,6540,326,nsga2,20,20,18,0.1,6540,20,580574.5178571406,0.007537855766713619,686039.9999999981,0.009112744592130184,40,4,0,2,835.012324412819,7.827429379076672
nsga2,3,6560,327,nsga2,20,20,18,0.1,6560,20,580574.5178571406,0.007537855766713619,686039.9999999981,0.009112744592130184,41,4,0,1,837.4639842119068,7.82839635327065
nsga2,3,6580,328,nsga2,20,20,19,0.1,6580,20,580574.5178571406,0.007537855766713619,686039.9999999981,0.009112744592130184,41,4,0,3,839.900574084837,7.829498160737974
nsga2,3,6600,329,nsga2,20,20,20,0.05,6600,20,580574.5178571406,0.007529436610639095,686544.3928571412,0.009112744592130184,42,4,0,1,842.3874717778526,7.830125946767929
nsga2,3,6620,330,nsga2,20,20,20,0.05,6620,20,580574.5178571406,0.007529436610639095,686544.3928571412,0.009112744592130184,42,4,0,2,844.8256509718485,7.831201612296287
nsga2,3,6640,331,nsga2,20,20,20,0.05,6640,20,580574.5178571406,0.007529436610639095,686544.3928571412,0.009112744592130184,42,4,0,1,847.2898067559581,7.83203096164633
nsga2,3,6660,332,nsga2,20,20,20,0.05,6660,20,580574.5178571406,0.0075056166388094425,686953.9642857128,0.009112744592130184,43,4,0,3,849.9617238128558,7.830940868892015
nsga2,3,6680,333,nsga2,20,20,20,0.05,6680,20,580574.5178571406,0.0075056166388094425,686953.9642857128,0.009112744592130184,43,4,0,0,852.6069894498214,7.830102359714356
nsga2,3,6700,334,nsga2,20,20,20,0.05,6700,20,580574.5178571406,0.0075056166388094425,686953.9642857128,0.009112744592130184,41,4,0,1,854.9320281078108,7.832201601827935
nsga2,3,6720,335,nsga2,20,20,20,0.05,6720,18,578451.5178571407,0.007495081517845392,686953.9642857128,0.009112744592130184,34,4,0,2,857.3682689708658,7.83327333546119
nsga2,3,6740,336,nsga2,20,20,20,0.05,6740,20,578451.5178571407,0.007495081517845392,681507.4821428536,0.009106610901653767,35,4,0,2,859.927278582938,7.83322051499536
nsga2,3,6760,337,nsga2,20,20,20,0.05,6760,20,578451.5178571407,0.007495081517845392,681507.4821428536,0.009106610901653767,35,4,0,1,862.4177194079384,7.833790804574478
nsga2,3,6780,338,nsga2,20,20,20,0.05,6780,20,578451.5178571407,0.007495081517845392,681507.4821428536,0.009106610901653767,35,4,0,1,865.0547596609686,7.833030134017925
nsga2,3,6800,339,nsga2,20,20,20,0.05,6800,20,578451.5178571407,0.007495081517845392,681507.4821428536,0.009106610901653767,36,4,0,2,867.6177703738213,7.832942376309189
nsga2,3,6820,340,nsga2,20,20,20,0.05,6820,20,578451.5178571407,0.007495081517845392,681507.4821428536,0.009106610901653767,37,4,0,3,870.1109387499746,7.83348386562299
nsga2,3,6840,341,nsga2,20,20,20,0.05,6840,20,578451.5178571407,0.007463994435966015,685372.2321428551,0.009106610901653767,42,4,0,3,872.5502711238805,7.834505616730772
nsga2,3,6860,342,nsga2,20,20,20,0.05,6860,20,578451.5178571407,0.007463994435966015,685372.2321428551,0.009106610901653767,42,4,0,1,875.1656039189547,7.833945906122362
nsga2,3,6880,343,nsga2,20,20,20,0.05,6880,20,578356.0535714265,0.007463994435966015,685372.2321428551,0.009107965975999832,43,4,0,1,878.1360031049699,7.830222170241735
nsga2,3,6900,344,nsga2,20,20,20,0.05,6900,20,578356.0535714265,0.007463994435966015,685372.2321428551,0.009107965975999832,44,4,0,2,881.0053097109776,7.8274216102764465
nsga2,3,6920,345,nsga2,20,20,20,0.05,6920,20,578356.0535714265,0.007463994435966015,685372.2321428551,0.009107965975999832,44,4,0,1,884.0322323800065,7.823244160883849
nsga2,3,6940,346,nsga2,20,20,20,0.05,6940,20,578356.0535714265,0.007463994435966015,685372.2321428551,0.009107965975999832,44,4,0,0,886.7434285120107,7.821879223439944
nsga2,3,6960,347,nsga2,20,20,20,0.05,6960,20,578356.0535714265,0.007463994435966015,685372.2321428551,0.009107965975999832,39,4,0,3,889.5060400348157,7.820070563801612
nsga2,3,6980,348,nsga2,20,20,20,0.05,6980,20,578356.0535714265,0.007463994435966015,685372.2321428551,0.009107965975999832,38,4,0,2,892.407961223973,7.817052629642769
nsga2,3,7000,349,nsga2,20,20,20,0.05,7000,20,578356.0535714265,0.007463994435966015,685372.2321428551,0.009107965975999832,38,4,0,0,895.0382180048618,7.8164260020034115
nsga2,3,7020,350,nsga2,20,20,20,0.05,7020,20,578356.0535714265,0.007463994435966015,685372.2321428551,0.009107965975999832,39,4,0,0,897.680579979904,7.815697650668866
nsga2,3,7040,351,nsga2,20,20,20,0.05,7040,20,578356.0535714265,0.007463994435966015,685372.2321428551,0.009107965975999832,39,4,0,1,900.2352859398816,7.8157345195085695
nsga2,3,7060,352,nsga2,20,20,20,0.05,7060,20,578356.0535714265,0.007463994435966015,685372.2321428551,0.009107965975999832,39,4,0,0,902.8627787288278,7.815141089252112
nsga2,3,7080,353,nsga2,20,20,20,0.05,7080,20,578356.0535714265,0.007463994435966015,685372.2321428551,0.009107965975999832,41,4,0,0,905.414875638904,7.815201837728628
nsga2,3,7100,354,nsga2,20,20,20,0.05,7100,20,578356.0535714265,0.007463994435966015,685372.2321428551,0.009107965975999832,38,4,0,2,908.2426230278797,7.812890322569874
nsga2,3,7120,355,nsga2,20,20,19,0.1,7120,20,578356.0535714265,0.007463994435966015,685372.2321428551,0.009107965975999832,35,4,0,4,910.7529106498696,7.813315682869861
nsga2,3,7140,356,nsga2,20,20,20,0.05,7140,20,578356.0535714265,0.00746399350464344,685086.1607142835,0.009107965975999832,35,4,0,2,913.1649652039632,7.814579262144725
nsga2,3,7160,357,nsga2,20,20,20,0.05,7160,20,578356.0535714265,0.00746399350464344,685086.1607142835,0.009107965975999832,35,4,0,3,915.7009021060076,7.814778803364741
nsga2,3,7180,358,nsga2,20,20,20,0.05,7180,20,578356.0535714265,0.00746399350464344,685086.1607142835,0.009107965975999832,35,4,0,1,918.3428801510017,7.814074846227436
nsga2,3,7200,359,nsga2,20,20,20,0.05,7200,20,578356.0535714265,0.00746399350464344,685086.1607142835,0.009107965975999832,36,4,0,0,920.8523262138478,7.814499453551781
nsga2,3,7220,360,nsga2,20,20,20,0.05,7220,20,578356.0535714265,0.00746399350464344,685086.1607142835,0.009107965975999832,36,4,0,1,923.3736773508135,7.814820995009212
nsga2,3,7240,361,nsga2,20,20,20,0.05,7240,20,578356.0535714265,0.00746399350464344,685086.1607142835,0.009107965975999832,36,4,0,0,925.8494226289913,7.815525746565841
nsga2,3,7260,362,nsga2,20,20,20,0.05,7260,20,578356.0535714265,0.00746399350464344,685086.1607142835,0.009107965975999832,37,4,0,2,928.3995540069882,7.8156004800766885
nsga2,3,7280,363,nsga2,20,20,20,0.05,7280,20,578356.0535714265,0.00746399350464344,685086.1607142835,0.009107965975999832,37,4,0,2,930.95068931696,7.815666375775942
nsga2,3,7300,364,nsga2,20,20,20,0.05,7300,20,578356.0535714265,0.00746399350464344,685086.1607142835,0.009107965975999832,38,4,0,0,933.5497027439997,7.815331072951697
nsga2,3,7320,365,nsga2,20,20,20,0.05,7320,20,578356.0535714265,0.00746399350464344,685086.1607142835,0.009107965975999832,39,4,0,0,936.0000355727971,7.8162390191821745
nsga2,3,7340,366,nsga2,20,20,20,0.05,7340,20,578356.0535714265,0.00746399350464344,685086.1607142835,0.009107965975999832,40,4,0,1,938.5114565358963,7.816633402726514
nsga2,3,7360,367,nsga2,20,20,20,0.05,7360,20,578356.0535714265,0.00746399350464344,685086.1607142835,0.009107965975999832,40,4,0,1,941.0432482869364,7.816856465832758
nsga2,3,7380,368,nsga2,20,20,20,0.05,7380,20,578356.0535714265,0.00746399350464344,685086.1607142835,0.009107965975999832,40,4,0,1,943.5545728697907,7.817247896500713
nsga2,3,7400,369,nsga2,20,20,20,0.05,7400,20,578356.0535714265,0.00746399350464344,685086.1607142835,0.009107965975999832,40,4,0,0,946.0451098338235,7.81780902741428
nsga2,3,7420,370,nsga2,20,20,19,0.1,7420,20,578356.0535714265,0.00746399350464344,685086.1607142835,0.009107965975999832,41,4,0,2,948.6029939258005,7.817812137940687
nsga2,3,7440,371,nsga2,20,20,19,0.1,7440,20,578356.0535714265,0.00746399350464344,685086.1607142835,0.009107965975999832,42,4,0,1,951.1219956818968,7.818134827876459
nsga2,3,7460,372,nsga2,20,20,19,0.1,7460,20,578356.0535714265,0.00746399350464344,685086.1607142835,0.009107965975999832,43,4,0,0,953.7510902918875,7.817553317520354
nsga2,3,7480,373,nsga2,20,20,19,0.1,7480,20,578356.0535714265,0.00746399350464344,684895.4464285692,0.009107965975999832,44,4,0,3,956.2467505477834,7.818065782411698
nsga2,3,7500,374,nsga2,20,20,19,0.1,7500,20,578356.0535714265,0.00746399350464344,684895.4464285692,0.009107965975999832,45,4,0,0,958.7300831398461,7.818676113146007
nsga2,3,7520,375,nsga2,20,20,19,0.1,7520,20,578356.0535714265,0.00746399350464344,684895.4464285692,0.009107965975999832,45,4,0,0,961.2580997799523,7.818919811152213
nsga2,3,7540,376,nsga2,20,20,19,0.1,7540,20,578356.0535714265,0.00746399350464344,684895.4464285692,0.009107965975999832,45,4,0,0,963.761245328933,7.819364014194152
nsga2,3,7560,377,nsga2,20,20,19,0.1,7560,20,578356.0535714265,0.00746399350464344,684895.4464285692,0.009107965975999832,45,4,0,0,966.3109052779619,7.819429501136073
nsga2,3,7580,378,nsga2,20,20,19,0.1,7580,20,578356.0535714265,0.00746399350464344,684895.4464285692,0.009107965975999832,45,4,0,0,968.7828533949796,7.820121891557892
nsga2,3,7600,379,nsga2,20,20,19,0.1,7600,20,578356.0535714265,0.00746399350464344,684895.4464285692,0.009107965975999832,43,4,0,0,971.2455758778378,7.820885045612209
nsga2,3,7620,380,nsga2,20,20,19,0.1,7620,20,578356.0535714265,0.00746399350464344,684895.4464285692,0.009107965975999832,44,4,0,1,973.7859995428007,7.82102022782805
nsga2,3,7640,381,nsga2,20,20,18,0.1,7640,20,578356.0535714265,0.00746399350464344,684895.4464285692,0.009107965975999832,43,4,0,2,976.292219732888,7.821428713310034
nsga2,3,7660,382,nsga2,20,20,18,0.1,7660,20,578356.0535714265,0.00746399350464344,684895.4464285692,0.009107965975999832,43,4,0,2,978.7878165098373,7.821920002334902
nsga2,3,7680,383,nsga2,20,20,18,0.1,7680,20,578356.0535714265,0.00746399350464344,684895.4464285692,0.009107965975999832,44,4,0,1,981.2021908138413,7.823056319955088
nsga2,3,7700,384,nsga2,20,20,18,0.1,7700,19,578356.0535714265,0.00746399350464344,698221.0000000001,0.009107965975999832,41,4,0,2,983.5975360609591,7.824338428927333
nsga2,3,7720,385,nsga2,20,20,18,0.1,7720,20,578356.0535714265,0.00746399350464344,684895.4464285692,0.009107965975999832,41,4,0,3,986.0241566197947,7.825366090878893
nsga2,3,7740,386,nsga2,20,20,19,0.1,7740,20,578356.0535714265,0.00746399350464344,684895.4464285692,0.009107965975999832,42,4,0,2,988.579332171008,7.825370962400212
nsga2,3,7760,387,nsga2,20,20,19,0.1,7760,20,578356.0535714265,0.00746399350464344,684895.4464285692,0.009107965975999832,42,4,0,0,991.1268526678905,7.825436248773396
nsga2,3,7780,388,nsga2,20,20,19,0.1,7780,20,578356.0535714265,0.00746399350464344,684895.4464285692,0.009107965975999832,42,4,0,2,993.6721443538554,7.825518753025342
nsga2,3,7800,389,nsga2,20,20,18,0.1,7800,20,578356.0535714265,0.00746399350464344,684895.4464285692,0.009107965975999832,42,4,0,1,996.1885461388156,7.8258277815148185
nsga2,3,7820,390,nsga2,20,20,18,0.1,7820,20,578356.0535714265,0.00746399350464344,684895.4464285692,0.009107965975999832,42,4,0,1,998.6097880459856,7.8268810235616035
nsga2,3,7840,391,nsga2,20,20,18,0.1,7840,20,578356.0535714265,0.00746399350464344,684895.4464285692,0.009107965975999832,42,4,0,0,1001.1509095109068,7.826991840648807
nsga2,3,7860,392,nsga2,20,20,18,0.1,7860,20,578356.0535714265,0.00746399350464344,684895.4464285692,0.009107965975999832,42,4,0,0,1003.7414721949026,7.826716557622272
nsga2,3,7880,393,nsga2,20,20,18,0.1,7880,20,578356.0535714265,0.00746399350464344,684895.4464285692,0.009107965975999832,42,4,0,0,1006.2713302858174,7.826914831969755
nsga2,3,7900,394,nsga2,20,20,18,0.1,7900,19,578356.0535714265,0.00746399350464344,684895.4464285692,0.009107965975999832,38,4,0,2,1008.7893054008018,7.827204310877227
nsga2,3,7920,395,nsga2,20,20,17,0.1,7920,20,578356.0535714265,0.00746399350464344,684895.4464285692,0.009107965975999832,39,4,0,2,1011.2265697747935,7.8281170972029965
nsga2,3,7940,396,nsga2,20,20,17,0.1,7940,20,578356.0535714265,0.00746399350464344,684895.4464285692,0.009107965975999832,39,4,0,2,1013.6834935459774,7.828873657830799
nsga2,3,7960,397,nsga2,20,20,17,0.1,7960,20,578356.0535714265,0.00746399350464344,684895.4464285692,0.009107965975999832,39,4,0,1,1016.2342664238531,7.828903494857843
nsga2,3,7980,398,nsga2,20,20,19,0.1,7980,20,578165.3392857123,0.00746399350464344,684895.4464285692,0.009099084883928299,37,4,0,5,1018.9165435358882,7.827922758346174
nsga2,3,8000,399,nsga2,20,20,18,0.1,8000,20,578165.3392857123,0.00746399350464344,684895.4464285692,0.009099084883928299,37,4,0,1,1021.4393990428653,7.828168766049765
nsga2,3,8020,400,nsga2,20,20,18,0.1,8020,20,578165.3392857123,0.00746399350464344,684895.4464285692,0.009099084883928299,37,4,0,1,1023.9835313688964,7.828250899000237
nsga2,3,8040,401,nsga2,20,20,18,0.1,8040,20,578165.3392857123,0.00746399350464344,684895.4464285692,0.009099084883928299,37,4,0,0,1026.9103420779575,7.825415394823193
nsga2,3,8060,402,nsga2,20,20,19,0.1,8060,20,578165.3392857123,0.00746399350464344,684895.4464285692,0.009099084883928299,37,4,0,1,1029.395492150914,7.825952281146142
nsga2,3,8080,403,nsga2,20,20,19,0.1,8080,20,578165.3392857123,0.00746399350464344,684895.4464285692,0.009099084883928299,37,4,0,0,1031.8901516869664,7.826414455838251
nsga2,3,8100,404,nsga2,20,20,19,0.1,8100,20,578165.3392857123,0.00746399350464344,684895.4464285692,0.009099084883928299,37,4,0,0,1034.4280138798058,7.826547513571791
nsga2,3,8120,405,nsga2,20,20,19,0.1,8120,20,578165.3392857123,0.00746399350464344,684895.4464285692,0.009099084883928299,39,4,0,2,1037.2115469318815,7.8248261157596
nsga2,3,8140,406,nsga2,20,20,19,0.1,8140,20,578165.3392857123,0.00746399350464344,684895.4464285692,0.009099084883928299,34,4,0,2,1039.820783403935,7.824425256596782
nsga2,3,8160,407,nsga2,20,20,19,0.1,8160,20,578165.3392857123,0.00746399350464344,684895.4464285692,0.009099084883928299,34,4,0,0,1042.3136951588094,7.824899584339945
nsga2,3,8180,408,nsga2,20,20,20,0.05,8180,20,578165.3392857123,0.00746399350464344,684895.4464285692,0.009099084883928299,34,4,0,3,1044.8585558158811,7.824982582083318
nsga2,3,8200,409,nsga2,20,20,20,0.05,8200,20,578165.3392857123,0.00746399350464344,684895.4464285692,0.009099084883928299,34,4,0,1,1047.2939005978405,7.8258834462049
nsga2,3,8220,410,nsga2,20,20,20,0.05,8220,20,578165.3392857123,0.00746399350464344,684895.4464285692,0.009099084883928299,34,4,0,1,1049.7143213748932,7.826891405310028
nsga2,3,8240,411,nsga2,20,20,20,0.05,8240,20,578165.3392857123,0.00746399350464344,684895.4464285692,0.009099084883928299,35,4,0,3,1052.2189225049224,7.827268474124472
nsga2,3,8260,412,nsga2,20,20,20,0.05,8260,20,578165.3392857123,0.00746399350464344,684895.4464285692,0.009099084883928299,35,4,0,0,1054.644206133904,7.828232452216941
nsga2,3,8280,413,nsga2,20,20,20,0.05,8280,20,578165.3392857123,0.00746399350464344,684895.4464285692,0.009099084883928299,35,4,0,0,1057.05064192391,7.829331606040246
nsga2,3,8300,414,nsga2,20,20,20,0.05,8300,20,578165.3392857123,0.00746399350464344,684895.4464285692,0.009099084883928299,35,4,0,2,1059.6021796828136,7.829353467811254
nsga2,3,8320,415,nsga2,20,20,20,0.05,8320,20,578165.3392857123,0.00746399350464344,684895.4464285692,0.009099084883928299,36,4,0,1,1061.9832054239232,7.830632308992508
nsga2,3,8340,416,nsga2,20,20,20,0.05,8340,20,578165.3392857123,0.00746399350464344,684895.4464285692,0.009099084883928299,36,5,0,1,1064.3761150699575,7.830878466727123
nsga2,3,8360,417,nsga2,20,20,20,0.05,8360,20,578165.3392857123,0.00746399350464344,684895.4464285692,0.009099084883928299,36,5,0,1,1066.8989769078325,7.831106956550932
nsga2,3,8380,418,nsga2,20,20,20,0.05,8380,20,578165.3392857123,0.00746399350464344,684895.4464285692,0.009099084883928299,36,5,0,0,1069.650891926838,7.829657380001356
nsga2,3,8400,419,nsga2,20,20,20,0.05,8400,20,578165.3392857123,0.00746399350464344,684895.4464285692,0.009099084883928299,36,5,0,0,1072.3177837319672,7.828835935913551
nsga2,3,8420,420,nsga2,20,20,20,0.05,8420,20,578165.3392857123,0.00746399350464344,684895.4464285692,0.009099084883928299,36,5,0,0,1075.0059841549955,7.827863401722903
nsga2,3,8440,421,nsga2,20,20,20,0.05,8440,20,578165.3392857123,0.00746399350464344,684895.4464285692,0.009099084883928299,36,5,0,0,1077.416177927982,7.82891530014117
nsga2,3,8460,422,nsga2,20,20,20,0.05,8460,20,577878.999999998,0.00746399350464344,684895.4464285692,0.009084096178412437,37,5,0,2,1079.8829989628866,7.829551912679552
nsga2,3,8480,423,nsga2,20,20,20,0.05,8480,20,577878.999999998,0.00746399350464344,684895.4464285692,0.009084096178412437,37,5,0,0,1082.5939709648956,7.828419728262843
nsga2,3,8500,424,nsga2,20,20,20,0.05,8500,20,577878.999999998,0.00746399350464344,684895.4464285692,0.009084096178412437,37,5,0,0,1085.0894810419995,7.828847434630317
nsga2,3,8520,425,nsga2,20,20,20,0.05,8520,20,577878.999999998,0.00746399350464344,684895.4464285692,0.009084096178412437,37,5,0,0,1087.5384562399704,7.829608186398813
nsga2,3,8540,426,nsga2,20,20,20,0.05,8540,20,577878.999999998,0.00746399350464344,684895.4464285692,0.009084096178412437,37,5,0,0,1090.0662107889075,7.829799617238858
nsga2,3,8560,427,nsga2,20,20,20,0.05,8560,20,577878.999999998,0.00746399350464344,684895.4464285692,0.009084096178412437,37,5,0,0,1092.560588805005,7.830229359963538
nsga2,3,8580,428,nsga2,20,20,20,0.05,8580,20,577878.999999998,0.00746399350464344,684895.4464285692,0.009084096178412437,37,5,0,0,1095.0994640889112,7.830338961159235
nsga2,3,8600,429,nsga2,20,20,20,0.05,8600,20,577878.999999998,0.00746399350464344,684895.4464285692,0.009084096178412437,37,5,0,0,1097.6286775888875,7.830516982191334
nsga2,3,8620,430,nsga2,20,20,20,0.05,8620,19,577878.999999998,0.0074636200442910194,684895.4464285692,0.009084096178412437,37,5,0,1,1100.0841022399254,7.8312194335493555
nsga2,3,8640,431,nsga2,20,20,20,0.05,8640,19,577878.999999998,0.0074636200442910194,684895.4464285692,0.009084096178412437,37,5,0,0,1102.6386823100038,7.83121446629268
nsga2,3,8660,432,nsga2,20,20,19,0.1,8660,20,577878.999999998,0.0074636200442910194,684799.9821428548,0.009084096178412437,37,5,0,2,1105.1979793519713,7.831176098489455
nsga2,3,8680,433,nsga2,20,20,19,0.1,8680,20,577878.999999998,0.0074636200442910194,684799.9821428548,0.009084096178412437,37,5,0,2,1107.6842295448296,7.8316543366919085
nsga2,3,8700,434,nsga2,20,20,20,0.05,8700,20,577878.999999998,0.0074636200442910194,684799.9821428548,0.009084096178412437,38,5,0,1,1110.1690777079202,7.832140324023338
nsga2,3,8720,435,nsga2,20,20,19,0.1,8720,20,577878.999999998,0.0074636200442910194,684799.9821428548,0.009084096178412437,38,5,0,1,1112.5760608888231,7.833172316360731
nsga2,3,8740,436,nsga2,20,20,19,0.1,8740,20,577878.999999998,0.0074636200442910194,684799.9821428548,0.009084096178412437,39,5,0,1,1115.0654822329525,7.833620661010775
nsga2,3,8760,437,nsga2,20,20,19,0.1,8760,20,577878.999999998,0.0074636200442910194,684799.9821428548,0.009084096178412437,38,5,0,3,1117.5627517998219,7.834011992525855
nsga2,3,8780,438,nsga2,20,20,19,0.1,8780,20,577878.999999998,0.0074636200442910194,684799.9821428548,0.009084096178412437,39,5,0,1,1120.0243429329712,7.834651144296734
nsga2,3,8800,439,nsga2,20,20,19,0.1,8800,20,577878.999999998,0.0074636200442910194,684799.9821428548,0.009084096178412437,41,5,0,2,1122.5093349048402,7.835124151324397
nsga2,3,8820,440,nsga2,20,20,18,0.1,8820,20,577878.999999998,0.0074636200442910194,684799.9821428548,0.009084096178412437,43,5,0,2,1125.5409428058192,7.831789733055302
nsga2,3,8840,441,nsga2,20,20,17,0.1,8840,20,577878.999999998,0.0074636200442910194,684799.9821428548,0.009084096178412437,43,5,0,1,1127.948418468004,7.83280498943367
nsga2,3,8860,442,nsga2,20,20,17,0.1,8860,20,577878.999999998,0.0074636200442910194,684799.9821428548,0.009084096178412437,43,5,0,1,1130.4450266750064,7.833198245867235
nsga2,3,8880,443,nsga2,20,20,17,0.1,8880,20,577878.999999998,0.0074636200442910194,684799.9821428548,0.009084096178412437,43,5,0,0,1133.6161845508032,7.828928451225959
nsga2,3,8900,444,nsga2,20,20,17,0.1,8900,20,577878.999999998,0.0074636200442910194,684799.9821428548,0.009084096178412437,44,5,0,1,1136.2113063680008,7.828649433557961
nsga2,3,8920,445,nsga2,20,20,18,0.1,8920,20,577878.999999998,0.007462783716619015,684990.8035714263,0.009084096178412437,45,5,0,3,1138.9414032578934,7.827443953217454
nsga2,3,8940,446,nsga2,20,20,18,0.1,8940,20,577878.999999998,0.007462783716619015,684990.8035714263,0.009084096178412437,45,5,0,0,1141.6991233688314,7.826054883562791
nsga2,3,8960,447,nsga2,20,20,18,0.1,8960,20,577878.999999998,0.007462783716619015,684990.8035714263,0.009084096178412437,45,5,0,1,1144.500584858004,7.82437345902364
nsga2,3,8980,448,nsga2,20,20,18,0.1,8980,20,577878.999999998,0.007462783716619015,684990.8035714263,0.009084096178412437,45,5,0,1,1147.6344619989395,7.820434378005192
nsga2,3,9000,449,nsga2,20,20,17,0.1,9000,20,577878.999999998,0.007462783716619015,684990.8035714263,0.009084096178412437,46,5,0,1,1150.2956314419862,7.819728906319551
nsga2,3,9020,450,nsga2,20,20,17,0.1,9020,20,577878.999999998,0.007462783716619015,684990.8035714263,0.009084096178412437,46,5,0,1,1153.4370626958553,7.815771047732603
nsga2,3,9040,451,nsga2,20,20,17,0.1,9040,20,577878.999999998,0.007462783716619015,684990.8035714263,0.009084096178412437,46,5,0,1,1156.1331305229105,7.8148439496008
nsga2,3,9060,452,nsga2,20,20,17,0.1,9060,20,577878.999999998,0.007462783716619015,684990.8035714263,0.009084096178412437,46,5,0,0,1159.0989265879616,7.812102825990181
nsga2,3,9080,453,nsga2,20,20,17,0.1,9080,20,577878.999999998,0.007462783716619015,684990.8035714263,0.009084096178412437,46,5,0,2,1162.1571699988563,7.80875447338068
nsga2,3,9100,454,nsga2,20,20,17,0.1,9100,20,577878.999999998,0.007462783716619015,684990.8035714263,0.009084096178412437,46,5,0,2,1165.006670356961,7.8068222538273275
nsga2,3,9120,455,nsga2,20,20,17,0.1,9120,20,577878.999999998,0.007462783716619015,684990.8035714263,0.009084096178412437,47,5,0,2,1168.2439698698,7.8023086231002425
nsga2,3,9140,456,nsga2,20,20,17,0.1,9140,20,577878.999999998,0.007462783716619015,684990.8035714263,0.009084096178412437,47,5,0,1,1170.9585372239817,7.801300993676987
nsga2,3,9160,457,nsga2,20,20,17,0.1,9160,20,577878.999999998,0.007462783716619015,684990.8035714263,0.009084096178412437,47,5,0,1,1173.777043048991,7.799607305505881
nsga2,3,9180,458,nsga2,20,20,17,0.1,9180,20,577878.999999998,0.007462783716619015,684990.8035714263,0.009084096178412437,47,5,0,1,1176.8363281209022,7.796326286638397
nsga2,3,9200,459,nsga2,20,20,17,0.1,9200,20,577878.999999998,0.007462783716619015,684990.8035714263,0.009084096178412437,49,5,0,1,1179.904768117005,7.793001815455144
nsga2,3,9220,460,nsga2,20,20,17,0.1,9220,20,577878.999999998,0.007462783716619015,684990.8035714263,0.009084096178412437,49,5,0,0,1182.9011805527844,7.790168909708685
nsga2,3,9240,461,nsga2,20,20,17,0.1,9240,20,577878.999999998,0.007462783716619015,684990.8035714263,0.009084096178412437,49,5,0,0,1186.058116073953,7.78629636679977
nsga2,3,9260,462,nsga2,20,20,17,0.1,9260,20,577878.999999998,0.007462783716619015,684990.8035714263,0.009084096178412437,50,5,0,0,1188.9482963979244,7.784190471561499
nsga2,3,9280,463,nsga2,20,20,18,0.1,9280,20,577878.999999998,0.007462783716619015,684990.8035714263,0.009084096178412437,45,5,0,3,1191.5215009059757,7.784165030129742
nsga2,3,9300,464,nsga2,20,20,18,0.1,9300,20,577878.999999998,0.007462783716619015,684990.8035714263,0.009084096178412437,45,5,0,0,1194.019665652886,7.784628903006823
nsga2,3,9320,465,nsga2,20,20,18,0.1,9320,20,577878.999999998,0.007462783716619015,684990.8035714263,0.009084096178412437,45,5,0,0,1196.6851000478491,7.784002658366468
nsga2,3,9340,466,nsga2,20,20,18,0.1,9340,20,577878.999999998,0.007462783716619015,684990.8035714263,0.009084096178412437,45,5,0,0,1199.1638641969766,7.784590812575234
nsga2,3,9360,467,nsga2,20,20,18,0.1,9360,20,577878.999999998,0.007462783716619015,684990.8035714263,0.009084096178412437,45,5,0,1,1201.6947486978024,7.7848388787064255
nsga2,3,9380,468,nsga2,20,20,18,0.1,9380,20,577878.999999998,0.007462783716619015,684990.8035714263,0.009084096178412437,46,5,0,1,1204.345287956996,7.78431243410549
nsga2,3,9400,469,nsga2,20,20,18,0.1,9400,20,577878.999999998,0.007462783716619015,684990.8035714263,0.009084096178412437,46,5,0,1,1206.9266124679707,7.784234685809717
nsga2,3,9420,470,nsga2,20,20,18,0.1,9420,20,577878.999999998,0.007462783716619015,684990.8035714263,0.009084096178412437,46,5,0,1,1209.400772996014,7.784847016987173
nsga2,3,9440,471,nsga2,20,20,18,0.1,9440,20,577878.999999998,0.007462783716619015,684990.8035714263,0.009084096178412437,47,5,0,2,1211.8600660578813,7.78555236223896
nsga2,3,9460,472,nsga2,20,20,18,0.1,9460,20,577878.999999998,0.007462783716619015,684990.8035714263,0.009084096178412437,50,5,0,1,1214.396770970896,7.7857585148557655
nsga2,3,9480,473,nsga2,20,20,18,0.1,9480,20,577878.999999998,0.007462783716619015,684990.8035714263,0.009084096178412437,50,5,0,0,1216.9773925908376,7.785682838223116
nsga2,3,9500,474,nsga2,20,20,18,0.1,9500,20,577878.999999998,0.007462783716619015,684990.8035714263,0.009084096178412437,50,5,0,0,1219.6333529318217,7.785126552316233
nsga2,3,9520,475,nsga2,20,20,18,0.1,9520,20,577878.999999998,0.007462783716619015,684990.8035714263,0.009084096178412437,51,5,0,0,1222.0691448948346,7.785975155128244
nsga2,3,9540,476,nsga2,20,20,17,0.1,9540,20,577878.999999998,0.007462783716619015,684990.8035714263,0.009084096178412437,51,5,0,3,1224.5018255559262,7.7868401671603
nsga2,3,9560,477,nsga2,20,20,17,0.1,9560,20,577878.999999998,0.007462783716619015,684990.8035714263,0.009084096178412437,51,5,0,0,1227.1480794928502,7.786346374716932
nsga2,3,9580,478,nsga2,20,20,17,0.1,9580,20,577878.999999998,0.007462783716619015,684990.8035714263,0.009084096178412437,51,5,0,3,1229.653483463917,7.7867465336879755
nsga2,3,9600,479,nsga2,20,20,16,0.1,9600,20,577878.999999998,0.007462783716619015,684990.8035714263,0.009084096178412437,51,5,0,2,1232.218852167949,7.786766111489601
nsga2,3,9620,480,nsga2,20,20,16,0.1,9620,20,577878.999999998,0.007462783716619015,684990.8035714263,0.009084096178412437,50,5,0,3,1234.7505408588331,7.786998006344073
nsga2,3,9640,481,nsga2,20,20,16,0.1,9640,20,577878.999999998,0.007462783716619015,684990.8035714263,0.009084096178412437,50,5,0,2,1237.3904016828164,7.786548196023396
nsga2,3,9660,482,nsga2,20,20,17,0.1,9660,20,577878.999999998,0.007462783716619015,684990.8035714263,0.009084096178412437,50,5,0,2,1239.8181080128998,7.787432638384682
nsga2,3,9680,483,nsga2,20,20,16,0.1,9680,20,577878.999999998,0.007462783716619015,684990.8035714263,0.009084096178412437,50,5,0,1,1242.2534760849085,7.788265588510787
nsga2,3,9700,484,nsga2,20,20,16,0.1,9700,20,577878.999999998,0.007462783716619015,684990.8035714263,0.009084096178412437,51,5,0,2,1244.7839230359532,7.7885003337402345
nsga2,3,9720,485,nsga2,20,20,16,0.1,9720,20,577878.999999998,0.007462783716619015,684990.8035714263,0.009084096178412437,51,5,0,2,1247.2197894288693,7.789324770455032
nsga2,3,9740,486,nsga2,20,20,16,0.1,9740,20,577878.999999998,0.007462783716619015,684990.8035714263,0.009084096178412437,51,5,0,1,1249.6896232347935,7.789934251675365
nsga2,3,9760,487,nsga2,20,20,16,0.1,9760,20,577878.999999998,0.007462783716619015,684990.8035714263,0.009084096178412437,51,5,0,0,1252.1386887428816,7.790670544485607
nsga2,3,9780,488,nsga2,20,20,17,0.1,9780,20,577878.999999998,0.007462783716619015,684990.8035714263,0.009084096178412437,51,5,0,1,1254.6071699189488,7.7912833868401155
nsga2,3,9800,489,nsga2,20,20,18,0.1,9800,20,577878.999999998,0.007462783716619015,684990.8035714263,0.009084096178412437,51,5,0,1,1257.2328628469259,7.79091947836921
nsga2,3,9820,490,nsga2,20,20,19,0.1,9820,20,577878.999999998,0.007462783716619015,684990.8035714263,0.009084096178412437,50,5,0,3,1259.6917252598796,7.791588849228271
nsga2,3,9840,491,nsga2,20,20,19,0.1,9840,20,577878.999999998,0.007462783716619015,684990.8035714263,0.009084096178412437,50,5,0,1,1262.1935452679172,7.791990409769044
nsga2,3,9860,492,nsga2,20,20,19,0.1,9860,20,577878.999999998,0.007462783716619015,684990.8035714263,0.009084096178412437,50,5,0,0,1264.7260944498703,7.792201049102827
nsga2,3,9880,493,nsga2,20,20,19,0.1,9880,20,577878.999999998,0.007462783716619015,684990.8035714263,0.009084096178412437,50,5,0,1,1267.318182274932,7.792044758857344
nsga2,3,9900,494,nsga2,20,20,19,0.1,9900,20,577878.999999998,0.007462783716619015,684990.8035714263,0.009084096178412437,50,5,0,0,1269.997628434794,7.791353132048815
nsga2,3,9920,495,nsga2,20,20,19,0.1,9920,20,577878.999999998,0.007462783716619015,684990.8035714263,0.009084096178412437,50,5,0,1,1272.5146886699367,7.791658586167991
nsga2,3,9940,496,nsga2,20,20,19,0.1,9940,20,577878.999999998,0.007462783716619015,684990.8035714263,0.009084096178412437,50,5,0,2,1275.14910246199,7.791245730258549
nsga2,3,9960,497,nsga2,20,20,19,0.1,9960,20,577878.999999998,0.007462783716619015,684990.8035714263,0.009084096178412437,50,5,0,0,1277.8469399698079,7.7904478921671245
nsga2,3,9980,498,nsga2,20,20,19,0.1,9980,20,577878.999999998,0.007462783716619015,684990.8035714263,0.009084096178412437,49,5,0,3,1280.3909883759916,7.790589039252754
nsga2,3,10000,499,nsga2,20,20,19,0.1,10000,20,577878.999999998,0.007462783716619015,684990.8035714263,0.009084096178412437,49,5,0,0,1282.9989039069042,7.7903418074355955
moead,4,20,0,moead,20,20,20,0.05,20,2,646877.8392857062,0.00981670431792736,1062394.8749999988,0.025388605892658234,2,0,0,0,4.295243855100125,4.656313046406486
moead,4,40,1,moead,20,5,5,0.5,40,18,643107.6964285647,0.009526105597615242,711991.6964285718,0.010520209558308125,6,0,0,64,36.18377998005599,1.1054676991195354
moead,4,60,2,moead,20,6,5,0.3,60,20,643107.6964285647,0.009526105597615242,711991.6964285718,0.010403561405837536,9,0,0,11,70.97480162302963,0.8453704501870904
moead,4,80,3,moead,20,5,4,0.4,80,20,643107.6964285647,0.009343492798507214,705448.1249999998,0.010403561405837536,5,0,0,29,103.92607548320666,0.7697779371350084
moead,4,100,4,moead,20,6,6,0.4,100,11,640164.2678571362,0.009206914342939854,688205.0357142816,0.010567702353000641,6,0,0,33,134.62481709220447,0.7428050946320696
moead,4,120,5,moead,20,6,6,0.5,120,16,639040.8392857077,0.00916917622089386,654484.9107142813,0.010567702353000641,7,0,0,48,162.2845685381908,0.7394418402250004
moead,4,140,6,moead,20,6,6,0.5,140,19,639040.8392857077,0.00916917622089386,654484.9107142813,0.010567702353000641,8,0,0,6,190.3466725551989,0.7355001173419577
moead,4,160,7,moead,20,7,6,0.5,160,18,639040.8392857077,0.00916917622089386,654484.9107142813,0.010567702353000641,7,0,0,14,218.40686377114616,0.7325777094975057
moead,4,180,8,moead,20,10,10,0.15,180,11,639040.8392857077,0.00916917622089386,654484.9107142813,0.010567702353000641,7,0,0,25,247.04537604819052,0.7286110870777353
moead,4,200,9,moead,20,6,5,0.5,200,19,639040.8392857077,0.009126735851168633,641139.6428571362,0.010567702353000641,3,0,0,27,276.30032101110555,0.7238500457332485
moead,4,220,10,moead,20,6,4,0.45,220,20,639040.8392857077,0.009126735851168633,641139.6428571362,0.010501842014491558,5,0,0,30,305.26587538816966,0.7206832395538894
moead,4,240,11,moead,20,8,6,0.35,240,20,639040.8392857077,0.009126735851168633,641139.6428571362,0.010501842014491558,5,0,0,30,334.082414256176,0.7183856131258883
moead,4,260,12,moead,20,7,7,0.5,260,20,638953.2321428505,0.009126735851168633,641139.6428571362,0.009284963831305504,5,0,0,43,362.23059451719746,0.7177748206126638
moead,4,280,13,moead,20,7,6,0.45,280,16,638953.2321428505,0.009126735851168633,641139.6428571362,0.009284963831305504,6,0,0,21,390.1853372310288,0.717607693787355
moead,4,300,14,moead,20,4,4,0.45,300,12,638618.9999999934,0.00908872950822115,639491.9642857076,0.009288990870118141,3,0,0,29,418.48872590321116,0.7168651899821659
moead,4,320,15,moead,20,6,6,0.35,320,20,638618.9999999932,0.009088514372706413,638804.8571428504,0.009296359494328499,6,0,0,23,446.95419493108056,0.7159570345890665
moead,4,340,16,moead,20,6,6,0.25,340,20,638523.6428571362,0.009088514372706413,638804.8571428504,0.009289002045989037,6,0,0,5,475.6603484051302,0.7147957594952074
moead,4,360,17,moead,20,6,6,0.5,360,14,638518.9999999932,0.009082761593163013,638523.6428571362,0.009289002045989037,2,0,0,33,504.307218055008,0.7138505797883157
moead,4,380,18,moead,20,4,4,0.5,380,11,636423.035714279,0.009016590192914009,637839.1785714219,0.009127906523644924,2,0,0,21,532.6052794561256,0.7134739640358808
moead,4,400,19,moead,20,3,3,0.5,400,17,636497.3571428505,0.009016590192914009,637041.0714285647,0.009034723043441772,4,0,0,38,560.7619739400689,0.7133151293934739
moead,4,420,20,moead,20,4,2,0.55,420,20,635946.7499999934,0.009016590192914009,637041.0714285647,0.009021858684718609,4,0,0,26,588.5642438931391,0.713600943920501
moead,4,440,21,moead,20,4,4,0.4,440,12,635946.7499999934,0.009016590192914009,637041.0714285647,0.009021858684718609,5,0,0,8,616.9717080581468,0.7131607401980449
moead,4,460,22,moead,20,5,4,0.5,460,20,633648.3214285648,0.009013493545353413,637088.8571428503,0.009079933166503906,6,0,0,24,645.3986746901646,0.7127377511595161
moead,4,480,23,moead,20,4,4,0.35,480,13,633648.3214285648,0.008999394252896309,635422.3392857077,0.009079933166503906,2,0,0,17,673.6364933771547,0.7125504700518923
moead,4,500,24,moead,20,5,5,0.35,500,20,633648.3214285648,0.00898441020399332,639303.9464285646,0.009079933166503906,4,0,0,7,701.8977279830724,0.7123544927788376
moead,4,520,25,moead,20,8,8,0.35,520,18,632885.1428571364,0.008979599922895432,639408.6428571361,0.009084118530154228,7,0,0,18,730.1314524880145,0.7122005198215127
moead,4,540,26,moead,20,8,8,0.25,540,15,633083.9285714221,0.008960823528468609,644182.0892857072,0.009062427096068859,11,0,0,29,758.4000477471855,0.712025271628161
moead,4,560,27,moead,20,4,4,0.4,560,11,633083.9285714221,0.008880595676600933,634385.9464285647,0.009062427096068859,5,0,0,52,786.6153931950685,0.7119108078032852
moead,4,580,28,moead,20,5,4,0.45,580,20,633083.9285714221,0.008884484879672527,634224.3928571362,0.009062427096068859,6,0,0,60,814.9929956281558,0.7116625579744585
moead,4,600,29,moead,20,8,7,0.45,600,16,632470.1607142793,0.008880271576344967,634224.3928571362,0.009088234975934029,3,0,0,24,842.9365374771878,0.7117973575991036
moead,4,620,30,moead,20,6,6,0.3,620,15,631992.8392857078,0.008884484879672527,634224.3928571362,0.009025207720696926,3,0,0,8,870.9235314440448,0.7118879874241104
moead,4,640,31,moead,20,7,7,0.3,640,14,631992.8392857078,0.008884484879672527,634224.3928571362,0.009025207720696926,4,0,0,9,898.8302608181257,0.7120365522823682
moead,4,660,32,moead,20,8,8,0.35,660,20,631992.8392857078,0.008884484879672527,634224.3928571362,0.009025207720696926,5,0,0,9,926.8295181300491,0.712105071201877
moead,4,680,33,moead,20,7,7,0.3,680,14,631831.1607142793,0.008884484879672527,634224.3928571362,0.009011665359139442,3,0,0,4,954.810213994002,0.7121834161739201
moead,4,700,34,moead,20,7,7,0.35,700,20,631831.1607142793,0.008884484879672527,634224.3928571362,0.009011665359139442,5,0,0,8,982.6346291960217,0.7123705792586716
moead,4,720,35,moead,20,4,3,0.5,720,20,631831.1607142793,0.008878382854163647,633924.1071428505,0.009011665359139442,4,0,0,12,1010.7183710511308,0.7123646117673824
moead,4,740,36,moead,20,3,3,0.5,740,20,631766.821428565,0.008878382854163647,633924.1071428505,0.009001477621495724,4,0,0,4,1038.6656745520886,0.7124525418817904
moead,4,760,37,moead,20,6,6,0.25,760,19,631766.821428565,0.008878382854163647,633924.1071428505,0.009001477621495724,6,0,0,8,1066.7428243551403,0.7124491326758441
moead,4,780,38,moead,20,6,6,0.25,780,19,631766.821428565,0.008878382854163647,633924.1071428505,0.009001477621495724,6,0,0,4,1094.8321855920367,0.7124379519206504
moead,4,800,39,moead,20,5,4,0.6,800,15,630684.1249999935,0.008875792846083641,633924.1071428505,0.008878382854163647,2,0,0,33,1123.014397167135,0.7123684273487887
moead,4,820,40,moead,20,4,4,0.5,820,13,630597.6071428506,0.008713883347809315,639412.9107142789,0.008865151554346085,3,0,0,49,1151.0317038951907,0.7124043562180339
moead,4,840,41,moead,20,8,8,0.25,840,15,630597.6071428506,0.0086434967815876,639412.9107142789,0.008865151554346085,5,0,0,31,1175.9464222951792,0.7143182581061062
moead,4,860,42,moead,20,9,9,0.4,860,12,630597.6071428506,0.008589920587837696,636393.2142857076,0.008865151554346085,5,0,0,33,1199.540427186992,0.7169412389182759
moead,4,880,43,moead,20,8,7,0.3,880,18,627574.6607142793,0.008589920587837696,636393.2142857076,0.00879704114049673,8,0,0,26,1222.6436093030497,0.7197518502563729
moead,4,900,44,moead,20,9,8,0.3,900,19,626829.8392857079,0.008589920587837696,636393.2142857076,0.00879704114049673,7,0,0,19,1245.95084904111,0.7223398906085617
moead,4,920,45,moead,20,9,8,0.3,920,17,626829.8392857079,0.008589920587837696,636393.2142857076,0.008755636401474476,7,0,0,7,1269.0604589201976,0.7249457608842357
moead,4,940,46,moead,20,6,5,0.45,940,19,620007.8392857085,0.008324586786329746,633062.4999999932,0.008757520467042923,9,0,0,18,1292.417964048218,0.7273188907523805
moead,4,960,47,moead,20,5,4,0.4,960,20,620007.8392857085,0.008324586786329746,633062.4999999932,0.008757520467042923,7,0,0,12,1316.3579866881482,0.7292848979594704
moead,4,980,48,moead,20,8,7,0.25,980,20,620007.8392857085,0.00823945552110672,636481.7142857075,0.008757520467042923,10,0,0,20,1340.1323522131424,0.7312710557144546
moead,4,1000,49,moead,20,9,7,0.4,1000,20,620007.8392857085,0.00823945552110672,636481.7142857075,0.008757520467042923,10,0,0,17,1364.3454702121671,0.73295218977382
moead,4,1020,50,moead,20,10,9,0.2,1020,20,618588.6964285657,0.00823945552110672,636481.7142857075,0.008637934923171997,11,0,0,40,1388.836947613163,0.7344274659116455
moead,4,1040,51,moead,20,11,10,0.2,1040,20,618588.6964285657,0.00823945552110672,636481.7142857075,0.008637934923171997,12,0,0,2,1412.93022513506,0.7360589939256115
moead,4,1060,52,moead,20,10,10,0.3,1060,20,618588.6964285657,0.00823945552110672,636481.7142857075,0.008637934923171997,12,0,0,15,1437.0181855040137,0.7376385425687707
moead,4,1080,53,moead,20,8,8,0.4,1080,20,618499.2499999943,0.00823945552110672,636481.7142857075,0.008641960099339485,10,0,0,11,1461.494002649095,0.7389698473222598
moead,4,1100,54,moead,20,8,8,0.4,1100,20,618499.2499999943,0.00823945552110672,636481.7142857075,0.008641960099339485,10,0,0,0,1485.4136577011086,0.7405344594060137
moead,4,1120,55,moead,20,8,8,0.4,1120,20,618499.2499999943,0.00823945552110672,636481.7142857075,0.008641960099339485,11,0,0,4,1510.2573230520356,0.7415954770784519
moead,4,1140,56,moead,20,11,11,0.35,1140,20,618499.2499999943,0.00823945552110672,636481.7142857075,0.008641960099339485,13,0,0,11,1534.2174086510204,0.743049839984777
moead,4,1160,57,moead,20,10,10,0.35,1160,20,618499.2499999943,0.00823945552110672,636481.7142857075,0.008641960099339485,12,0,0,2,1558.362767693121,0.7443709667917527
moead,4,1180,58,moead,20,10,10,0.3,1180,20,618499.2499999943,0.00823945552110672,636481.7142857075,0.008641960099339485,13,0,0,7,1582.6428189801518,0.7455883196439654
moead,4,1200,59,moead,20,13,13,0.25,1200,20,618499.2499999943,0.00823945552110672,636481.7142857075,0.008641960099339485,16,0,0,11,1607.094961694209,0.746688919200489
moead,4,1220,60,moead,20,10,10,0.3,1220,19,618499.2499999943,0.00823945552110672,636481.7142857075,0.008641960099339485,12,0,0,13,1631.5211402392015,0.7477684290508995
moead,4,1240,61,moead,20,10,10,0.3,1240,19,618499.2499999943,0.00823945552110672,636481.7142857075,0.008641960099339485,13,0,0,6,1656.4381561200134,0.7485942022155149
moead,4,1260,62,moead,20,8,8,0.25,1260,19,618499.2499999943,0.008236896246671677,624012.8392857084,0.008641960099339485,12,0,0,18,1680.8523570501711,0.7496196764189627
moead,4,1280,63,moead,20,10,10,0.35,1280,19,618499.2499999943,0.008236896246671677,624012.8392857084,0.008641960099339485,13,0,0,27,1705.0346676271874,0.7507178735440686
moead,4,1300,64,moead,20,11,10,0.2,1300,20,617199.8214285659,0.008236896246671677,624012.8392857084,0.008614149875938892,13,0,0,11,1729.4422102440149,0.7516874471431902
moead,4,1320,65,moead,20,12,11,0.2,1320,20,617199.8214285659,0.008236896246671677,624012.8392857084,0.008614149875938892,15,0,0,2,1753.7743350111414,0.7526623999726934
moead,4,1340,66,moead,20,12,11,0.2,1340,20,617199.8214285659,0.008231553249061108,623995.8571428512,0.008614149875938892,15,0,0,1,1777.8636824411806,0.753713579524865
moead,4,1360,67,moead,20,12,12,0.15,1360,20,617199.8214285659,0.008231553249061108,623995.8571428512,0.008614149875938892,16,0,0,3,1802.0899986061268,0.754679289631443
moead,4,1380,68,moead,20,9,9,0.25,1380,20,616628.1071428517,0.008224395103752613,623747.4107142797,0.008592783473432064,11,0,0,13,1826.543531431118,0.7555253823700298
moead,4,1400,69,moead,20,11,11,0.2,1400,20,616452.1071428517,0.008224395103752613,623747.4107142797,0.008592918515205383,12,0,0,5,1850.7747663380578,0.7564399652854785
moead,4,1420,70,moead,20,12,12,0.2,1420,20,616452.1071428517,0.008224395103752613,623747.4107142797,0.008592918515205383,12,0,0,5,1875.3641773280688,0.75718626662857
moead,4,1440,71,moead,20,11,11,0.2,1440,20,616452.1071428517,0.008224395103752613,623747.4107142797,0.008592918515205383,12,0,0,2,1899.4277966981754,0.7581230529021368
moead,4,1460,72,moead,20,11,11,0.2,1460,20,616452.1071428517,0.008224395103752613,623747.4107142797,0.008592918515205383,12,0,0,0,1923.310268906178,0.7591078899767582
moead,4,1480,73,moead,20,11,11,0.2,1480,20,616452.1071428517,0.008224395103752613,623747.4107142797,0.008592918515205383,12,0,0,0,1947.1623457111418,0.7600804335909007
moead,4,1500,74,moead,20,11,11,0.2,1500,20,616452.1071428517,0.008224395103752613,623747.4107142797,0.008592918515205383,12,0,0,0,1971.1616159651894,0.7609726101862618
moead,4,1520,75,moead,20,12,12,0.2,1520,20,616452.1071428517,0.008224395103752613,623747.4107142797,0.008592918515205383,12,0,0,1,1995.322198833106,0.7617817317368185
moead,4,1540,76,moead,20,9,9,0.2,1540,20,616452.1071428517,0.008224395103752613,623747.4107142797,0.008592918515205383,11,0,0,4,2019.387117184,0.762607618368638
moead,4,1560,77,moead,20,10,10,0.2,1560,20,616452.1071428517,0.008224395103752613,623747.4107142797,0.008592918515205383,11,0,0,4,2043.5825749861542,0.7633652875566183
moead,4,1580,78,moead,20,11,11,0.2,1580,20,616356.6428571375,0.008224395103752613,623747.4107142797,0.008596536703407764,13,0,0,3,2067.90892408113,0.7640568603387932
moead,4,1600,79,moead,20,11,11,0.2,1600,20,616356.6428571375,0.008224395103752613,623747.4107142797,0.008596536703407764,13,0,0,0,2091.893370459089,0.7648573405291984
moead,4,1620,80,moead,20,11,11,0.2,1620,20,616356.6428571375,0.008224395103752613,623747.4107142797,0.008596536703407764,13,0,0,10,2115.6760744070634,0.7657126814434573
moead,4,1640,81,moead,20,11,11,0.2,1640,20,616356.6428571375,0.008224395103752613,623747.4107142797,0.008596536703407764,13,0,0,5,2139.8213750591967,0.7664191128825557
moead,4,1660,82,moead,20,11,11,0.2,1660,20,616356.6428571375,0.008224395103752613,623747.4107142797,0.008596536703407764,13,0,0,0,2164.093701772159,0.7670647526216815
moead,4,1680,83,moead,20,10,10,0.25,1680,20,616356.6428571375,0.008224395103752613,623747.4107142797,0.008596536703407764,13,0,0,5,2188.0420459660236,0.7678097425492012
moead,4,1700,84,moead,20,11,11,0.15,1700,19,616356.6428571375,0.008224395103752613,623747.4107142797,0.008596536703407764,7,0,0,7,2212.21757878107,0.7684596742679798
moead,4,1720,85,moead,20,13,13,0.15,1720,16,616356.6428571375,0.008224395103752613,623747.4107142797,0.008596536703407764,8,0,0,10,2236.316689325031,0.7691218369072466
moead,4,1740,86,moead,20,11,11,0.15,1740,16,616356.6428571375,0.008219961076974869,623630.8392857084,0.008596536703407764,8,0,0,8,2260.398037852021,0.7697759292223871
moead,4,1760,87,moead,20,11,11,0.15,1760,16,616356.6428571375,0.008219961076974869,623630.8392857084,0.008596536703407764,9,0,0,1,2284.7160809030756,0.7703364171640653
moead,4,1780,88,moead,20,11,11,0.15,1780,16,616356.6428571375,0.008219961076974869,623630.8392857084,0.008596536703407764,10,0,0,1,2308.7745648911223,0.7709717644450669
moead,4,1800,89,moead,20,11,11,0.15,1800,16,616356.6428571375,0.008219961076974869,623630.8392857084,0.008596536703407764,10,0,0,0,2332.8442581631243,0.7715902995673254
moead,4,1820,90,moead,20,11,11,0.15,1820,16,616356.6428571375,0.008219961076974869,623630.8392857084,0.008596536703407764,10,0,0,0,2357.0500095700845,0.772151627080649
moead,4,1840,91,moead,20,11,11,0.15,1840,16,616356.6428571375,0.008219961076974869,623630.8392857084,0.008596536703407764,10,0,0,0,2381.4588764570653,0.7726356386793449
moead,4,1860,92,moead,20,11,11,0.15,1860,16,616356.6428571375,0.008219961076974869,623630.8392857084,0.008596536703407764,10,0,0,0,2405.787199633196,0.773135712204134
moead,4,1880,93,moead,20,13,13,0.15,1880,15,616356.6428571375,0.008219125680625439,624653.3214285655,0.008596536703407764,10,0,0,6,2429.9999608220533,0.7736625639137904
moead,4,1900,94,moead,20,13,13,0.1,1900,15,616356.6428571375,0.008206738159060478,626562.5535714225,0.008596536703407764,10,0,0,6,2453.9657677230425,0.7742569293307421
moead,4,1920,95,moead,20,15,15,0.1,1920,17,616356.6428571375,0.008206738159060478,626562.5535714225,0.008596536703407764,10,0,0,7,2478.413110406138,0.7746892525457022
moead,4,1940,96,moead,20,15,15,0.1,1940,17,616356.6428571375,0.008206738159060478,626562.5535714225,0.008596536703407764,10,0,0,0,2502.5709088041913,0.7752028097085946
moead,4,1960,97,moead,20,15,15,0.1,1960,18,616356.6428571375,0.008206738159060478,626562.5535714225,0.008596536703407764,11,0,0,4,2527.037368594203,0.7756117991600388
moead,4,1980,98,moead,20,15,15,0.1,1980,16,616356.6428571375,0.008206738159060478,626562.5535714225,0.008596536703407764,11,0,0,4,2551.334301816998,0.7760645081241969
moead,4,2000,99,moead,20,15,15,0.1,2000,15,616356.6428571375,0.008205217309296131,626562.5535714225,0.008596536703407764,11,0,0,3,2575.715433644131,0.7764832923217738
moead,4,2020,100,moead,20,17,17,0.1,2020,15,616356.6428571375,0.008205217309296131,626562.5535714225,0.008596536703407764,12,0,0,5,2600.094915969996,0.7768947154940362
moead,4,2040,101,moead,20,17,17,0.1,2040,16,616356.6428571375,0.008205217309296131,626562.5535714225,0.008596536703407764,12,0,0,3,2625.084225560073,0.7771179225934198
moead,4,2060,102,moead,20,17,17,0.1,2060,16,616356.6428571375,0.008205217309296131,626562.5535714225,0.008596536703407764,12,0,0,0,2649.464506446151,0.7775156055074589
moead,4,2080,103,moead,20,17,17,0.1,2080,16,616356.6428571375,0.008205217309296131,626562.5535714225,0.008596536703407764,13,0,0,1,2673.8340332980733,0.777909164928385
moead,4,2100,104,moead,20,15,15,0.15,2100,19,616356.6428571375,0.008205217309296131,626562.5535714225,0.008596536703407764,13,0,0,9,2698.383623911999,0.7782436794348431
moead,4,2120,105,moead,20,16,16,0.15,2120,16,616356.6428571375,0.008187043480575085,626562.5535714225,0.008596536703407764,13,0,0,2,2722.6060257551726,0.7786657268607099
moead,4,2140,106,moead,20,13,13,0.2,2140,19,616356.6428571375,0.008187043480575085,621940.8392857086,0.008596536703407764,14,0,0,21,2746.8572337001096,0.7790721606296762
moead,4,2160,107,moead,20,12,12,0.2,2160,20,616356.6428571375,0.008187043480575085,621940.8392857086,0.008596536703407764,15,0,0,8,2771.223327830201,0.7794391662007357
moead,4,2180,108,moead,20,12,12,0.2,2180,20,616356.6428571375,0.008187043480575085,621940.8392857086,0.008596536703407764,15,0,0,1,2796.202719796216,0.7796287388486897
moead,4,2200,109,moead,20,12,12,0.2,2200,20,616356.6428571375,0.008187043480575085,621940.8392857086,0.008596536703407764,14,0,0,4,2820.585886433022,0.7799797944753141
moead,4,2220,110,moead,20,13,13,0.15,2220,20,616356.6428571375,0.008187043480575085,621940.8392857086,0.008596536703407764,14,0,0,4,2845.0332882259972,0.7803072143961687
moead,4,2240,111,moead,20,13,13,0.15,2240,20,616356.6428571375,0.008187043480575085,621940.8392857086,0.008596536703407764,15,0,0,1,2868.89414678514,0.7807886542311525
moead,4,2260,112,moead,20,13,13,0.15,2260,20,616356.6428571375,0.008187043480575085,621940.8392857086,0.008596536703407764,15,0,0,0,2892.854755894048,0.781235212516412
moead,4,2280,113,moead,20,14,14,0.15,2280,20,616356.6428571375,0.008187043480575085,621940.8392857086,0.008596536703407764,15,0,0,2,2916.7922226029914,0.7816806361219971
moead,4,2300,114,moead,20,14,14,0.15,2300,20,616356.6428571375,0.008187043480575085,621940.8392857086,0.008596536703407764,15,0,0,0,2941.4294400122017,0.7819327462740222
moead,4,2320,115,moead,20,14,14,0.15,2320,20,616356.6428571375,0.008187043480575085,621940.8392857086,0.008596536703407764,15,0,0,0,2966.2711736331694,0.7821267389921067
moead,4,2340,116,moead,20,10,10,0.25,2340,18,616356.6428571375,0.008172012865543365,627401.0357142794,0.008596536703407764,15,0,0,12,2990.377638600068,0.7825098642375685
moead,4,2360,117,moead,20,12,12,0.15,2360,19,616356.6428571375,0.008172012865543365,627401.0357142794,0.008596536703407764,16,0,0,8,3015.1110875871964,0.7827240627105914
moead,4,2380,118,moead,20,12,12,0.15,2380,20,616356.6428571375,0.008172012865543365,627401.0357142794,0.008596536703407764,17,0,0,10,3039.488319952041,0.7830265325834689
moead,4,2400,119,moead,20,13,13,0.15,2400,20,616356.6428571375,0.008172012865543365,627401.0357142794,0.008596536703407764,17,0,0,1,3064.08062320319,0.7832692070259691
moead,4,2420,120,moead,20,13,13,0.15,2420,20,616356.6428571375,0.008172012865543365,627401.0357142794,0.008596536703407764,17,0,0,0,3089.161542069167,0.7833840888680258
moead,4,2440,121,moead,20,12,12,0.2,2440,20,616356.6428571375,0.008172012865543365,627401.0357142794,0.008596536703407764,16,0,0,4,3113.6608645832166,0.7836434686108982
moead,4,2460,122,moead,20,12,12,0.2,2460,20,616356.6428571375,0.008172012865543365,627401.0357142794,0.008596536703407764,16,0,0,0,3138.2479718320537,0.7838768708146079
moead,4,2480,123,moead,20,12,12,0.2,2480,20,616356.6428571375,0.008172012865543365,627401.0357142794,0.008596536703407764,16,0,0,1,3162.776450228179,0.7841211792951981
moead,4,2500,124,moead,20,11,11,0.25,2500,20,616356.6428571375,0.008172012865543365,627401.0357142794,0.008596536703407764,16,0,0,8,3187.134142615134,0.7844037584024246
moead,4,2520,125,moead,20,12,12,0.2,2520,16,616356.6428571375,0.008172012865543365,627401.0357142794,0.008596536703407764,14,0,0,2,3211.665500451112,0.7846396206722149
moead,4,2540,126,moead,20,9,9,0.3,2540,20,616356.6428571375,0.008172012865543365,627401.0357142794,0.008596536703407764,14,0,0,9,3236.4071589121595,0.7848209064195001
moead,4,2560,127,moead,20,12,12,0.25,2560,17,616356.6428571375,0.0081471623852849,623537.6785714227,0.00863555446267128,15,0,0,12,3260.734295897186,0.7850992346175266
moead,4,2580,128,moead,20,10,9,0.25,2580,20,616356.6428571375,0.0081471623852849,623537.6785714227,0.008596536703407764,15,0,0,8,3285.0888122729957,0.7853668949104802
moead,4,2600,129,moead,20,10,9,0.25,2600,20,616356.6428571375,0.0081471623852849,623537.6785714227,0.008596536703407764,15,0,0,4,3309.3564467541873,0.78565124121038
moead,4,2620,130,moead,20,12,11,0.2,2620,20,616356.6428571375,0.0081471623852849,623537.6785714227,0.008596536703407764,17,0,0,5,3333.7998342260253,0.7858900144820059
moead,4,2640,131,moead,20,12,10,0.2,2640,20,616356.6428571375,0.0081471623852849,623537.6785714227,0.008596536703407764,17,0,0,1,3358.3907877260353,0.786090769915297
moead,4,2660,132,moead,20,12,10,0.2,2660,20,616356.6428571375,0.0081471623852849,623537.6785714227,0.008596536703407764,17,0,0,1,3383.2707720021717,0.7862214345988777
moead,4,2680,133,moead,20,12,10,0.2,2680,20,616356.6428571375,0.0081471623852849,623537.6785714227,0.008596536703407764,17,0,0,0,3407.7058233800344,0.7864528626892336
moead,4,2700,134,moead,20,13,12,0.15,2700,20,616076.9464285661,0.0081471623852849,623537.6785714227,0.00860871747136116,18,0,0,6,3432.690091327997,0.786555129698719
moead,4,2720,135,moead,20,12,11,0.2,2720,20,616076.9464285661,0.0081471623852849,623537.6785714227,0.00860871747136116,17,0,0,5,3457.3990166450385,0.7867185670225042
moead,4,2740,136,moead,20,12,11,0.2,2740,20,616076.9464285661,0.0081471623852849,623537.6785714227,0.00860871747136116,17,0,0,1,3482.797142438125,0.7867239715494508
moead,4,2760,137,moead,20,12,11,0.2,2760,20,616076.9464285661,0.0081471623852849,623537.6785714227,0.00860871747136116,17,0,0,0,3507.0577049660496,0.7869844844844714
moead,4,2780,138,moead,20,12,11,0.2,2780,20,616076.9464285661,0.0081471623852849,623537.6785714227,0.00860871747136116,15,0,0,6,3531.2962459360715,0.7872463272372894
moead,4,2800,139,moead,20,13,12,0.2,2800,20,616076.9464285661,0.0081471623852849,623537.6785714227,0.00860871747136116,16,0,0,1,3556.0279894131236,0.7873953771837728
moead,4,2820,140,moead,20,13,12,0.2,2820,20,616076.9464285661,0.0081471623852849,623537.6785714227,0.00860871747136116,16,0,0,3,3580.5082628692035,0.7875976797048981
moead,4,2840,141,moead,20,12,12,0.2,2840,20,616076.9464285661,0.0081471623852849,623537.6785714227,0.00860871747136116,17,0,0,3,3605.3127882450353,0.7877263823709543
moead,4,2860,142,moead,20,14,14,0.15,2860,17,616076.9464285661,0.0081471623852849,623537.6785714227,0.00860871747136116,17,0,0,3,3629.934382717125,0.7878930301376952
moead,4,2880,143,moead,20,13,13,0.15,2880,17,616076.9464285661,0.0081471623852849,623537.6785714227,0.00860871747136116,17,0,0,8,3654.389425434172,0.7880933487699746
moead,4,2900,144,moead,20,14,14,0.15,2900,17,616076.9464285661,0.0081471623852849,623537.6785714227,0.00860871747136116,17,0,0,1,3678.8306902640034,0.7882939564668815
moead,4,2920,145,moead,20,14,14,0.15,2920,17,616076.9464285661,0.0081471623852849,623537.6785714227,0.00860871747136116,15,0,0,1,3703.1157091220375,0.7885251851048142
moead,4,2940,146,moead,20,15,15,0.15,2940,17,616076.9464285661,0.0081471623852849,623537.6785714227,0.00860871747136116,15,0,0,3,3727.5371819550637,0.7887245268088763
moead,4,2960,147,moead,20,14,14,0.15,2960,18,616076.9464285661,0.0081471623852849,623537.6785714227,0.00860871747136116,16,0,0,7,3751.5952403431293,0.7889976957453629
moead,4,2980,148,moead,20,14,14,0.15,2980,18,616076.9464285661,0.0081471623852849,623537.6785714227,0.00860871747136116,16,0,0,0,3775.5971647182014,0.7892791179756111
moead,4,3000,149,moead,20,14,14,0.15,3000,18,616076.9464285661,0.0081471623852849,623537.6785714227,0.00860871747136116,16,0,0,0,3799.7283412050456,0.7895301270533935
moead,4,3020,150,moead,20,14,14,0.15,3020,18,616076.9464285661,0.0081471623852849,623537.6785714227,0.00860871747136116,15,0,0,1,3824.0631953631528,0.7897359028119317
moead,4,3040,151,moead,20,13,13,0.2,3040,19,615027.3928571375,0.0081471623852849,623537.6785714227,0.00861761998385191,16,0,0,9,3848.296429480193,0.7899599357034527
moead,4,3060,152,moead,20,12,12,0.15,3060,20,615027.3928571375,0.0081471623852849,623537.6785714227,0.00861761998385191,17,0,0,11,3873.323716145009,0.7900191732607149
moead,4,3080,153,moead,20,14,14,0.15,3080,20,615027.3928571375,0.0081471623852849,623537.6785714227,0.00861761998385191,17,0,0,3,3897.403927042149,0.7902696404212586
moead,4,3100,154,moead,20,12,12,0.2,3100,20,615027.3928571375,0.0081471623852849,623537.6785714227,0.00861761998385191,17,0,0,4,3921.5022392151877,0.7905133826011546
moead,4,3120,155,moead,20,12,12,0.2,3120,20,615027.3928571375,0.0081471623852849,623537.6785714227,0.00861761998385191,17,0,0,1,3945.6517064191867,0.7907438953428321
moead,4,3140,156,moead,20,12,12,0.2,3140,20,615027.3928571375,0.0081471623852849,623537.6785714227,0.00861761998385191,17,0,0,0,3970.7184250601567,0.7907888860068009
moead,4,3160,157,moead,20,13,13,0.2,3160,20,615027.3928571375,0.0081471623852849,623537.6785714227,0.00861761998385191,15,0,0,1,3994.7036832880694,0.7910474094035884
moead,4,3180,158,moead,20,11,10,0.4,3180,20,612383.6964285668,0.0081471623852849,623537.6785714227,0.008442253805696964,11,0,0,12,4019.7432475781534,0.7910953023967169
moead,4,3200,159,moead,20,12,12,0.2,3200,18,610559.5714285669,0.0081471623852849,623537.6785714227,0.008442477323114872,13,0,0,10,4044.447058833204,0.7912082797600467
moead,4,3220,160,moead,20,13,13,0.25,3220,18,610559.5714285669,0.0081471623852849,624569.1964285654,0.008442477323114872,13,0,0,8,4068.649013518123,0.7914174924653173
moead,4,3240,161,moead,20,13,13,0.25,3240,18,610368.6428571385,0.0081471623852849,624569.1964285654,0.008450676687061787,13,0,0,2,4093.2240450121462,0.7915520783545055
moead,4,3260,162,moead,20,14,14,0.25,3260,15,610368.6428571385,0.0081471623852849,624569.1964285654,0.008450676687061787,13,0,0,1,4117.43903364311,0.7917542854582481
moead,4,3280,163,moead,20,14,14,0.25,3280,15,610368.6428571385,0.0081471623852849,624569.1964285654,0.008450676687061787,13,0,0,1,4141.650360362139,0.7919548282953568
moead,4,3300,164,moead,20,14,14,0.25,3300,16,610368.6428571385,0.0081471623852849,623537.6785714227,0.008450676687061787,15,0,0,2,4165.877468397142,0.7921500392256385
moead,4,3320,165,moead,20,15,15,0.2,3320,16,610368.6428571385,0.0081471623852849,623537.6785714227,0.008450676687061787,15,0,0,1,4190.294924718095,0.7923069997807745
moead,4,3340,166,moead,20,16,16,0.15,3340,16,610368.6428571385,0.0081471623852849,623537.6785714227,0.008450676687061787,15,0,0,2,4214.827535605058,0.792440490574077
moead,4,3360,167,moead,20,17,17,0.15,3360,16,610368.6428571385,0.0081471623852849,623537.6785714227,0.008450676687061787,15,0,0,2,4239.135112472111,0.7926145100009725
moead,4,3380,168,moead,20,16,16,0.1,3380,19,610314.821428567,0.0081471623852849,623537.6785714227,0.008554867468774319,17,0,0,12,4263.576375393197,0.7927616869976414
moead,4,3400,169,moead,20,14,14,0.2,3400,19,610314.821428567,0.0081471623852849,623537.6785714227,0.008554867468774319,18,0,0,12,4288.000294827158,0.7929103932435827
moead,4,3420,170,moead,20,15,15,0.15,3420,20,610314.821428567,0.0081471623852849,623537.6785714227,0.008554867468774319,19,0,0,3,4312.742988568032,0.7929987966047448
moead,4,3440,171,moead,20,15,15,0.15,3440,20,610314.821428567,0.0081471623852849,623537.6785714227,0.008554867468774319,20,0,0,2,4337.6538341161795,0.793055446920171
moead,4,3460,172,moead,20,12,12,0.2,3460,20,609577.7857142814,0.0081471623852849,623537.6785714227,0.008449937216937542,20,0,0,8,4362.1722142470535,0.7931828066529519
moead,4,3480,173,moead,20,7,7,0.4,3480,17,609577.7857142814,0.0081471623852849,623537.6785714227,0.008449937216937542,5,0,0,31,4387.157764525153,0.7932242665489511
moead,4,3500,174,moead,20,6,6,0.4,3500,20,609577.7857142814,0.0081471623852849,623537.6785714227,0.008449937216937542,5,0,0,3,4411.717409583041,0.7933418383501564
moead,4,3520,175,moead,20,6,6,0.4,3520,14,609577.7857142814,0.0081471623852849,623537.6785714227,0.008449937216937542,6,0,0,9,4436.151270371163,0.7934806063783053
moead,4,3540,176,moead,20,8,7,0.4,3540,20,609577.7857142814,0.0081471623852849,623537.6785714227,0.008449937216937542,6,0,0,10,4460.514153590193,0.7936304825197592
moead,4,3560,177,moead,20,9,8,0.2,3560,20,609577.7857142814,0.0081471623852849,623537.6785714227,0.008449937216937542,7,0,0,4,4485.017170555191,0.7937539288304029
moead,4,3580,178,moead,20,8,8,0.3,3580,20,609577.7857142814,0.0081471623852849,623537.6785714227,0.008449937216937542,7,0,0,13,4509.6737286220305,0.7938490044808407
moead,4,3600,179,moead,20,9,9,0.25,3600,20,607223.0714285672,0.0081471623852849,623537.6785714227,0.008377965539693832,8,0,0,8,4534.265701943077,0.7939543548269096
moead,4,3620,180,moead,20,6,6,0.4,3620,20,607223.0714285672,0.0081471623852849,623537.6785714227,0.008377965539693832,7,0,0,9,4559.158807284199,0.7940061210888951
moead,4,3640,181,moead,20,6,6,0.4,3640,20,607223.0714285672,0.0081471623852849,623537.6785714227,0.008377965539693832,7,0,0,0,4583.580712947063,0.7941389555371486
moead,4,3660,182,moead,20,7,7,0.4,3660,20,607223.0714285672,0.0081471623852849,623537.6785714227,0.008377965539693832,8,0,0,2,4608.203684230102,0.7942357262820253
moead,4,3680,183,moead,20,8,8,0.4,3680,20,607223.0714285672,0.0081471623852849,623537.6785714227,0.008377965539693832,9,0,0,2,4632.9478246320505,0.7943106936008428
moead,4,3700,184,moead,20,8,8,0.4,3700,20,607223.0714285672,0.0081471623852849,623537.6785714227,0.008377965539693832,10,0,0,4,4657.345289535122,0.7944439954481708
moead,4,3720,185,moead,20,8,8,0.4,3720,20,607223.0714285672,0.0081471623852849,623537.6785714227,0.008377965539693832,11,0,0,3,4681.741880738176,0.7945760562548276
moead,4,3740,186,moead,20,8,8,0.4,3740,20,607223.0714285672,0.0081471623852849,623537.6785714227,0.008377965539693832,11,0,0,0,4706.093874233076,0.7947142789644173
moead,4,3760,187,moead,20,8,8,0.4,3760,20,607223.0714285672,0.0081471623852849,623537.6785714227,0.008377965539693832,11,0,0,0,4730.591670366004,0.7948265802677258
moead,4,3780,188,moead,20,9,9,0.4,3780,20,607223.0714285672,0.0081471623852849,623537.6785714227,0.008377965539693832,12,0,0,1,4755.657811046112,0.7948427221193413
moead,4,3800,189,moead,20,9,9,0.4,3800,20,607223.0714285672,0.0081471623852849,623537.6785714227,0.008377965539693832,13,0,0,3,4780.028142508119,0.7949743990432051
moead,4,3820,190,moead,20,9,9,0.4,3820,19,607223.0714285672,0.0081471623852849,623537.6785714227,0.008377965539693832,11,0,0,2,4804.617940388154,0.7950684211305656
moead,4,3840,191,moead,20,9,9,0.4,3840,19,607223.0714285672,0.0081471623852849,623537.6785714227,0.008377965539693832,11,0,0,0,4828.983427819097,0.7951984216550212
moead,4,3860,192,moead,20,9,9,0.4,3860,19,607223.0714285672,0.0081471623852849,623537.6785714227,0.008377965539693832,11,0,0,0,4853.402175941039,0.7953183890538753
moead,4,3880,193,moead,20,9,9,0.4,3880,19,607223.0714285672,0.0081471623852849,623537.6785714227,0.008377965539693832,11,0,0,0,4877.872006962076,0.7954288252053691
moead,4,3900,194,moead,20,9,9,0.4,3900,19,607223.0714285672,0.0081471623852849,623537.6785714227,0.008377965539693832,11,0,0,0,4902.159958672011,0.7955676748370538
moead,4,3920,195,moead,20,10,10,0.35,3920,13,607223.0714285672,0.0081471623852849,623537.6785714227,0.008377965539693832,9,0,0,1,4927.085031966213,0.7956022627106308
moead,4,3940,196,moead,20,10,10,0.25,3940,19,607223.0714285672,0.0081471623852849,623537.6785714227,0.008377965539693832,10,0,0,9,4951.55981821008,0.7957088563304997
moead,4,3960,197,moead,20,10,10,0.25,3960,19,607223.0714285672,0.0081471623852849,623537.6785714227,0.008377965539693832,10,0,0,0,4976.041619817028,0.7958132794206033
moead,4,3980,198,moead,20,10,10,0.25,3980,19,607223.0714285672,0.0081471623852849,623537.6785714227,0.008377965539693832,10,0,0,0,5000.806989767123,0.7958715479609703
moead,4,4000,199,moead,20,10,10,0.25,4000,17,607223.0714285672,0.0081471623852849,623537.6785714227,0.008377965539693832,10,0,0,5,5025.925139338011,0.7958733743747841
moead,4,4020,200,moead,20,11,11,0.25,4020,18,607073.732142853,0.0081471623852849,623537.6785714227,0.008380618877708912,11,0,0,6,5050.537372267107,0.7959549061203136
moead,4,4040,201,moead,20,11,11,0.25,4040,18,607073.732142853,0.0081471623852849,623537.6785714227,0.008380618877708912,12,0,0,3,5075.072703965008,0.7960477091970849
moead,4,4060,202,moead,20,5,4,0.75,4060,20,604795.8928571386,0.0081471623852849,623537.6785714227,0.008148803375661373,2,0,0,29,5099.709841114003,0.7961237259555762
moead,4,4080,203,moead,20,5,4,0.75,4080,20,604795.8928571386,0.0081471623852849,623537.6785714227,0.008148803375661373,2,0,0,0,5124.740796100115,0.7961378267374705
moead,4,4100,204,moead,20,5,4,0.75,4100,20,604795.8928571386,0.0081471623852849,623537.6785714227,0.008148803375661373,2,0,0,0,5149.453878219007,0.7962009364414443
moead,4,4120,205,moead,20,5,4,0.75,4120,20,604795.8928571386,0.0081471623852849,623537.6785714227,0.008148803375661373,2,0,0,0,5174.29770066007,0.7962433238958059
moead,4,4140,206,moead,20,5,4,0.75,4140,20,604795.8928571386,0.0081471623852849,623537.6785714227,0.008148803375661373,3,0,0,0,5199.077543955995,0.7962951052370457
moead,4,4160,207,moead,20,5,4,0.75,4160,20,604557.4999999958,0.0081471623852849,623537.6785714227,0.008161830715835094,3,0,0,1,5223.350354690105,0.7964236969600726
moead,4,4180,208,moead,20,5,4,0.75,4180,20,604557.4999999958,0.0081471623852849,623537.6785714227,0.008161830715835094,3,0,0,0,5247.880485156085,0.796512041732535
moead,4,4200,209,moead,20,5,4,0.75,4200,20,604557.4999999958,0.0081471623852849,623537.6785714227,0.008161830715835094,3,0,0,0,5272.609458961058,0.7965695226794949
moead,4,4220,210,moead,20,5,4,0.75,4220,20,604557.4999999958,0.0081471623852849,623537.6785714227,0.008161830715835094,3,0,0,0,5296.971235900186,0.7966816907365816
moead,4,4240,211,moead,20,5,4,0.75,4240,20,604557.4999999958,0.0081471623852849,623537.6785714227,0.008161830715835094,3,0,0,0,5321.378403097158,0.7967860352746626
moead,4,4260,212,moead,20,5,4,0.75,4260,20,604557.4999999958,0.0081471623852849,623537.6785714227,0.008161830715835094,3,0,0,0,5345.734674154082,0.7968970140992098
moead,4,4280,213,moead,20,5,4,0.75,4280,20,604557.4999999958,0.0081471623852849,623537.6785714227,0.008161830715835094,3,0,0,0,5369.999156594044,0.7970206093504524
moead,4,4300,214,moead,20,5,4,0.75,4300,20,604557.4999999958,0.0081471623852849,623537.6785714227,0.008161830715835094,3,0,0,0,5395.171519837109,0.797008952206551
moead,4,4320,215,moead,20,5,4,0.75,4320,20,604557.4999999958,0.0081471623852849,623537.6785714227,0.008161830715835094,3,0,0,0,5419.584375926061,0.7971090955220765
moead,4,4340,216,moead,20,5,4,0.75,4340,20,604557.4999999958,0.0081471623852849,623537.6785714227,0.008161830715835094,3,0,0,0,5444.062628941145,0.7971987641964579
moead,4,4360,217,moead,20,5,4,0.75,4360,20,604557.4999999958,0.0081471623852849,623537.6785714227,0.008161830715835094,3,0,0,0,5468.554639952024,0.7972856242757136
moead,4,4380,218,moead,20,5,4,0.75,4380,20,604557.4999999958,0.0081471623852849,623537.6785714227,0.008161830715835094,3,0,0,0,5493.080680257175,0.7973667701154058
moead,4,4400,219,moead,20,5,4,0.75,4400,20,604461.2857142815,0.0081471623852849,623537.6785714227,0.00817119050770998,4,0,0,1,5517.338395024184,0.7974859769283217
moead,4,4420,220,moead,20,5,4,0.6,4420,20,604461.2857142815,0.0081471623852849,623537.6785714227,0.00817119050770998,5,0,0,12,5542.167217880022,0.7975219487676752
moead,4,4440,221,moead,20,5,4,0.6,4440,20,604461.2857142815,0.0081471623852849,623537.6785714227,0.00817119050770998,5,0,0,0,5566.773210716201,0.7975895248351181
moead,4,4460,222,moead,20,5,4,0.6,4460,20,604461.2857142815,0.0081471623852849,623537.6785714227,0.00817119050770998,5,0,0,0,5591.132573354058,0.7976916915286979
moead,4,4480,223,moead,20,5,4,0.6,4480,20,604461.2857142815,0.0081471623852849,623537.6785714227,0.00817119050770998,5,0,0,0,5615.810324659105,0.7977477409321063
moead,4,4500,224,moead,20,5,5,0.45,4500,17,604461.2857142815,0.0081471623852849,623537.6785714227,0.00817119050770998,5,0,0,9,5640.191080685006,0.7978453097822124
moead,4,4520,225,moead,20,6,6,0.45,4520,17,604461.2857142815,0.0081471623852849,623537.6785714227,0.00817119050770998,5,0,0,10,5664.712569048163,0.7979222149235177
moead,4,4540,226,moead,20,6,6,0.35,4540,11,604461.2857142815,0.0081471623852849,623537.6785714227,0.00817119050770998,5,0,0,11,5689.178513029125,0.7980062481081719
moead,4,4560,227,moead,20,6,6,0.35,4560,12,604461.2857142815,0.0081471623852849,623537.6785714227,0.00817119050770998,4,0,0,13,5713.568050078116,0.7981002343951527
moead,4,4580,228,moead,20,6,6,0.35,4580,13,604461.2857142815,0.0081471623852849,623537.6785714227,0.00817119050770998,4,0,0,1,5737.988998291083,0.7981890521860602
moead,4,4600,229,moead,20,6,6,0.35,4600,13,604461.2857142815,0.0081471623852849,623537.6785714227,0.00817119050770998,4,0,0,0,5762.422906549182,0.7982753217872902
moead,4,4620,230,moead,20,6,6,0.35,4620,13,604461.2857142815,0.0081471623852849,623537.6785714227,0.00817119050770998,4,0,0,0,5786.786249688128,0.7983705982312703
moead,4,4640,231,moead,20,6,6,0.35,4640,13,604461.2857142815,0.0081471623852849,623537.6785714227,0.00817119050770998,4,0,0,0,5811.215339154005,0.798456042187466
moead,4,4660,232,moead,20,6,6,0.35,4660,13,604461.2857142815,0.0081471623852849,623537.6785714227,0.00817119050770998,4,0,0,0,5835.756272194209,0.7985254665626857
moead,4,4680,233,moead,20,6,6,0.35,4680,13,604461.2857142815,0.0081471623852849,623537.6785714227,0.00817119050770998,4,0,0,0,5860.2814715891145,0.7985964535472967
moead,4,4700,234,moead,20,6,6,0.35,4700,13,604461.2857142815,0.0081471623852849,623537.6785714227,0.00817119050770998,4,0,0,0,5884.663073585136,0.7986863378970992
moead,4,4720,235,moead,20,6,6,0.35,4720,13,604461.2857142815,0.0081471623852849,623537.6785714227,0.00817119050770998,4,0,0,0,5908.984942098148,0.7987835552554368
moead,4,4740,236,moead,20,6,6,0.35,4740,13,604461.2857142815,0.0081471623852849,623537.6785714227,0.00817119050770998,4,0,0,0,5933.315908025019,0.7988787506812141
moead,4,4760,237,moead,20,8,8,0.3,4760,17,604461.2857142815,0.0081471623852849,623537.6785714227,0.00817119050770998,5,0,0,9,5957.533029026119,0.798988436456578
moead,4,4780,238,moead,20,8,7,0.35,4780,18,604461.2857142815,0.0081471623852849,623537.6785714227,0.00817119050770998,5,0,0,1,5982.027127418201,0.7990602346303656
moead,4,4800,239,moead,20,9,8,0.35,4800,17,604461.2857142815,0.0081471623852849,623537.6785714227,0.008176157251000404,5,0,0,3,6006.779081833083,0.7990971425130535
moead,4,4820,240,moead,20,9,8,0.35,4820,17,604461.2857142815,0.0081471623852849,623537.6785714227,0.008176157251000404,5,0,0,0,6031.187760350062,0.7991792316079773
moead,4,4840,241,moead,20,9,8,0.35,4840,17,604461.2857142815,0.0081471623852849,623537.6785714227,0.008176157251000404,5,0,0,0,6055.426084510051,0.7992831441508064
moead,4,4860,242,moead,20,8,8,0.35,4860,19,604461.2857142815,0.0081471623852849,623537.6785714227,0.00817119050770998,6,0,0,19,6079.534175498178,0.7994033522480782
moead,4,4880,243,moead,20,7,7,0.45,4880,13,604366.4107142815,0.0081471623852849,623537.6785714227,0.008148257620632648,5,0,0,19,6103.8634582131635,0.7994936376621643
moead,4,4900,244,moead,20,8,8,0.3,4900,9,604366.4107142815,0.0081471623852849,623537.6785714227,0.008148257620632648,5,0,0,4,6128.211702637142,0.7995807321557433
moead,4,4920,245,moead,20,9,8,0.35,4920,6,604366.4107142815,0.0081471623852849,623537.6785714227,0.008148257620632648,5,0,0,3,6152.770583105041,0.7996397612337247
moead,4,4940,246,moead,20,9,8,0.35,4940,6,604366.4107142815,0.0081471623852849,623537.6785714227,0.008148257620632648,5,0,0,0,6177.164463666035,0.7997196819118201
moead,4,4960,247,moead,20,10,10,0.3,4960,9,604366.4107142815,0.0081471623852849,623537.6785714227,0.008148257620632648,6,0,0,3,6201.49199416209,0.799807530940813
moead,4,4980,248,moead,20,10,10,0.3,4980,9,604366.4107142815,0.0081471623852849,623537.6785714227,0.008148257620632648,6,0,0,0,6225.96617250517,0.7998758525210835
moead,4,5000,249,moead,20,10,10,0.3,5000,9,604366.4107142815,0.0081471623852849,623537.6785714227,0.008148257620632648,6,0,0,1,6250.3511136032175,0.7999550599834363
moead,4,5020,250,moead,20,10,10,0.3,5020,9,604366.4107142815,0.0081471623852849,623537.6785714227,0.008148257620632648,6,0,0,0,6274.734350161161,0.8000338691423751
moead,4,5040,251,moead,20,10,10,0.3,5040,9,604366.4107142815,0.0081471623852849,623537.6785714227,0.008148257620632648,6,0,0,0,6299.278501513181,0.8000916293491892
moead,4,5060,252,moead,20,7,6,0.3,5060,17,603134.8749999958,0.008129961788654327,609483.1071428527,0.00822023767977953,8,0,0,29,6323.62614006619,0.800173806598098
moead,4,5080,253,moead,20,7,6,0.3,5080,14,603134.8749999958,0.008129961788654327,609483.1071428527,0.00822023767977953,5,0,0,25,6348.002928031143,0.800251678770977
moead,4,5100,254,moead,20,9,8,0.25,5100,14,603134.8749999958,0.008129961788654327,609483.1071428527,0.00822023767977953,5,0,0,9,6372.945194212021,0.8002579411214576
moead,4,5120,255,moead,20,8,8,0.3,5120,13,603077.3035714244,0.008129961788654327,609483.1071428527,0.00822023767977953,5,0,0,23,6397.498062167084,0.8003128645365553
moead,4,5140,256,moead,20,10,10,0.3,5140,13,602753.5535714244,0.008129961788654327,609483.1071428527,0.008224541321396828,6,0,0,10,6422.300504710991,0.800336265210515
moead,4,5160,257,moead,20,8,7,0.35,5160,8,602753.5535714244,0.008135036565363407,603784.7499999959,0.008224541321396828,5,0,0,19,6446.8166136320215,0.8003950335874295
moead,4,5180,258,moead,20,4,3,0.5,5180,19,602743.5535714244,0.008135036565363407,603784.7499999959,0.008218630217015743,4,0,0,14,6471.481846412178,0.8004349116534751
moead,4,5200,259,moead,20,4,3,0.5,5200,19,602743.5535714244,0.008135036565363407,603784.7499999959,0.008218630217015743,4,0,0,0,6496.761571748182,0.8003987744621444
moead,4,5220,260,moead,20,4,3,0.5,5220,19,602743.5535714244,0.008135036565363407,603784.7499999959,0.008218630217015743,4,0,0,0,6521.249781567138,0.8004600613144386
moead,4,5240,261,moead,20,4,3,0.5,5240,19,602743.5535714244,0.008135036565363407,603784.7499999959,0.008218630217015743,4,0,0,0,6545.884068115149,0.8005030253321962
moead,4,5260,262,moead,20,6,5,0.45,5260,18,602058.6428571388,0.008135036565363407,603784.7499999959,0.008246411569416523,5,0,0,17,6570.759658539202,0.8005162680336709
moead,4,5280,263,moead,20,6,5,0.45,5280,15,597819.196428567,0.008135036565363407,603784.7499999959,0.008538453839719296,6,0,0,15,6595.4250081691425,0.8005549291304431
moead,4,5300,264,moead,20,5,5,0.4,5300,19,597819.196428567,0.008135036565363407,603784.7499999959,0.008538453839719296,6,0,0,12,6619.5809442061,0.8006549122477178
moead,4,5320,265,moead,20,6,6,0.25,5320,19,597425.6964285672,0.008135036565363407,603784.7499999959,0.008490859530866146,7,0,0,13,6644.249529257184,0.8006923846815198
moead,4,5340,266,moead,20,9,9,0.3,5340,18,596949.9642857102,0.008135036565363407,603784.7499999959,0.008459445089101791,5,0,0,16,6668.894250059035,0.8007324452554828
moead,4,5360,267,moead,20,11,11,0.2,5360,19,596637.0892857104,0.008135036565363407,603784.7499999959,0.008480541408061981,8,0,0,9,6694.492655232083,0.8006581343861644
moead,4,5380,268,moead,20,11,11,0.2,5380,18,596548.4821428532,0.008135036565363407,603784.7499999959,0.008488601073622704,10,0,0,5,6719.364372564014,0.8006709714935534
moead,4,5400,269,moead,20,11,11,0.2,5400,18,596548.4821428532,0.008135036565363407,603784.7499999959,0.008488601073622704,9,0,0,3,6745.171506460058,0.8005726755543954
moead,4,5420,270,moead,20,9,9,0.2,5420,18,596541.1964285675,0.008135036565363407,604732.4285714244,0.008459819480776787,7,0,0,7,6771.235046239104,0.8004448173764681
moead,4,5440,271,moead,20,6,6,0.45,5440,14,588262.3035714254,0.008135036565363407,603784.7499999959,0.008255090564489365,6,0,0,44,6797.149812108139,0.8003354568277173
moead,4,5460,272,moead,20,7,7,0.45,5460,19,587929.1964285681,0.008135036565363407,603784.7499999959,0.008345737121999264,8,0,0,17,6823.022367510013,0.8002318775913037
moead,4,5480,273,moead,20,8,7,0.5,5480,19,587929.1964285681,0.008135036565363407,603784.7499999959,0.008345737121999264,9,0,0,1,6848.9787138260435,0.8001192920832877
moead,4,5500,274,moead,20,8,7,0.45,5500,18,587213.2678571397,0.008135036565363407,603784.7499999959,0.008345737121999264,10,0,0,4,6875.35045823711,0.7999592214838515
moead,4,5520,275,moead,20,7,7,0.5,5520,18,587213.2678571397,0.008135036565363407,603784.7499999959,0.008345737121999264,6,0,0,20,6901.461360335117,0.7998306027945309
moead,4,5540,276,moead,20,9,9,0.5,5540,19,587601.5357142825,0.008135036565363407,603784.7499999959,0.008258739486336708,7,0,0,11,6928.256734836148,0.7996239475572812
moead,4,5560,277,moead,20,7,6,0.3,5560,20,587601.5357142825,0.008128926157951355,588386.0535714253,0.008258739486336708,5,0,0,16,6955.878282096004,0.7993239350250122
moead,4,5580,278,moead,20,6,6,0.4,5580,20,587601.5357142825,0.008128926157951355,588386.0535714253,0.008258739486336708,7,0,0,17,6983.213401603047,0.7990590690983425
moead,4,5600,279,moead,20,8,8,0.3,5600,20,587601.5357142825,0.008128926157951355,588386.0535714253,0.008258739486336708,7,0,0,11,7010.866610176163,0.7987600265952411
moead,4,5620,280,moead,20,8,8,0.3,5620,20,587601.5357142825,0.008128926157951355,588386.0535714253,0.008258739486336708,7,0,0,0,7038.188177967211,0.7985009576176442
moead,4,5640,281,moead,20,8,8,0.3,5640,20,587601.5357142825,0.008128926157951355,588386.0535714253,0.008258739486336708,7,0,0,0,7065.233119727112,0.7982751459753447
moead,4,5660,282,moead,20,8,8,0.3,5660,20,587601.5357142825,0.008128926157951355,588386.0535714253,0.008258739486336708,7,0,0,0,7092.50762548903,0.798025225896002
moead,4,5680,283,moead,20,10,9,0.35,5680,20,587601.5357142825,0.008128451183438301,588097.8035714253,0.008258739486336708,6,0,0,14,7119.364943415159,0.7978239695737952
moead,4,5700,284,moead,20,7,6,0.5,5700,20,586981.6607142827,0.008128451183438301,588097.8035714253,0.008229312486946583,4,0,0,15,7146.807344344212,0.7975589274154458
moead,4,5720,285,moead,20,7,6,0.5,5720,20,586981.6607142827,0.008128451183438301,588097.8035714253,0.008229312486946583,5,0,0,0,7173.713451799005,0.7973555172552304
moead,4,5740,286,moead,20,6,6,0.45,5740,20,586482.4821428541,0.008127552457153797,587563.9821428539,0.008251242339611053,4,0,0,19,7201.730331817176,0.797030676730665
moead,4,5760,287,moead,20,7,7,0.45,5760,20,586482.4821428541,0.008127279579639435,587930.839285711,0.008251242339611053,5,0,0,3,7228.667117105098,0.7968273966261621
moead,4,5780,288,moead,20,5,5,0.35,5780,20,586341.5535714256,0.008127279579639435,587930.839285711,0.008254440501332283,5,0,0,12,7256.469152748119,0.7965306374672645
moead,4,5800,289,moead,20,6,6,0.35,5800,20,586341.5535714256,0.008127279579639435,587930.839285711,0.008254440501332283,5,0,0,4,7283.327166653005,0.7963393470165014
moead,4,5820,290,moead,20,6,6,0.35,5820,20,586341.5535714256,0.008127279579639435,587930.839285711,0.008254440501332283,5,0,0,0,7310.306371857179,0.7961362635094912
moead,4,5840,291,moead,20,6,6,0.35,5840,20,586341.5535714256,0.008127279579639435,587930.839285711,0.008254440501332283,5,0,0,0,7336.9793405591045,0.7959678948141853
moead,4,5860,292,moead,20,6,6,0.35,5860,20,586341.5535714256,0.008127279579639435,587930.839285711,0.008254440501332283,5,0,0,0,7364.132485243026,0.7957488559233344
moead,4,5880,293,moead,20,6,6,0.35,5880,20,586341.5535714256,0.008123924024403095,588709.6071428538,0.008254440501332283,6,0,0,1,7391.077748734038,0.7955538014746416
moead,4,5900,294,moead,20,8,7,0.45,5900,18,586341.5535714256,0.008123924024403095,588709.6071428538,0.008254440501332283,7,0,0,4,7417.996982173994,0.7953629550103815
moead,4,5920,295,moead,20,8,7,0.45,5920,18,586341.5535714256,0.008123924024403095,588709.6071428538,0.008254440501332283,7,0,0,0,7445.330094769131,0.7951292856926809
moead,4,5940,296,moead,20,8,7,0.45,5940,18,586341.5535714256,0.00812365859746933,587654.2321428539,0.008254440501332283,5,0,0,1,7472.304236522177,0.7949355127923224
moead,4,5960,297,moead,20,7,7,0.3,5960,19,586313.3392857112,0.00812365859746933,587654.2321428539,0.008158570155501366,6,0,0,21,7499.442958099069,0.7947256927347466
moead,4,5980,298,moead,20,8,8,0.25,5980,19,586313.3392857112,0.00812365859746933,587654.2321428539,0.008158570155501366,6,0,0,9,7526.383339078166,0.7945383234668503
moead,4,6000,299,moead,20,11,10,0.35,6000,18,586010.1607142828,0.008123203180730343,587563.982142854,0.008244586177170277,7,0,0,7,7553.463576013222,0.7943375829670509
moead,4,6020,300,moead,20,11,10,0.35,6020,18,586010.1607142828,0.008123203180730343,587563.982142854,0.008244586177170277,6,0,0,0,7580.797161968192,0.7941117367183368
moead,4,6040,301,moead,20,8,8,0.25,6040,20,586072.5178571399,0.008123203180730343,587563.982142854,0.008235279470682144,6,0,0,13,7608.844536469085,0.7938130383726943
moead,4,6060,302,moead,20,8,8,0.25,6060,20,586072.5178571399,0.008123203180730343,587563.982142854,0.008235279470682144,6,0,0,0,7636.648567113094,0.7935418196533405
moead,4,6080,303,moead,20,10,10,0.25,6080,20,586072.5178571399,0.008123203180730343,587563.982142854,0.008235279470682144,6,0,0,2,7664.154719437007,0.7933034003842011
moead,4,6100,304,moead,20,12,12,0.2,6100,20,586020.0535714256,0.008123203180730343,587563.982142854,0.008258658461272717,6,0,0,7,7691.060872052098,0.7931285555372835
moead,4,6120,305,moead,20,11,10,0.2,6120,14,585971.9821428542,0.008123203180730343,587563.982142854,0.008237701840698719,5,0,0,12,7718.097688619047,0.7929415053950962
moead,4,6140,306,moead,20,10,10,0.2,6140,18,585971.9821428542,0.008123203180730343,587563.982142854,0.008237701840698719,5,0,0,7,7745.2667792791035,0.7927422224404626
moead,4,6160,307,moead,20,6,6,0.3,6160,17,585964.4107142828,0.00811649952083826,587516.3035714254,0.008237701840698719,5,0,0,18,7773.009097928181,0.7924858857610094
moead,4,6180,308,moead,20,5,5,0.3,6180,20,585924.3035714257,0.00811649952083826,587516.3035714254,0.008226695470511913,6,0,0,3,7800.177879298106,0.7922896241125341
moead,4,6200,309,moead,20,5,5,0.3,6200,20,585924.3035714257,0.00811649952083826,587516.3035714254,0.008226695470511913,6,0,0,0,7827.102667661151,0.7921194167563728
moead,4,6220,310,moead,20,5,5,0.3,6220,20,585924.3035714257,0.00811649952083826,587516.3035714254,0.008226695470511913,6,0,0,0,7854.002964613028,0.7919528459595462
moead,4,6240,311,moead,20,5,4,0.3,6240,20,585857.8749999971,0.00811649952083826,587516.3035714254,0.008220257237553596,5,0,0,6,7881.152845016215,0.7917623376567267
moead,4,6260,312,moead,20,7,5,0.25,6260,20,585857.8749999971,0.00811649952083826,587516.3035714254,0.008220257237553596,5,0,0,2,7908.484716071049,0.7915549216753094
moead,4,6280,313,moead,20,7,5,0.25,6280,20,585857.8749999971,0.00811649952083826,587516.3035714254,0.008220257237553596,5,0,0,0,7935.361219614046,0.7913943456635036
moead,4,6300,314,moead,20,7,5,0.25,6300,20,585857.8749999971,0.00811649952083826,587516.3035714254,0.008220257237553596,5,0,0,0,7962.991998648038,0.7911599058582023
moead,4,6320,315,moead,20,8,6,0.25,6320,18,585824.7678571399,0.00811649952083826,587516.3035714254,0.008220257237553596,5,0,0,2,7989.899837244069,0.7909986518904769
moead,4,6340,316,moead,20,9,7,0.25,6340,15,585824.7678571399,0.008109061978757381,587516.3035714254,0.008220257237553596,5,0,0,2,8016.980239798082,0.7908214577512394
moead,4,6360,317,moead,20,9,7,0.25,6360,15,585824.7678571399,0.008109061978757381,587516.3035714254,0.008220257237553596,5,0,0,0,8043.765225755051,0.7906744940337317
moead,4,6380,318,moead,20,9,7,0.25,6380,17,585824.7678571399,0.008109061978757381,587516.3035714254,0.008218455128371716,5,0,0,2,8070.624951970996,0.7905211849104555
moead,4,6400,319,moead,20,9,8,0.25,6400,18,585824.7678571399,0.008109061978757381,587516.3035714254,0.008218455128371716,6,0,0,5,8097.584670488024,0.790359133054213
moead,4,6420,320,moead,20,6,6,0.35,6420,18,585824.7678571399,0.008109061978757381,587516.3035714254,0.008218455128371716,5,0,0,7,8124.417256373214,0.7902105218640536
moead,4,6440,321,moead,20,6,6,0.35,6440,18,585824.7678571399,0.008109061978757381,587516.3035714254,0.008218455128371716,5,0,0,0,8151.889448155183,0.7900008999088435
moead,4,6460,322,moead,20,6,6,0.35,6460,18,585812.4107142828,0.008109061978757381,587516.3035714254,0.008238363079726696,6,0,0,2,8178.7404264581855,0.7898526745147616
moead,4,6480,323,moead,20,7,7,0.35,6480,18,585812.4107142828,0.008109061978757381,587516.3035714254,0.008238363079726696,6,0,0,1,8205.623757573077,0.7897023055705574
moead,4,6500,324,moead,20,6,6,0.3,6500,20,585795.5178571399,0.008101686835289001,587147.732142854,0.008229563944041729,6,0,0,8,8232.668033354217,0.7895374833122866
moead,4,6520,325,moead,20,4,4,0.5,6520,16,584787.5178571399,0.008099649101495743,587147.732142854,0.008101686835289001,1,0,0,19,8259.60899215308,0.789383614429476
moead,4,6540,326,moead,20,6,6,0.5,6540,19,584787.5178571399,0.008099649101495743,587147.732142854,0.008101686835289001,2,0,0,3,8286.681058754213,0.789218259231905
moead,4,6560,327,moead,20,6,6,0.5,6560,20,584787.5178571399,0.008099649101495743,584787.5178571399,0.008099649101495743,2,0,0,1,8313.600384904072,0.7890684777093353
moead,4,6580,328,moead,20,6,6,0.5,6580,20,584787.5178571399,0.008099649101495743,584787.5178571399,0.008099649101495743,2,0,0,0,8340.388187702047,0.788932103868049
moead,4,6600,329,moead,20,7,7,0.3,6600,10,584427.6249999972,0.008099649101495743,584787.5178571399,0.008205059915781021,3,0,0,13,8367.702876070049,0.7887469354193581
moead,4,6620,330,moead,20,9,9,0.25,6620,19,584427.6249999972,0.008099649101495743,584787.5178571399,0.008205059915781021,3,0,0,9,8394.5050604532,0.788611115524493
moead,4,6640,331,moead,20,9,9,0.25,6640,19,584427.6249999972,0.008099649101495743,584787.5178571399,0.008205059915781021,3,0,0,0,8421.861545398133,0.7884242651350905
moead,4,6660,332,moead,20,9,9,0.25,6660,19,584427.6249999972,0.008099649101495743,584787.5178571399,0.008205059915781021,3,0,0,0,8448.820905704051,0.7882756747161767
moead,4,6680,333,moead,20,5,5,0.5,6680,20,584427.6249999971,0.008099649101495743,584787.5178571399,0.00812301505357027,2,0,0,16,8475.661026743008,0.7881391172821552
moead,4,6700,334,moead,20,6,6,0.45,6700,14,584427.6249999971,0.008099649101495743,585012.3392857114,0.00812301505357027,2,0,0,27,8502.448974161176,0.78800825742809
moead,4,6720,335,moead,20,8,8,0.3,6720,17,584311.7857142828,0.008099649101495743,584787.5178571399,0.008160975761711597,3,0,0,12,8529.19896171405,0.7878817260758954
moead,4,6740,336,moead,20,8,8,0.3,6740,17,584311.7857142828,0.008099649101495743,584787.5178571399,0.008160975761711597,3,0,0,0,8556.434395070188,0.7877112929052864
moead,4,6760,337,moead,20,9,9,0.3,6760,17,584311.7857142828,0.008099649101495743,584787.5178571399,0.008160975761711597,3,0,0,3,8583.321705908049,0.7875738824221135
moead,4,6780,338,moead,20,10,10,0.25,6780,18,584043.1785714256,0.008099649101495743,584787.5178571399,0.008164829574525356,4,0,0,6,8609.957689244999,0.7874603156841452
moead,4,6800,339,moead,20,10,10,0.35,6800,18,584043.1785714256,0.008099649101495743,584787.5178571399,0.008164673112332821,4,0,0,7,8635.919919202104,0.7874088763699734
moead,4,6820,340,moead,20,10,10,0.35,6820,19,584043.1785714256,0.008099649101495743,584787.5178571399,0.008164673112332821,5,0,0,3,8662.19481762615,0.787329325140831
moead,4,6840,341,moead,20,11,11,0.35,6840,19,584043.1785714256,0.008099649101495743,584787.5178571399,0.008164673112332821,8,0,0,2,8688.349834300112,0.7872611175250858
moead,4,6860,342,moead,20,12,12,0.3,6860,19,584043.1785714256,0.008099649101495743,584787.5178571399,0.008164673112332821,8,0,0,1,8714.572024142137,0.7871872515363483
moead,4,6880,343,moead,20,11,11,0.4,6880,19,583992.499999997,0.008099649101495743,584787.5178571399,0.008155457675457,6,0,0,9,8740.15329944808,0.7871715477158113
moead,4,6900,344,moead,20,12,12,0.35,6900,19,583992.499999997,0.008099649101495743,584787.5178571399,0.008155457675457,6,0,0,1,8765.915696636075,0.7871396712893187
moead,4,6920,345,moead,20,12,12,0.35,6920,19,583992.499999997,0.008099649101495743,584787.5178571399,0.008155457675457,6,0,0,0,8792.255921535194,0.7870562528839261
moead,4,6940,346,moead,20,12,12,0.35,6940,19,583992.499999997,0.008099649101495743,584787.5178571399,0.008155457675457,6,0,0,0,8818.68897781102,0.7869650485987149
moead,4,6960,347,moead,20,13,13,0.35,6960,15,583992.499999997,0.008096248842775822,584787.5178571399,0.008155457675457,6,0,0,1,8844.682044562185,0.7869135334581179
moead,4,6980,348,moead,20,10,10,0.2,6980,17,583992.499999997,0.008096248842775822,584787.5178571399,0.008155457675457,6,0,0,16,8871.26182695711,0.7868102797721367
moead,4,7000,349,moead,20,6,6,0.4,7000,20,582882.0178571402,0.008096248842775822,584787.5178571399,0.008104666136205196,3,0,0,17,8898.229565836024,0.7866733430744347
moead,4,7020,350,moead,20,7,7,0.35,7020,20,582882.0178571402,0.008096248842775822,584787.5178571399,0.008104666136205196,3,0,0,7,8925.367202854017,0.7865222618241693
moead,4,7040,351,moead,20,7,7,0.35,7040,20,582882.0178571402,0.008096248842775822,584787.5178571399,0.008104666136205196,3,0,0,0,8952.559946883004,0.7863672560440216
moead,4,7060,352,moead,20,6,6,0.3,7060,20,582882.0178571402,0.008072328753769398,592260.7142857108,0.008104666136205196,3,0,0,14,8979.39953967114,0.7862441100664693
moead,4,7080,353,moead,20,6,6,0.3,7080,20,582882.0178571402,0.008072328753769398,592260.7142857108,0.008104666136205196,3,0,0,0,9006.588510109112,0.7860912033511153
moead,4,7100,354,moead,20,6,6,0.25,7100,20,582882.0178571402,0.008072328753769398,592260.7142857108,0.008104666136205196,4,0,0,6,9033.304269098211,0.7859803886256992
moead,4,7120,355,moead,20,5,5,0.35,7120,20,582882.0178571402,0.008037971332669258,593457.7857142823,0.008104666136205196,5,0,0,13,9060.515932825161,0.785827214784215
moead,4,7140,356,moead,20,7,7,0.25,7140,20,582882.0178571402,0.008037971332669258,593457.7857142823,0.008104666136205196,5,0,0,3,9087.845609779004,0.7856647556068713
moead,4,7160,357,moead,20,7,7,0.25,7160,20,582882.0178571402,0.008037971332669258,593457.7857142823,0.008104666136205196,6,0,0,8,9115.30541398609,0.7854920570202768
moead,4,7180,358,moead,20,8,8,0.25,7180,17,582882.0178571402,0.007981754839420319,664683.7499999978,0.008104666136205196,6,0,0,14,9142.401988897007,0.7853515967378981
moead,4,7200,359,moead,20,5,5,0.45,7200,20,582882.0178571402,0.007959297858178616,664583.9999999978,0.008104666136205196,7,0,0,33,9169.95388292917,0.7851729781764284
moead,4,7220,360,moead,20,5,5,0.45,7220,20,582882.0178571402,0.00794165302067995,627434.7321428504,0.008104666136205196,8,0,0,37,9196.783588944003,0.7850570724181863
moead,4,7240,361,moead,20,9,9,0.3,7240,20,582882.0178571402,0.007933283224701881,627477.660714279,0.008104666136205196,10,0,0,15,9223.833371556131,0.7849231125885524
moead,4,7260,362,moead,20,8,8,0.25,7260,20,582882.0178571402,0.007914281450212002,629924.9642857075,0.008104666136205196,11,0,0,9,9250.91814519302,0.7847869677424889
moead,4,7280,363,moead,20,8,8,0.25,7280,19,582882.0178571402,0.007914281450212002,629924.9642857075,0.008147022686898708,11,0,0,5,9277.962136073038,0.7846550668379113
moead,4,7300,364,moead,20,12,12,0.2,7300,17,582882.0178571402,0.007914281450212002,629924.9642857075,0.008146856911480427,12,0,0,6,9305.084070994053,0.7845173610795918
moead,4,7320,365,moead,20,12,12,0.25,7320,19,582882.0178571402,0.007914281450212002,629924.9642857075,0.008146856911480427,12,0,0,8,9332.792661219137,0.7843311499265423
moead,4,7340,366,moead,20,13,13,0.15,7340,19,582882.0178571402,0.007914281450212002,629924.9642857075,0.008146856911480427,13,0,0,4,9359.741528121056,0.7842096897598289
moead,4,7360,367,moead,20,14,14,0.1,7360,15,582882.0178571402,0.007914281450212002,629924.9642857075,0.008104666136205196,13,0,0,7,9387.190059713088,0.7840471912448902
moead,4,7380,368,moead,20,13,12,0.3,7380,15,582882.0178571402,0.007914281450212002,629924.9642857075,0.008104666136205196,14,0,0,11,9414.793906337116,0.783872708571189
moead,4,7400,369,moead,20,14,13,0.25,7400,16,582882.0178571402,0.007914281450212002,629924.9642857075,0.008104666136205196,15,0,0,4,9441.626580242068,0.7837632570097128
moead,4,7420,370,moead,20,12,11,0.3,7420,19,582882.0178571402,0.007914281450212002,629924.9642857075,0.008104666136205196,15,0,0,7,9467.905811177101,0.7837002340306874
moead,4,7440,371,moead,20,12,11,0.25,7440,19,582882.0178571402,0.007902584969997406,629709.8035714218,0.008104666136205196,16,0,0,5,9494.643729725154,0.7835997022939764
moead,4,7460,372,moead,20,13,12,0.25,7460,18,582882.0178571402,0.007902584969997406,629709.8035714218,0.008104666136205196,17,0,0,1,9522.433247263078,0.7834132102888871
moead,4,7480,373,moead,20,13,12,0.25,7480,18,582882.0178571402,0.007902584969997406,629709.8035714218,0.008104666136205196,17,0,0,4,9549.680757994065,0.7832722569012027
moead,4,7500,374,moead,20,14,14,0.15,7500,18,582882.0178571402,0.007902584969997406,629709.8035714218,0.008104666136205196,19,0,0,4,9576.804885006044,0.7831421951325749
moead,4,7520,375,moead,20,14,14,0.15,7520,18,582882.0178571402,0.007902584969997406,629709.8035714218,0.008104666136205196,19,0,0,3,9604.36471612216,0.7829773464742248
moead,4,7540,376,moead,20,14,14,0.15,7540,20,582882.0178571402,0.007902584969997406,629709.8035714218,0.008104666136205196,20,0,0,2,9631.235340993153,0.7828694589060359
moead,4,7560,377,moead,20,13,13,0.25,7560,18,582882.0178571402,0.007902584969997406,629709.8035714218,0.008104666136205196,15,0,0,12,9658.127398772165,0.7827604345911922
moead,4,7580,378,moead,20,12,12,0.25,7580,20,582882.0178571402,0.007902584969997406,629709.8035714218,0.008104666136205196,17,0,0,10,9685.383932777215,0.7826225632984782
moead,4,7600,379,moead,20,12,12,0.25,7600,20,582882.0178571402,0.007902584969997406,629709.8035714218,0.008104666136205196,17,0,0,0,9712.518864973215,0.7824952626252591
moead,4,7620,380,moead,20,12,12,0.25,7620,20,582882.0178571402,0.007902584969997406,629709.8035714218,0.008104666136205196,19,0,0,3,9740.150192878209,0.7823287987459969
moead,4,7640,381,moead,20,11,11,0.25,7640,20,582882.0178571402,0.007902584969997406,629709.8035714218,0.008104666136205196,19,0,0,2,9767.517316117184,0.7821844336424558
moead,4,7660,382,moead,20,12,12,0.25,7660,20,582882.0178571402,0.007902584969997406,629709.8035714218,0.008104666136205196,17,0,0,4,9794.533232416026,0.7820689172454317
moead,4,7680,383,moead,20,12,12,0.25,7680,20,582882.0178571402,0.007902584969997406,629709.8035714218,0.008104666136205196,17,0,0,0,9821.344999473076,0.7819702902618775
moead,4,7700,384,moead,20,10,10,0.25,7700,20,582882.0178571402,0.007885348051786423,624012.464285708,0.008104666136205196,16,0,0,4,9848.916915594134,0.7818118546424451
moead,4,7720,385,moead,20,9,9,0.25,7720,20,582882.0178571402,0.007885348051786423,624012.464285708,0.008104666136205196,17,0,0,3,9875.995046828175,0.7816933851621761
moead,4,7740,386,moead,20,11,11,0.2,7740,19,582882.0178571402,0.007885348051786423,624012.464285708,0.008104666136205196,19,0,0,6,9903.26880041021,0.7815601248427587
moead,4,7760,387,moead,20,12,12,0.2,7760,19,582882.0178571402,0.007885348051786423,624012.464285708,0.008104666136205196,21,0,0,10,9930.435402108124,0.7814360283087524
moead,4,7780,388,moead,20,10,10,0.2,7780,19,582882.0178571402,0.007885348051786423,624012.464285708,0.008104666136205196,20,0,0,4,9957.820348335197,0.7812954771071666
moead,4,7800,389,moead,20,12,12,0.2,7800,19,582882.0178571402,0.007885348051786423,624012.464285708,0.008104666136205196,20,0,0,2,9985.54647128703,0.7811290070531977
moead,4,7820,390,moead,20,12,12,0.2,7820,19,582882.0178571402,0.007885348051786423,624012.464285708,0.008104666136205196,20,0,0,0,10013.46500609722,0.780948452432638
moead,4,7840,391,moead,20,14,14,0.2,7840,19,582882.0178571402,0.007885348051786423,624012.464285708,0.008104666136205196,22,0,0,3,10040.764708189061,0.7808170221941205
moead,4,7860,392,moead,20,13,13,0.2,7860,20,582882.0178571402,0.007885348051786423,624012.464285708,0.008104666136205196,20,0,0,4,10068.45710326801,0.7806558561439179
moead,4,7880,393,moead,20,13,13,0.2,7880,20,582882.0178571402,0.007885348051786423,624012.464285708,0.008104666136205196,21,0,0,0,10095.627169738058,0.7805359555690145
moead,4,7900,394,moead,20,13,13,0.2,7900,20,582882.0178571402,0.007885348051786423,624012.464285708,0.008104666136205196,22,0,0,0,10122.483242833056,0.7804409066908929
moead,4,7920,395,moead,20,13,13,0.2,7920,20,582882.0178571402,0.007881548255681992,623503.9464285653,0.008104666136205196,20,0,0,5,10150.315663908143,0.7802713001489638
moead,4,7940,396,moead,20,13,13,0.2,7940,20,582882.0178571402,0.007881548255681992,623503.9464285653,0.008104666136205196,20,0,0,0,10177.122677783016,0.7801812212928585
moead,4,7960,397,moead,20,10,10,0.35,7960,20,582882.0178571402,0.00781257264316082,630029.535714279,0.008104666136205196,22,0,0,8,10204.025530977175,0.780084288875522
moead,4,7980,398,moead,20,11,11,0.3,7980,19,582882.0178571402,0.00781257264316082,630029.535714279,0.008104666136205196,24,0,0,16,10230.59904170921,0.7800129755321535
moead,4,8000,399,moead,20,11,10,0.3,8000,19,582882.0178571402,0.00781257264316082,630029.535714279,0.008104666136205196,24,0,0,1,10257.570766790072,0.7799117531707228
moead,4,8020,400,moead,20,13,11,0.25,8020,19,582882.0178571402,0.007811244111508131,630898.6071428504,0.008104666136205196,25,0,0,4,10284.74615807319,0.7797956193313105
moead,4,8040,401,moead,20,11,10,0.25,8040,19,582882.0178571402,0.007811244111508131,630898.6071428504,0.008104666136205196,25,0,0,4,10312.221828975016,0.7796573942396599
moead,4,8060,402,moead,20,12,11,0.25,8060,19,582882.0178571402,0.007811244111508131,630898.6071428504,0.008104666136205196,26,0,0,2,10340.064068704145,0.7794922687563297
moead,4,8080,403,moead,20,12,11,0.25,8080,19,582882.0178571402,0.007811244111508131,630898.6071428504,0.008104666136205196,26,0,0,0,10368.275357810082,0.7793002906615131
moead,4,8100,404,moead,20,12,11,0.25,8100,19,582882.0178571402,0.007811244111508131,630898.6071428504,0.008104666136205196,26,0,0,2,10395.68904602807,0.7791691309865415
moead,4,8120,405,moead,20,11,10,0.25,8120,19,582882.0178571402,0.007811244111508131,630898.6071428504,0.008104666136205196,24,0,0,6,10423.333811278222,0.7790213905664255
moead,4,8140,406,moead,20,11,10,0.25,8140,19,582882.0178571402,0.007810594514012337,632954.9821428503,0.008104666136205196,25,0,0,1,10450.605253159069,0.7789022552104716
moead,4,8160,407,moead,20,11,11,0.25,8160,19,582882.0178571402,0.007810594514012337,632954.9821428503,0.008104666136205196,25,0,0,15,10478.470943637192,0.7787395741126686
moead,4,8180,408,moead,20,12,12,0.25,8180,17,582882.0178571402,0.007810594514012337,632954.9821428503,0.008104666136205196,19,0,0,3,10506.146702978993,0.7785918311687557
moead,4,8200,409,moead,20,12,12,0.25,8200,17,582882.0178571402,0.007810594514012337,632954.9821428503,0.008104666136205196,19,0,0,1,10532.91022349801,0.7785122844497916
moead,4,8220,410,moead,20,12,12,0.25,8220,19,582882.0178571402,0.007810594514012337,632954.9821428503,0.008104666136205196,21,0,0,2,10560.048627785174,0.7784055064265393
moead,4,8240,411,moead,20,12,12,0.25,8240,20,582882.0178571402,0.007810594514012337,632954.9821428503,0.008104666136205196,20,0,0,4,10587.355152490083,0.7782869169229674
moead,4,8260,412,moead,20,13,13,0.15,8260,20,582882.0178571402,0.007810594514012337,632954.9821428503,0.008104666136205196,21,0,0,6,10614.746411729138,0.7781627256655723
moead,4,8280,413,moead,20,13,13,0.15,8280,20,582882.0178571402,0.007810594514012337,632954.9821428503,0.008104666136205196,22,0,0,2,10642.342375319218,0.7780242082046003
moead,4,8300,414,moead,20,12,12,0.25,8300,20,582882.0178571402,0.007810594514012337,632954.9821428503,0.008104666136205196,22,0,0,5,10669.427209806163,0.7779236726383544
moead,4,8320,415,moead,20,12,12,0.25,8320,20,582882.0178571402,0.007810594514012337,632954.9821428503,0.008104666136205196,22,0,0,1,10696.49017428304,0.777825236543787
moead,4,8340,416,moead,20,13,13,0.15,8340,20,582882.0178571402,0.007810594514012337,632954.9821428503,0.008104666136205196,23,0,0,3,10724.226214760216,0.7776784854203558
moead,4,8360,417,moead,20,12,12,0.2,8360,19,582882.0178571402,0.007810594514012337,632954.9821428503,0.008104666136205196,25,0,0,7,10751.288348367205,0.7775812283250343
moead,4,8380,418,moead,20,12,12,0.2,8380,19,582882.0178571402,0.007810594514012337,632954.9821428503,0.008104666136205196,25,0,0,0,10778.253740716027,0.7774914380001686
moead,4,8400,419,moead,20,13,13,0.2,8400,19,582882.0178571402,0.007810594514012337,632954.9821428503,0.008104666136205196,25,0,0,1,10805.352265978,0.7773925174516012
moead,4,8420,420,moead,20,12,12,0.2,8420,19,582882.0178571402,0.007810594514012337,632954.9821428503,0.008104666136205196,26,0,0,2,10832.665500215022,0.7772786854567667
moead,4,8440,421,moead,20,13,13,0.2,8440,19,582882.0178571402,0.007810594514012337,632954.9821428503,0.008104666136205196,28,0,0,1,10859.68089374411,0.7771867408057999
moead,4,8460,422,moead,20,13,13,0.2,8460,19,582882.0178571402,0.007810594514012337,632954.9821428503,0.008104666136205196,28,0,0,0,10886.808077127207,0.7770872729697657
moead,4,8480,423,moead,20,13,13,0.2,8480,20,582882.0178571402,0.007810594514012337,632954.9821428503,0.008104666136205196,28,0,0,3,10914.052639407106,0.7769799432138955
moead,4,8500,424,moead,20,12,12,0.2,8500,20,582882.0178571402,0.007810594514012337,632954.9821428503,0.008104666136205196,26,0,0,3,10941.585550552001,0.7768526746629675
moead,4,8520,425,moead,20,12,12,0.15,8520,19,582882.0178571402,0.007810594514012337,632954.9821428503,0.008104666136205196,25,0,0,4,10968.928200732218,0.7767395176705831
moead,4,8540,426,moead,20,12,12,0.15,8540,19,582882.0178571402,0.007810594514012337,632954.9821428503,0.008104666136205196,25,0,0,0,10996.391218159115,0.7766184224054612
moead,4,8560,427,moead,20,12,12,0.15,8560,19,582882.0178571402,0.007810594514012337,632954.9821428503,0.008104666136205196,25,0,0,0,11023.871243542992,0.7764967324898543
moead,4,8580,428,moead,20,11,11,0.15,8580,20,582882.0178571402,0.007801429368555546,631151.9107142789,0.008104666136205196,25,0,0,3,11051.0357662912,0.776397812969843
moead,4,8600,429,moead,20,11,11,0.15,8600,20,582882.0178571402,0.007801429368555546,631151.9107142789,0.008104666136205196,24,0,0,3,11078.664629745064,0.7762668414846581
moead,4,8620,430,moead,20,14,14,0.15,8620,20,582882.0178571402,0.007801429368555546,631151.9107142789,0.008104666136205196,24,0,0,4,11106.444301189156,0.7761259829193997
moead,4,8640,431,moead,20,13,13,0.2,8640,20,582882.0178571402,0.007801429368555546,631151.9107142789,0.008104666136205196,22,0,0,6,11133.434771798085,0.7760408334978381
moead,4,8660,432,moead,20,13,13,0.2,8660,20,582882.0178571402,0.007760635111480951,626959.946428565,0.008104666136205196,21,0,0,5,11160.700257096207,0.7759369753249838
moead,4,8680,433,moead,20,14,14,0.15,8680,20,582882.0178571402,0.007760635111480951,626959.946428565,0.008104666136205196,21,0,0,8,11188.075999699067,0.77582597760629
moead,4,8700,434,moead,20,15,15,0.15,8700,19,582882.0178571402,0.007760635111480951,626959.946428565,0.008104666136205196,23,0,0,4,11215.168380238116,0.7757351209572553
moead,4,8720,435,moead,20,15,15,0.15,8720,19,582882.0178571402,0.007760635111480951,626959.946428565,0.008104666136205196,25,0,0,4,11242.069051121129,0.7756579291896795
moead,4,8740,436,moead,20,15,15,0.15,8740,20,582882.0178571402,0.007756498642265797,627021.0892857078,0.008104666136205196,24,0,0,3,11269.139291081112,0.7755694356282575
moead,4,8760,437,moead,20,15,15,0.15,8760,20,582882.0178571402,0.007756498642265797,627021.0892857078,0.008104666136205196,24,0,0,0,11296.314991834108,0.7754741264148918
moead,4,8780,438,moead,20,15,15,0.15,8780,20,582882.0178571402,0.007756498642265797,627021.0892857078,0.008104666136205196,25,0,0,0,11323.11105722515,0.7754052711862771
moead,4,8800,439,moead,20,13,13,0.25,8800,20,582882.0178571402,0.007756498642265797,627021.0892857078,0.008104666136205196,18,0,0,12,11350.10072753299,0.7753235157334794
moead,4,8820,440,moead,20,13,13,0.25,8820,20,582882.0178571402,0.007756498642265797,627021.0892857078,0.008104666136205196,19,0,0,0,11376.72958116699,0.7752667352312396
moead,4,8840,441,moead,20,13,13,0.25,8840,20,582882.0178571402,0.007756498642265797,627021.0892857078,0.008104666136205196,19,0,0,0,11404.201985199004,0.7751528788663191
moead,4,8860,442,moead,20,13,13,0.25,8860,20,582882.0178571402,0.007756498642265797,627021.0892857078,0.008104666136205196,20,0,0,5,11430.816423637094,0.7750977420719435
moead,4,8880,443,moead,20,11,11,0.25,8880,20,582882.0178571402,0.007756498642265797,627021.0892857078,0.008104666136205196,18,0,0,3,11457.855229395209,0.7750141559842978
moead,4,8900,444,moead,20,11,11,0.25,8900,20,582882.0178571402,0.007756498642265797,627021.0892857078,0.008104666136205196,19,0,0,2,11485.28242478799,0.7749047581791866
moead,4,8920,445,moead,20,11,11,0.25,8920,20,582882.0178571402,0.007756498642265797,627021.0892857078,0.008104666136205196,19,0,0,0,11512.336998593062,0.7748209595575707
moead,4,8940,446,moead,20,11,11,0.2,8940,20,582882.0178571402,0.007756498642265797,627021.0892857078,0.008104666136205196,16,0,0,6,11539.2061556431,0.7747500026791712
moead,4,8960,447,moead,20,12,12,0.2,8960,20,582882.0178571402,0.007756498642265797,627021.0892857078,0.008104666136205196,17,0,0,1,11565.993944030022,0.7746848254770919
moead,4,8980,448,moead,20,11,11,0.25,8980,20,582882.0178571402,0.007756498642265797,627021.0892857078,0.008104666136205196,16,0,0,6,11592.900958165992,0.7746119830062487
moead,4,9000,449,moead,20,11,11,0.25,9000,20,582882.0178571402,0.007756498642265797,627021.0892857078,0.008104666136205196,17,0,0,1,11619.735373882111,0.7745443170960211
moead,4,9020,450,moead,20,11,11,0.25,9020,20,582882.0178571402,0.007756498642265797,627021.0892857078,0.008104666136205196,17,0,0,0,11646.652961732121,0.7744714322335677
moead,4,9040,451,moead,20,11,11,0.25,9040,20,582882.0178571402,0.007756498642265797,627021.0892857078,0.008104666136205196,17,0,0,0,11673.722790022148,0.7743887843325128
moead,4,9060,452,moead,20,11,11,0.25,9060,20,582882.0178571402,0.007756498642265797,627021.0892857078,0.008104666136205196,17,0,0,3,11700.507521408144,0.7743253857512702
moead,4,9080,453,moead,20,11,11,0.25,9080,20,582882.0178571402,0.007756498642265797,627021.0892857078,0.008104666136205196,17,0,0,0,11728.562870563008,0.7741783968084857
moead,4,9100,454,moead,20,12,12,0.2,9100,20,582882.0178571402,0.007756498642265797,627021.0892857078,0.008104666136205196,18,0,0,4,11755.463794704992,0.7741081218844729
moead,4,9120,455,moead,20,12,12,0.2,9120,20,582882.0178571402,0.007756498642265797,627021.0892857078,0.008104666136205196,17,0,0,3,11781.815236829221,0.7740742675620517
moead,4,9140,456,moead,20,12,12,0.2,9140,20,582882.0178571402,0.007756498642265797,627021.0892857078,0.008104666136205196,18,0,0,1,11808.416435442166,0.7740241928263053
moead,4,9160,457,moead,20,12,12,0.2,9160,20,582882.0178571402,0.007756498642265797,627021.0892857078,0.008104666136205196,19,0,0,1,11835.711086562136,0.7739289961546926
moead,4,9180,458,moead,20,13,13,0.2,9180,20,582882.0178571402,0.007756498642265797,627021.0892857078,0.008104666136205196,20,0,0,2,11862.979832002195,0.7738359273978999
moead,4,9200,459,moead,20,13,13,0.2,9200,20,582882.0178571402,0.007756498642265797,627021.0892857078,0.008104666136205196,21,0,0,0,11890.157587625086,0.7737492066190174
moead,4,9220,460,moead,20,14,14,0.15,9220,20,582882.0178571402,0.007756498642265797,627021.0892857078,0.008104666136205196,22,0,0,1,11916.831840548199,0.7736955697090596
moead,4,9240,461,moead,20,13,13,0.15,9240,20,582882.0178571402,0.007756498642265797,627021.0892857078,0.008104666136205196,21,0,0,5,11943.86384144309,0.7736189999034347
moead,4,9260,462,moead,20,12,12,0.2,9260,20,582882.0178571402,0.007756498642265797,627021.0892857078,0.008104666136205196,21,0,0,5,11970.495248059044,0.773568662625004
moead,4,9280,463,moead,20,12,12,0.2,9280,20,582688.803571426,0.007756498642265797,627021.0892857078,0.008104427717626095,21,0,0,1,11997.126668564044,0.7735185479300052
moead,4,9300,464,moead,20,12,12,0.2,9300,20,582688.803571426,0.007756498642265797,627021.0892857078,0.008104427717626095,21,0,0,0,12024.189062941121,0.7734409323837774
moead,4,9320,465,moead,20,9,9,0.35,9320,20,582688.803571426,0.007756498642265797,627021.0892857078,0.008104427717626095,12,0,0,14,12051.122167677153,0.7733719624050932
moead,4,9340,466,moead,20,9,9,0.35,9340,20,582688.803571426,0.007756498642265797,627021.0892857078,0.008104427717626095,13,0,0,0,12078.016451887088,0.7733057855324169
moead,4,9360,467,moead,20,10,10,0.35,9360,19,582688.803571426,0.007756498642265797,627021.0892857078,0.008104427717626095,13,0,0,1,12105.340322649106,0.7732124624771952
moead,4,9380,468,moead,20,11,10,0.35,9380,18,582688.803571426,0.007756498642265797,627021.0892857078,0.008104427717626095,14,0,0,2,12132.781225617044,0.7731121022931785
moead,4,9400,469,moead,20,10,10,0.35,9400,18,582688.803571426,0.007756498642265797,627021.0892857078,0.008104427717626095,12,0,0,4,12159.62514120806,0.7730501467634971
moead,4,9420,470,moead,20,10,10,0.35,9420,20,582688.803571426,0.007756498642265797,627021.0892857078,0.008104427717626095,12,0,0,2,12186.694169208175,0.7729741855507695
moead,4,9440,471,moead,20,10,10,0.35,9440,20,582688.803571426,0.007756498642265797,627021.0892857078,0.008104427717626095,12,0,0,1,12213.38973369915,0.7729221948885475
moead,4,9460,472,moead,20,10,10,0.35,9460,20,582688.803571426,0.007756498642265797,627021.0892857078,0.008104427717626095,12,0,0,0,12240.404449467082,0.7728502795029674
moead,4,9480,473,moead,20,10,10,0.35,9480,20,582688.803571426,0.007756498642265797,627021.0892857078,0.008104427717626095,13,0,0,0,12267.715403734008,0.7727600199393693
moead,4,9500,474,moead,20,11,11,0.25,9500,20,582688.803571426,0.007756498642265797,627021.0892857078,0.008104427717626095,14,0,0,3,12294.96588371601,0.7726739618352431
moead,4,9520,475,moead,20,12,12,0.25,9520,20,582688.803571426,0.007756498642265797,627021.0892857078,0.008104427717626095,15,0,0,1,12321.50846648612,0.7726326712264101
moead,4,9540,476,moead,20,12,12,0.25,9540,20,582688.803571426,0.007756498642265797,627021.0892857078,0.008104427717626095,15,0,0,0,12348.602099696174,0.772557081601546
moead,4,9560,477,moead,20,12,12,0.25,9560,20,582688.803571426,0.007756498642265797,627021.0892857078,0.008104427717626095,16,0,0,1,12375.668352035107,0.7724835320451936
moead,4,9580,478,moead,20,10,10,0.25,9580,20,582688.803571426,0.007756498642265797,627021.0892857078,0.008104427717626095,14,0,0,4,12402.674944070168,0.7724140190080758
moead,4,9600,479,moead,20,10,10,0.25,9600,20,582688.803571426,0.007756498642265797,627021.0892857078,0.008104427717626095,14,0,0,0,12429.462466228055,0.7723584206544769
moead,4,9620,480,moead,20,10,10,0.25,9620,20,582688.803571426,0.007756498642265797,627021.0892857078,0.008104427717626095,14,0,0,5,12456.631904498208,0.772279382882473
moead,4,9640,481,moead,20,10,10,0.25,9640,20,582688.803571426,0.007756498642265797,627021.0892857078,0.008104427717626095,14,0,0,0,12483.40695142001,0.7722250854686294
moead,4,9660,482,moead,20,10,10,0.25,9660,20,582688.803571426,0.007756498642265797,627021.0892857078,0.008104427717626095,14,0,0,0,12510.430090742186,0.7721557076721506
moead,4,9680,483,moead,20,10,10,0.25,9680,20,582688.803571426,0.007756498642265797,627021.0892857078,0.008104427717626095,14,0,0,0,12536.889182858169,0.7721213658995705
moead,4,9700,484,moead,20,10,10,0.25,9700,20,582688.803571426,0.007756498642265797,627021.0892857078,0.008104427717626095,15,0,0,5,12563.72890498722,0.7720637776695061
moead,4,9720,485,moead,20,10,10,0.25,9720,20,582688.803571426,0.007756498642265797,627021.0892857078,0.008104427717626095,15,0,0,0,12591.046538436087,0.771977132347833
moead,4,9740,486,moead,20,10,10,0.25,9740,20,582688.803571426,0.007756498642265797,627021.0892857078,0.008104427717626095,15,0,0,0,12618.36756436713,0.7718906546600116
moead,4,9760,487,moead,20,10,10,0.25,9760,20,582505.5892857116,0.007756498642265797,627021.0892857078,0.008119183592498302,16,0,0,1,12645.74663980119,0.7718010077223437
moead,4,9780,488,moead,20,10,10,0.25,9780,20,582505.5892857116,0.007756498642265797,627021.0892857078,0.008119183592498302,17,0,0,1,12672.59387839213,0.771744134930083
moead,4,9800,489,moead,20,11,11,0.2,9800,20,582505.5892857116,0.007756498642265797,627021.0892857078,0.008119183592498302,18,0,0,5,12699.971297215205,0.7716552872957203
moead,4,9820,490,moead,20,11,11,0.2,9820,20,582505.5892857116,0.007756498642265797,627021.0892857078,0.008119183592498302,19,0,0,1,12728.485923253,0.7714978874321855
moead,4,9840,491,moead,20,11,11,0.2,9840,20,582505.5892857116,0.007756498642265797,627021.0892857078,0.008119183592498302,19,0,0,0,12755.353145232191,0.7714408129639344
moead,4,9860,492,moead,20,10,10,0.2,9860,20,582505.5892857116,0.007756498642265797,627021.0892857078,0.008119183592498302,17,0,0,7,12782.462040518178,0.7713693941547034
moead,4,9880,493,moead,20,10,10,0.2,9880,20,582505.5892857116,0.007756498642265797,627021.0892857078,0.008119183592498302,17,0,0,0,12809.979597807163,0.7712736717934568
moead,4,9900,494,moead,20,10,10,0.2,9900,20,582505.5892857116,0.007756498642265797,627021.0892857078,0.008119183592498302,17,0,0,0,12836.889313854044,0.7712148759680864
moead,4,9920,495,moead,20,11,11,0.2,9920,20,582505.5892857116,0.007756498642265797,627021.0892857078,0.008119183592498302,18,0,0,2,12863.482877674047,0.7711752792252884
moead,4,9940,496,moead,20,11,11,0.2,9940,20,582505.5892857116,0.007756498642265797,627021.0892857078,0.008119183592498302,18,0,0,0,12890.918979960028,0.7710854451457286
moead,4,9960,497,moead,20,11,11,0.2,9960,20,582505.5892857116,0.007756498642265797,627021.0892857078,0.008119183592498302,16,0,0,1,12917.999430205207,0.7710172193312894
moead,4,9980,498,moead,20,12,12,0.2,9980,19,582505.5892857116,0.007756498642265797,627021.0892857078,0.008119183592498302,16,0,0,1,12945.170607546112,0.770943875717047
moead,4,10000,499,moead,20,11,11,0.3,10000,19,582505.5892857116,0.007756498642265797,627021.0892857078,0.008119183592498302,16,0,0,9,12971.913483796176,0.7708962916297174
nsga2,4,20,0,nsga2,20,20,20,0.05,20,2,646877.8392857062,0.00981670431792736,1062394.8749999988,0.025388605892658234,2,0,0,0,4.180577768944204,4.784027736207132
nsga2,4,40,1,nsga2,20,20,20,0.05,40,2,646877.8392857062,0.00981670431792736,827865.750000005,0.013247853145003319,2,0,0,11,6.897392563987523,5.799292939892519
nsga2,4,60,2,nsga2,20,20,20,0.05,60,3,646877.8392857062,0.00981670431792736,851805.5535714293,0.011448584496974945,3,0,0,9,9.726637254003435,6.16862728948839
nsga2,4,80,3,nsga2,20,20,20,0.05,80,3,646877.8392857062,0.00981670431792736,826348.3571428641,0.011251827701926231,3,0,0,9,12.695123838959262,6.301632108108553
nsga2,4,100,4,nsga2,20,20,19,0.1,100,4,643650.2142857077,0.009446348063647747,796036.4821428579,0.010937229730188847,4,0,0,9,15.316803626017645,6.528777311614585
nsga2,4,120,5,nsga2,20,20,19,0.1,120,3,643650.2142857077,0.009446348063647747,829181.5892857148,0.010777621529996395,3,0,0,5,18.029736149823293,6.655671442045818
nsga2,4,140,6,nsga2,20,20,20,0.05,140,3,632684.5714285639,0.009267940185964108,796036.4821428579,0.010466616600751877,3,0,0,6,20.85709248902276,6.712344976831407
nsga2,4,160,7,nsga2,20,20,20,0.05,160,4,630608.3392857083,0.009267940185964108,796036.4821428579,0.010477270931005478,4,0,0,7,23.538595560006797,6.797346918685653
nsga2,4,180,8,nsga2,20,20,19,0.1,180,7,630608.3392857083,0.009267940185964108,796036.4821428579,0.01010123547166586,6,0,0,8,26.260476026916876,6.854407354059415
nsga2,4,200,9,nsga2,20,20,18,0.1,200,9,630608.3392857083,0.009042581543326378,796036.4821428579,0.011204870417714119,8,0,0,9,29.049102709861472,6.884894242606151
nsga2,4,220,10,nsga2,20,20,19,0.1,220,10,617432.1249999946,0.009031608700752258,712946.8035714286,0.010070638731122017,9,0,0,6,31.882712811930105,6.900291116936536
nsga2,4,240,11,nsga2,20,20,19,0.1,240,6,617432.1249999946,0.008928422816097736,712946.8035714286,0.010070638731122017,6,0,0,3,35.23375827097334,6.811649161983365
nsga2,4,260,12,nsga2,20,20,18,0.1,260,8,616468.8749999945,0.008852053433656693,703900.803571429,0.009821277111768723,8,0,0,5,38.114053681027144,6.821630734319552
nsga2,4,280,13,nsga2,20,20,19,0.1,280,6,616468.8749999945,0.008806884288787842,700088.6607142859,0.009821277111768723,6,0,0,6,40.701332584023476,6.879381637492346
nsga2,4,300,14,nsga2,20,20,19,0.1,300,6,616468.8749999945,0.008806884288787842,695328.410714284,0.00979704037308693,6,0,0,4,43.384502494940534,6.914911610084402
nsga2,4,320,15,nsga2,20,20,20,0.05,320,11,616468.8749999945,0.008806884288787842,695328.410714284,0.009744392707943916,10,0,0,9,46.11703932681121,6.938866949638733
nsga2,4,340,16,nsga2,20,20,20,0.05,340,9,616468.8749999945,0.008806884288787842,695328.410714284,0.00991874374449253,8,0,0,8,48.59193660481833,6.997045677868413
nsga2,4,360,17,nsga2,20,20,20,0.05,360,7,607893.5892857095,0.008792939595878124,694517.6071428551,0.009807495400309563,7,0,0,8,51.2738402558025,7.021124187382473
nsga2,4,380,18,nsga2,20,20,20,0.05,380,7,607893.5892857095,0.008756316266953945,694517.6071428551,0.009698055684566498,7,0,0,6,54.114677250850946,7.022124482762661
nsga2,4,400,19,nsga2,20,20,19,0.1,400,7,607893.5892857095,0.008720283396542072,694517.6071428551,0.009819908067584038,7,0,0,7,56.65845753601752,7.05984626824198
nsga2,4,420,20,nsga2,20,20,20,0.05,420,10,607893.5892857095,0.008720283396542072,680431.428571424,0.009828444570302963,7,0,0,6,59.31538914795965,7.080793130300947
nsga2,4,440,21,nsga2,20,20,20,0.05,440,12,604228.5178571384,0.008720283396542072,680431.428571424,0.009884701110422611,9,0,0,4,62.19065353600308,7.075018109357503
nsga2,4,460,22,nsga2,20,20,20,0.05,460,16,604228.5178571384,0.008720283396542072,680431.428571424,0.009884701110422611,13,0,0,4,65.0438463948667,7.072152486300433
nsga2,4,480,23,nsga2,20,20,18,0.15,480,19,604228.5178571384,0.008720283396542072,680431.428571424,0.009884701110422611,13,0,0,6,67.52112411381677,7.108886386294303
nsga2,4,500,24,nsga2,20,20,18,0.15,500,19,601814.6249999957,0.00871049053966999,668007.0357142786,0.009674614295363426,12,0,0,4,70.1262719950173,7.129995446435918
nsga2,4,520,25,nsga2,20,20,18,0.15,520,19,601814.6249999957,0.008672338910400867,676813.6964285672,0.009674614295363426,12,0,0,2,72.76603076886386,7.146191629604522
nsga2,4,540,26,nsga2,20,20,19,0.1,540,20,601814.6249999957,0.008609418757259846,677985.7857142816,0.009674614295363426,16,0,0,4,75.60980080487207,7.141931260916694
nsga2,4,560,27,nsga2,20,20,19,0.1,560,20,601814.6249999957,0.008609418757259846,677985.7857142816,0.009674614295363426,16,1,0,0,78.15509198093787,7.152445040130473
nsga2,4,580,28,nsga2,20,20,20,0.05,580,20,599805.482142853,0.008609418757259846,677985.7857142816,0.009683085605502129,19,1,0,3,80.74571821582504,7.1706588633268735
nsga2,4,600,29,nsga2,20,20,18,0.15,600,20,599805.482142853,0.008609418757259846,677985.7857142816,0.009683085605502129,17,1,0,3,83.73305848892778,7.153685901479488
nsga2,4,620,30,nsga2,20,20,18,0.15,620,19,599805.482142853,0.008609418757259846,677985.7857142816,0.009683085605502129,15,1,0,4,86.5085020668339,7.155366064734065
nsga2,4,640,31,nsga2,20,20,20,0.05,640,15,599805.482142853,0.008609418757259846,677985.7857142816,0.009683085605502129,13,1,0,5,89.44289833889343,7.144222871433233
nsga2,4,660,32,nsga2,20,20,20,0.05,660,15,599805.482142853,0.008609418757259846,677985.7857142816,0.009683085605502129,13,1,0,0,92.22050232789479,7.145916399987621
nsga2,4,680,33,nsga2,20,20,20,0.05,680,13,599346.9999999958,0.008609418757259846,677985.7857142816,0.009683085605502129,12,1,0,4,94.71761336480267,7.168677248917235
nsga2,4,700,34,nsga2,20,20,20,0.05,700,14,599346.9999999958,0.008609418757259846,677985.7857142816,0.009683085605502129,13,1,0,3,97.37239705491811,7.178625782476767
nsga2,4,720,35,nsga2,20,20,20,0.05,720,14,599346.9999999958,0.008609418757259846,677985.7857142816,0.009683085605502129,13,1,0,4,99.93362712790258,7.19477537906004
nsga2,4,740,36,nsga2,20,20,20,0.05,740,16,599346.9999999958,0.008609418757259846,677985.7857142816,0.009683085605502129,15,2,0,5,102.90224652388133,7.171855085095023
nsga2,4,760,37,nsga2,20,20,20,0.05,760,17,599346.9999999958,0.008609418757259846,677985.7857142816,0.009683085605502129,15,2,0,2,105.59128938801587,7.178622445025561
nsga2,4,780,38,nsga2,20,20,20,0.05,780,19,599346.9999999958,0.008609418757259846,677985.7857142816,0.009683085605502129,17,2,0,2,108.39491339679807,7.1774585690381825
nsga2,4,800,39,nsga2,20,20,20,0.05,800,17,599346.9999999958,0.008609418757259846,677985.7857142816,0.009683085605502129,15,3,0,2,111.31981562497094,7.159551922768539
nsga2,4,820,40,nsga2,20,20,20,0.05,820,18,598579.8035714243,0.008609418757259846,678079.5892857101,0.009621508419513702,15,3,0,5,114.046329024015,7.163755352686209
nsga2,4,840,41,nsga2,20,20,20,0.05,840,18,598579.8035714243,0.008609418757259846,678079.5892857101,0.009621508419513702,15,3,0,1,116.95312994485721,7.156713124263037
nsga2,4,860,42,nsga2,20,20,20,0.05,860,20,598579.8035714243,0.008609418757259846,677985.7857142816,0.009497509337961674,16,3,0,4,119.51284535694867,7.170777312182641
nsga2,4,880,43,nsga2,20,20,20,0.05,880,18,598579.8035714243,0.008609418757259846,687884.5178571407,0.009682527743279934,14,3,0,4,122.25903525389731,7.17329396701618
nsga2,4,900,44,nsga2,20,20,20,0.05,900,16,598579.8035714243,0.008609418757259846,687884.5178571407,0.00958876684308052,12,3,0,5,125.08671381301247,7.1710253843656995
nsga2,4,920,45,nsga2,20,20,20,0.05,920,15,598579.8035714243,0.00860882643610239,677985.7857142816,0.00958876684308052,12,3,0,3,127.85047565679997,7.172441051072676
nsga2,4,940,46,nsga2,20,20,19,0.1,940,17,598579.8035714243,0.00860882643610239,677985.7857142816,0.00958876684308052,12,3,0,5,130.20788157894276,7.1961849669746245
nsga2,4,960,47,nsga2,20,20,19,0.1,960,17,598579.8035714243,0.00860882643610239,677985.7857142816,0.00958876684308052,12,3,0,0,133.01136318780482,7.194874009739815
nsga2,4,980,48,nsga2,20,20,19,0.1,980,17,598579.8035714243,0.00860882643610239,677985.7857142816,0.00958876684308052,12,3,0,1,135.78172227391042,7.1953719811353745
nsga2,4,1000,49,nsga2,20,20,20,0.05,1000,18,598528.7142857101,0.00860882643610239,677985.7857142816,0.00961185060441494,15,3,0,5,138.4141865458805,7.203018887587233
nsga2,4,1020,50,nsga2,20,20,20,0.05,1020,19,598528.7142857101,0.00860882643610239,677938.1071428531,0.00961185060441494,16,3,0,1,140.95889459201135,7.21486929181436
nsga2,4,1040,51,nsga2,20,20,20,0.05,1040,20,598394.1785714244,0.00860882643610239,677938.1071428531,0.009592635557055473,17,3,0,3,143.7769661869388,7.212560033098018
nsga2,4,1060,52,nsga2,20,20,20,0.05,1060,20,598394.1785714244,0.00860882643610239,677938.1071428531,0.009592635557055473,17,3,0,1,146.46919506182894,7.216534504431524
nsga2,4,1080,53,nsga2,20,20,19,0.1,1080,20,598394.1785714244,0.00860882643610239,677938.1071428531,0.009592635557055473,15,3,0,3,149.29288010997698,7.214007789297288
nsga2,4,1100,54,nsga2,20,20,19,0.1,1100,20,598394.1785714244,0.00860882643610239,677938.1071428531,0.009592635557055473,15,3,0,0,151.99355229898356,7.217411419150943
nsga2,4,1120,55,nsga2,20,20,18,0.1,1120,18,598394.1785714244,0.008585774339735508,677938.1071428531,0.009592635557055473,13,4,0,4,154.9404034249019,7.202769421862996
nsga2,4,1140,56,nsga2,20,20,18,0.1,1140,20,598155.6785714243,0.008585774339735508,673074.9464285664,0.009602292440831661,15,4,0,2,157.81960068480112,7.198091967478935
nsga2,4,1160,57,nsga2,20,20,19,0.1,1160,18,598155.6785714243,0.008585774339735508,673074.9464285664,0.009738263674080372,14,4,0,5,160.45576045801863,7.20447802372576
nsga2,4,1180,58,nsga2,20,20,19,0.1,1180,19,598155.6785714243,0.008585774339735508,673074.9464285664,0.009602292440831661,14,4,0,2,163.1743854638189,7.2070135067906085
nsga2,4,1200,59,nsga2,20,20,18,0.1,1200,20,598155.6785714243,0.008585774339735508,673074.9464285664,0.009602292440831661,14,4,0,2,165.61048946599476,7.2217647798545865
nsga2,4,1220,60,nsga2,20,20,18,0.1,1220,20,598155.6785714243,0.008585774339735508,673074.9464285664,0.009602292440831661,14,4,0,0,168.33580734487623,7.223656209452411
nsga2,4,1240,61,nsga2,20,20,19,0.1,1240,20,598155.6785714243,0.008585774339735508,673074.9464285664,0.009602292440831661,14,4,0,1,170.9977736279834,7.228164284109319
nsga2,4,1260,62,nsga2,20,20,19,0.1,1260,20,598155.6785714243,0.008585774339735508,673074.9464285664,0.009602292440831661,16,4,0,2,173.81819773395546,7.225940760946228
nsga2,4,1280,63,nsga2,20,20,18,0.1,1280,20,598012.6428571386,0.008585774339735508,673074.9464285664,0.00958746112883091,16,4,0,2,176.55443018698134,7.227232976531047
nsga2,4,1300,64,nsga2,20,20,18,0.1,1300,20,598012.6428571386,0.008585774339735508,673074.9464285664,0.00958746112883091,16,4,0,0,179.64298384985887,7.214309026859432
nsga2,4,1320,65,nsga2,20,20,18,0.1,1320,20,598012.6428571386,0.008585774339735508,673074.9464285664,0.00958746112883091,16,4,0,0,182.36503571690992,7.216295573471999
nsga2,4,1340,66,nsga2,20,20,18,0.1,1340,20,598012.6428571386,0.008585774339735508,673074.9464285664,0.00958746112883091,16,4,0,1,184.7703914679587,7.2305957106319045
nsga2,4,1360,67,nsga2,20,20,18,0.1,1360,20,598012.6428571386,0.008585774339735508,673074.9464285664,0.00958746112883091,16,4,0,1,187.4578623007983,7.2336256444882405
nsga2,4,1380,68,nsga2,20,20,18,0.1,1380,20,598012.6428571386,0.008585774339735508,673074.9464285664,0.00958746112883091,16,4,0,2,190.33627419080585,7.229310365824463
nsga2,4,1400,69,nsga2,20,20,17,0.1,1400,20,598012.6428571386,0.008585774339735508,673074.9464285664,0.00958746112883091,16,4,0,1,193.24801177391782,7.223877685392127
nsga2,4,1420,70,nsga2,20,20,17,0.1,1420,20,598012.6428571386,0.008585774339735508,673074.9464285664,0.00958746112883091,16,4,0,1,195.98503086692654,7.225041594944368
nsga2,4,1440,71,nsga2,20,20,17,0.1,1440,20,598012.6428571386,0.008554834872484207,675856.928571424,0.00958746112883091,17,4,0,2,198.6673002578318,7.228164867274832
nsga2,4,1460,72,nsga2,20,20,17,0.1,1460,20,598012.6428571386,0.008554834872484207,675856.928571424,0.00958746112883091,18,4,0,3,201.08209070190787,7.240823859139363
nsga2,4,1480,73,nsga2,20,20,17,0.1,1480,20,597083.8035714244,0.008554834872484207,675856.928571424,0.009626664221286774,20,5,0,2,203.96979303495027,7.231462943864724
nsga2,4,1500,74,nsga2,20,20,18,0.1,1500,20,597083.8035714244,0.008554834872484207,675856.928571424,0.009626664221286774,21,5,0,2,206.6224786248058,7.2354179949350375
nsga2,4,1520,75,nsga2,20,20,18,0.1,1520,20,597083.8035714244,0.008554834872484207,675856.928571424,0.009626664221286774,22,5,0,1,209.3078935968224,7.238140778953403
nsga2,4,1540,76,nsga2,20,20,19,0.1,1540,20,597083.8035714244,0.008554834872484207,675856.928571424,0.009626664221286774,23,5,0,1,212.22931186389178,7.232742671212334
nsga2,4,1560,77,nsga2,20,20,19,0.1,1560,20,597083.8035714244,0.008554834872484207,675856.928571424,0.009626664221286774,23,5,0,1,214.8171634369064,7.238713960845668
nsga2,4,1580,78,nsga2,20,20,19,0.1,1580,20,597083.8035714244,0.008554834872484207,675856.928571424,0.009626664221286774,23,5,0,0,217.39614336681552,7.244838733603847
nsga2,4,1600,79,nsga2,20,20,19,0.1,1600,12,597083.8035714244,0.008519265800714493,671594.8749999944,0.009852237068116665,15,5,0,5,220.07796857785434,7.247431491243323
nsga2,4,1620,80,nsga2,20,20,19,0.1,1620,11,597083.8035714244,0.008519265800714493,671594.8749999944,0.009626664221286774,14,5,0,3,222.94091146090068,7.244071935550682
nsga2,4,1640,81,nsga2,20,20,20,0.05,1640,13,597083.8035714244,0.008519265800714493,671594.8749999944,0.0096302954480052,15,5,0,5,225.978199434001,7.235211202209427
nsga2,4,1660,82,nsga2,20,20,20,0.05,1660,12,597083.8035714244,0.008519265800714493,671594.8749999944,0.009626664221286774,13,5,0,5,228.3348244659137,7.24812784852738
nsga2,4,1680,83,nsga2,20,20,20,0.05,1680,13,597083.8035714244,0.008519265800714493,671594.8749999944,0.009626664221286774,14,5,0,4,230.9483804188203,7.252702950167569
nsga2,4,1700,84,nsga2,20,20,20,0.05,1700,14,597083.8035714244,0.008519265800714493,671594.8749999944,0.009626664221286774,14,5,0,2,233.5971554769203,7.2560815072402205
nsga2,4,1720,85,nsga2,20,20,20,0.05,1720,16,597083.8035714244,0.008519265800714493,671594.8749999944,0.009626664221286774,14,5,0,2,236.3968861149624,7.254748690581215
nsga2,4,1740,86,nsga2,20,20,20,0.05,1740,16,597083.8035714244,0.008519265800714493,671594.8749999944,0.009626664221286774,13,5,0,2,239.16748702083714,7.2543305179639255
nsga2,4,1760,87,nsga2,20,20,20,0.05,1760,20,596845.2499999959,0.008519265800714493,639942.8392857071,0.009479135274887085,15,5,0,4,241.8555765748024,7.256396668022266
nsga2,4,1780,88,nsga2,20,20,20,0.05,1780,20,596845.2499999959,0.008519265800714493,639942.8392857071,0.009479135274887085,15,5,0,4,244.56096391496249,7.257904007187321
nsga2,4,1800,89,nsga2,20,20,20,0.05,1800,18,596845.2499999959,0.008519265800714493,639942.8392857071,0.009479135274887085,14,5,0,1,247.1029199208133,7.264179640512651
nsga2,4,1820,90,nsga2,20,20,20,0.05,1820,20,596845.2499999959,0.008519265800714493,639942.8392857071,0.009479135274887085,16,5,0,4,249.57451781700365,7.272377067480978
nsga2,4,1840,91,nsga2,20,20,20,0.05,1840,20,596845.2499999959,0.008519265800714493,639942.8392857071,0.009479135274887085,17,5,0,3,252.25156689691357,7.2744840500828305
nsga2,4,1860,92,nsga2,20,20,19,0.1,1860,20,596845.2499999959,0.008519265800714493,639942.8392857071,0.009479135274887085,17,5,0,2,254.86725509096868,7.278298655266259
nsga2,4,1880,93,nsga2,20,20,20,0.05,1880,20,596845.2499999959,0.008519265800714493,639942.8392857071,0.009479135274887085,17,5,0,3,257.47746502398513,7.282190695117088
nsga2,4,1900,94,nsga2,20,20,20,0.05,1900,20,596749.8928571388,0.008519265800714493,639942.8392857071,0.009479236789047718,19,5,0,2,260.45569450291805,7.275709612019134
nsga2,4,1920,95,nsga2,20,20,20,0.05,1920,20,596749.8928571388,0.008519265800714493,639942.8392857071,0.009479236789047718,21,5,0,4,262.87401126883924,7.284858593501448
nsga2,4,1940,96,nsga2,20,20,20,0.05,1940,20,596749.8928571388,0.008519265800714493,639942.8392857071,0.009479236789047718,21,5,0,0,265.29027059394866,7.293897343720142
nsga2,4,1960,97,nsga2,20,20,20,0.05,1960,20,596749.8928571388,0.008519265800714493,639942.8392857071,0.009479236789047718,21,5,0,1,268.1538076468278,7.2905919821016845
nsga2,4,1980,98,nsga2,20,20,20,0.05,1980,17,596749.8928571388,0.008519265800714493,639942.8392857071,0.009532113559544086,17,5,0,5,270.759492757963,7.294296424781271
nsga2,4,2000,99,nsga2,20,20,20,0.05,2000,20,596749.8928571388,0.008519265800714493,639942.8392857071,0.009479236789047718,19,5,0,5,273.14482208993286,7.303817750362285
nsga2,4,2020,100,nsga2,20,20,20,0.05,2020,20,596749.8928571388,0.008517974056303501,640312.6428571356,0.009479236789047718,20,5,0,2,275.9857843948994,7.30110068682668
nsga2,4,2040,101,nsga2,20,20,20,0.05,2040,20,596749.8928571388,0.008517974056303501,640312.6428571356,0.009479236789047718,20,5,0,2,278.8478061079513,7.297887791923969
nsga2,4,2060,102,nsga2,20,20,20,0.05,2060,20,596749.8928571388,0.008517974056303501,640312.6428571356,0.009479236789047718,22,5,0,3,281.77944514900446,7.292937917857421
nsga2,4,2080,103,nsga2,20,20,19,0.1,2080,20,596749.8928571388,0.008517974056303501,640312.6428571356,0.009479236789047718,24,5,0,4,284.32598242582753,7.297961242572362
nsga2,4,2100,104,nsga2,20,20,19,0.1,2100,17,596749.8928571388,0.008430744521319866,642579.8928571355,0.009546132758259773,20,5,0,4,287.0924281398766,7.297301477346099
nsga2,4,2120,105,nsga2,20,20,20,0.05,2120,19,596749.8928571388,0.008430744521319866,635123.1071428502,0.009546132758259773,20,5,0,4,289.81885093892924,7.297661946929994
nsga2,4,2140,106,nsga2,20,20,20,0.05,2140,19,596749.8928571388,0.008430744521319866,635123.1071428502,0.009546132758259773,20,5,0,0,292.2832060928922,7.304559261340056
nsga2,4,2160,107,nsga2,20,20,20,0.05,2160,20,596749.8928571388,0.008430744521319866,635123.1071428502,0.009479236789047718,20,5,0,3,294.9804385898169,7.305569177068792
nsga2,4,2180,108,nsga2,20,20,20,0.05,2180,20,596749.8928571388,0.008430744521319866,635123.1071428502,0.009479236789047718,20,5,0,2,297.65995733090676,7.306995604995219
nsga2,4,2200,109,nsga2,20,20,20,0.05,2200,20,596749.8928571388,0.008430744521319866,635123.1071428502,0.009479236789047718,20,5,0,0,300.1699587528128,7.312523908521979
nsga2,4,2220,110,nsga2,20,20,20,0.05,2220,20,596749.8928571388,0.008430744521319866,635123.1071428502,0.009479236789047718,21,5,0,1,302.5554719949141,7.320971540839405
nsga2,4,2240,111,nsga2,20,20,20,0.05,2240,20,596749.8928571388,0.008430744521319866,635123.1071428502,0.009479236789047718,23,6,0,4,305.15857275482267,7.320784010203411
nsga2,4,2260,112,nsga2,20,20,20,0.05,2260,20,596749.8928571388,0.008430744521319866,635123.1071428502,0.009479236789047718,23,6,0,2,307.82460266002454,7.322351691587888
nsga2,4,2280,113,nsga2,20,20,20,0.05,2280,20,596749.8928571388,0.008354438468813896,647260.2142857083,0.009479236789047718,24,6,0,4,310.45585022098385,7.324712993430006
nsga2,4,2300,114,nsga2,20,20,20,0.05,2300,20,596749.8928571388,0.008354438468813896,647260.2142857083,0.009479236789047718,24,6,0,0,313.47234785486944,7.3180298539827495
nsga2,4,2320,115,nsga2,20,20,20,0.05,2320,18,596749.8928571388,0.008354438468813896,647260.2142857083,0.009546929970383644,22,6,0,3,316.3776954659261,7.3140427822896825
nsga2,4,2340,116,nsga2,20,20,19,0.1,2340,17,596749.8928571388,0.008354438468813896,647260.2142857083,0.009479236789047718,21,6,0,3,319.0390140679665,7.315719699104813
nsga2,4,2360,117,nsga2,20,20,20,0.05,2360,18,596749.8928571388,0.008354438468813896,647260.2142857083,0.009479236789047718,22,6,0,2,321.7161709868815,7.317008631487126
nsga2,4,2380,118,nsga2,20,20,19,0.1,2380,20,596749.8928571388,0.008354438468813896,647260.2142857083,0.0094626285135746,23,7,0,3,324.5532482198905,7.311589124482436
nsga2,4,2400,119,nsga2,20,20,19,0.1,2400,20,596749.8928571388,0.008354438468813896,647260.2142857083,0.0094626285135746,23,7,0,1,327.45746951992624,7.307819252094912
nsga2,4,2420,120,nsga2,20,20,19,0.1,2420,20,596749.8928571388,0.008354438468813896,647260.2142857083,0.0094626285135746,23,7,0,0,329.9025651270058,7.314280806125421
nsga2,4,2440,121,nsga2,20,20,19,0.1,2440,20,596749.8928571388,0.008354438468813896,647260.2142857083,0.0094626285135746,22,7,0,1,332.42720526480116,7.318895570120225
nsga2,4,2460,122,nsga2,20,20,19,0.1,2460,20,596749.8928571388,0.008354438468813896,647260.2142857083,0.0094626285135746,22,7,0,2,335.08529236586764,7.320524224386599
nsga2,4,2480,123,nsga2,20,20,19,0.1,2480,20,596749.8928571388,0.008340100757777691,643344.5535714214,0.0094626285135746,22,7,0,2,337.72084326902404,7.322615850600729
nsga2,4,2500,124,nsga2,20,20,20,0.05,2500,20,596702.1607142816,0.008340100757777691,643344.5535714214,0.0094626285135746,23,7,0,4,340.5308253809344,7.320923141719134
nsga2,4,2520,125,nsga2,20,20,20,0.05,2520,20,596702.1607142816,0.008340100757777691,643344.5535714214,0.0094626285135746,23,7,0,0,343.3127591018565,7.319856117711096
nsga2,4,2540,126,nsga2,20,20,20,0.05,2540,20,596702.1607142816,0.008340100757777691,643344.5535714214,0.0094626285135746,23,7,0,0,345.82891300693154,7.324430967833018
nsga2,4,2560,127,nsga2,20,20,20,0.05,2560,20,596702.1607142816,0.008340100757777691,643344.5535714214,0.0094626285135746,23,7,0,2,348.5034837448038,7.325608262411136
nsga2,4,2580,128,nsga2,20,20,20,0.05,2580,19,595019.9999999959,0.008256617933511734,643470.1249999928,0.009509071707725525,20,7,0,5,351.4649236379191,7.320787444071423
nsga2,4,2600,129,nsga2,20,20,20,0.05,2600,20,595019.9999999959,0.008256617933511734,643470.1249999928,0.009509071707725525,21,7,0,2,354.2910213859286,7.31884197871176
nsga2,4,2620,130,nsga2,20,20,19,0.1,2620,20,595019.9999999959,0.008256617933511734,643470.1249999928,0.009509071707725525,21,7,0,1,357.0350224620197,7.3186097598533575
nsga2,4,2640,131,nsga2,20,20,19,0.1,2640,20,595019.9999999959,0.008256617933511734,643470.1249999928,0.009509071707725525,21,7,0,1,359.5632046519313,7.322773759758951
nsga2,4,2660,132,nsga2,20,20,19,0.1,2660,20,594980.8928571388,0.008256617933511734,643470.1249999928,0.009494513273239136,21,7,0,1,362.29386778199114,7.3227847223636475
nsga2,4,2680,133,nsga2,20,20,19,0.1,2680,17,594980.8928571388,0.008256391622126102,643470.1249999928,0.00970363337546587,19,7,0,3,364.8564863658976,7.3261682329511135
nsga2,4,2700,134,nsga2,20,20,20,0.05,2700,19,594980.8928571388,0.008256391622126102,643470.1249999928,0.009494513273239136,19,7,0,2,367.66551349684596,7.324592329552557
nsga2,4,2720,135,nsga2,20,20,20,0.05,2720,20,594980.8928571388,0.008256391622126102,643184.8035714213,0.009494513273239136,19,7,0,2,369.9212877978571,7.333992634353378
nsga2,4,2740,136,nsga2,20,20,19,0.1,2740,20,594980.8928571388,0.008256391622126102,643184.8035714213,0.009494513273239136,18,7,0,3,372.57590264780447,7.335418046570504
nsga2,4,2760,137,nsga2,20,20,19,0.1,2760,20,594980.8928571388,0.008256391622126102,643184.8035714213,0.009494513273239136,21,7,0,3,375.415724941995,7.333203744796152
nsga2,4,2780,138,nsga2,20,20,18,0.1,2780,20,594980.8928571388,0.008256391622126102,643184.8035714213,0.009494513273239136,21,7,0,1,378.2478718829807,7.331171451660906
nsga2,4,2800,139,nsga2,20,20,18,0.1,2800,20,594980.8928571388,0.008256391622126102,643184.8035714213,0.009494513273239136,21,7,0,0,381.0410275890026,7.329919346670925
nsga2,4,2820,140,nsga2,20,20,20,0.05,2820,20,594980.8928571388,0.008256391622126102,643184.8035714213,0.009494513273239136,23,7,0,5,383.9428593979683,7.326611059809401
nsga2,4,2840,141,nsga2,20,20,20,0.05,2840,20,594980.8928571388,0.008256391622126102,643184.8035714213,0.009494513273239136,23,7,0,1,386.79096947493963,7.324369552489129
nsga2,4,2860,142,nsga2,20,20,20,0.05,2860,20,594980.8928571388,0.008256391622126102,643184.8035714213,0.009494513273239136,26,7,0,3,389.1968955658376,7.3304798483866085
nsga2,4,2880,143,nsga2,20,20,20,0.05,2880,20,594980.8928571388,0.008256391622126102,643184.8035714213,0.009494513273239136,26,7,0,1,391.9111659198534,7.330742907660698
nsga2,4,2900,144,nsga2,20,20,20,0.05,2900,20,594980.8928571388,0.008256344124674797,643232.4821428499,0.009494513273239136,27,7,0,4,394.57686147489585,7.331904838986767
nsga2,4,2920,145,nsga2,20,20,20,0.05,2920,20,594665.7142857101,0.00821375660598278,643185.1249999928,0.009443074464797974,25,7,0,3,397.0642977778334,7.336343298308553
nsga2,4,2940,146,nsga2,20,20,20,0.05,2940,20,594665.7142857101,0.00821375660598278,643185.1249999928,0.009443074464797974,25,7,0,0,399.8969940689858,7.334388713844724
nsga2,4,2960,147,nsga2,20,20,20,0.05,2960,20,594665.7142857101,0.00821375660598278,643185.1249999928,0.009443074464797974,26,7,0,2,402.5302236508578,7.336095096703447
nsga2,4,2980,148,nsga2,20,20,20,0.05,2980,20,594665.7142857101,0.00821375660598278,643185.1249999928,0.009443074464797974,26,7,0,4,405.6824211589992,7.328392468932716
nsga2,4,3000,149,nsga2,20,20,20,0.05,3000,20,594665.7142857101,0.00821375660598278,643185.1249999928,0.009443074464797974,27,7,0,3,408.31910690199584,7.3300512991138955
nsga2,4,3020,150,nsga2,20,20,20,0.05,3020,20,594665.7142857101,0.00821375660598278,643185.1249999928,0.009443074464797974,27,7,0,1,411.27593641285785,7.325981739362963
nsga2,4,3040,151,nsga2,20,20,20,0.05,3040,20,594665.7142857101,0.00821375660598278,643185.1249999928,0.009443074464797974,28,7,0,4,413.92858782294206,7.327350874584593
nsga2,4,3060,152,nsga2,20,20,20,0.05,3060,20,594665.7142857101,0.00821375660598278,643185.1249999928,0.009443074464797974,28,7,0,2,416.91316108382307,7.322867889474409
nsga2,4,3080,153,nsga2,20,20,20,0.05,3080,20,594665.7142857101,0.00821375660598278,643185.1249999928,0.009443074464797974,27,7,0,3,419.633177890908,7.3230625267644776
nsga2,4,3100,154,nsga2,20,20,20,0.05,3100,20,594665.7142857101,0.00821375660598278,643185.1249999928,0.009443074464797974,28,7,0,3,422.3381495408248,7.3235155369288245
nsga2,4,3120,155,nsga2,20,20,20,0.05,3120,20,594665.7142857101,0.00821375660598278,643185.1249999928,0.009443074464797974,28,7,0,1,425.0656563700177,7.32357449572484
nsga2,4,3140,156,nsga2,20,20,19,0.1,3140,20,594665.7142857101,0.00821375660598278,643185.1249999928,0.009443074464797974,28,7,0,1,427.92418042197824,7.321390431619294
nsga2,4,3160,157,nsga2,20,20,19,0.1,3160,20,594665.7142857101,0.00821375660598278,643185.1249999928,0.009443074464797974,29,7,0,3,430.70940972398967,7.320480882970559
nsga2,4,3180,158,nsga2,20,20,19,0.1,3180,20,594665.7142857101,0.00821375660598278,643185.1249999928,0.009443074464797974,28,7,0,2,433.3659118048381,7.321757234632077
nsga2,4,3200,159,nsga2,20,20,19,0.1,3200,20,594665.7142857101,0.00821375660598278,643185.1249999928,0.009443074464797974,29,7,0,2,436.22837598784827,7.3195605232451575
nsga2,4,3220,160,nsga2,20,20,19,0.1,3220,20,594665.7142857101,0.00821375660598278,643185.1249999928,0.009443074464797974,29,7,0,2,439.1822746079415,7.315869026973479
nsga2,4,3240,161,nsga2,20,20,19,0.1,3240,20,594665.7142857101,0.00821375660598278,643185.1249999928,0.009443074464797974,30,7,0,1,441.53429944696836,7.322194457031776
nsga2,4,3260,162,nsga2,20,20,19,0.1,3260,20,594665.7142857101,0.008213694207370281,643423.5714285641,0.009443074464797974,31,7,0,2,444.14333055890165,7.324212199486336
nsga2,4,3280,163,nsga2,20,20,19,0.1,3280,20,594665.7142857101,0.008213694207370281,643423.5714285641,0.009443074464797974,31,7,0,3,446.48794694500975,7.330545029031004
nsga2,4,3300,164,nsga2,20,20,19,0.1,3300,20,594665.7142857101,0.008213694207370281,643423.5714285641,0.009443074464797974,31,7,0,0,449.309514521854,7.329023520688947
nsga2,4,3320,165,nsga2,20,20,20,0.05,3320,20,594665.7142857101,0.008213694207370281,643423.5714285641,0.009443074464797974,30,7,0,5,451.85835047997534,7.331943730775027
nsga2,4,3340,166,nsga2,20,20,20,0.05,3340,20,594665.7142857101,0.008213694207370281,643423.5714285641,0.009443074464797974,32,7,0,3,454.3716706139967,7.335404505954533
nsga2,4,3360,167,nsga2,20,20,20,0.05,3360,20,594665.7142857101,0.008213694207370281,643423.5714285641,0.009443074464797974,32,7,0,3,456.9598551169038,7.337624875476652
nsga2,4,3380,168,nsga2,20,20,20,0.05,3380,20,594665.7142857101,0.008213694207370281,643423.5714285641,0.009443074464797974,32,7,0,1,459.6114538058173,7.338807534211429
nsga2,4,3400,169,nsga2,20,20,20,0.05,3400,20,594665.7142857101,0.008213694207370281,643423.5714285641,0.009443074464797974,35,7,0,1,462.1060850319918,7.342469856818918
nsga2,4,3420,170,nsga2,20,20,20,0.05,3420,20,593818.1428571388,0.008213694207370281,643423.5714285641,0.009449543431401253,36,7,0,2,464.4867103428114,7.3478959117712055
nsga2,4,3440,171,nsga2,20,20,19,0.1,3440,20,593818.1428571388,0.008213694207370281,643423.5714285641,0.009449543431401253,36,7,0,4,467.3125476818532,7.346261120164035
nsga2,4,3460,172,nsga2,20,20,19,0.1,3460,20,593818.1428571388,0.008213694207370281,643423.5714285641,0.009449543431401253,36,7,0,1,470.023748683976,7.346437301664198
nsga2,4,3480,173,nsga2,20,20,19,0.1,3480,20,593818.1428571388,0.008213694207370281,643423.5714285641,0.009449543431401253,36,7,0,0,472.921791421948,7.343708966249213
nsga2,4,3500,174,nsga2,20,20,19,0.1,3500,20,593818.1428571388,0.008213694207370281,643423.5714285641,0.009449543431401253,37,7,0,1,475.6154619269073,7.344168303209631
nsga2,4,3520,175,nsga2,20,20,19,0.1,3520,20,593818.1428571388,0.008213694207370281,643423.5714285641,0.009449543431401253,38,7,0,1,478.4606354739517,7.342296815118565
nsga2,4,3540,176,nsga2,20,20,19,0.1,3540,20,593818.1428571388,0.008213694207370281,643423.5714285641,0.009449543431401253,38,7,0,1,481.0033418990206,7.345063312973198
nsga2,4,3560,177,nsga2,20,20,19,0.1,3560,20,593818.1428571388,0.008213694207370281,643423.5714285641,0.009449543431401253,39,7,0,0,483.51679307292216,7.34824529551376
nsga2,4,3580,178,nsga2,20,20,19,0.1,3580,20,593818.1428571388,0.008213694207370281,643423.5714285641,0.009449543431401253,38,7,0,3,486.08955774991773,7.350497337443791
nsga2,4,3600,179,nsga2,20,20,19,0.1,3600,20,593818.1428571388,0.008213694207370281,643423.5714285641,0.009449543431401253,38,7,0,1,488.5610445868224,7.354249872784293
nsga2,4,3620,180,nsga2,20,20,19,0.1,3620,20,593818.1428571388,0.008213694207370281,643423.5714285641,0.009449543431401253,38,7,0,2,491.5264124709647,7.350571420642479
nsga2,4,3640,181,nsga2,20,20,20,0.05,3640,20,593818.1428571388,0.008213694207370281,643423.5714285641,0.009449543431401253,38,8,0,1,494.5315691118594,7.344323854840637
nsga2,4,3660,182,nsga2,20,20,20,0.05,3660,20,593818.1428571388,0.008213694207370281,643423.5714285641,0.009449543431401253,38,8,0,0,497.449373066891,7.341450603273598
nsga2,4,3680,183,nsga2,20,20,20,0.05,3680,20,593818.1428571388,0.008213694207370281,643423.5714285641,0.009449543431401253,39,8,0,2,499.8200217830017,7.346644471945962
nsga2,4,3700,184,nsga2,20,20,20,0.05,3700,20,593818.1428571388,0.008213694207370281,643423.5714285641,0.009449543431401253,35,8,0,1,502.5613434079569,7.346366863324382
nsga2,4,3720,185,nsga2,20,20,20,0.05,3720,20,593818.1428571388,0.008213694207370281,643423.5714285641,0.009449543431401253,35,8,0,1,505.34898905083537,7.345418869783457
nsga2,4,3740,186,nsga2,20,20,19,0.1,3740,20,593818.1428571388,0.008213694207370281,643423.5714285641,0.009449543431401253,35,8,0,1,508.0583609829191,7.345612800820474
nsga2,4,3760,187,nsga2,20,20,19,0.1,3760,20,593818.1428571388,0.008213694207370281,643423.5714285641,0.009449543431401253,36,8,0,2,510.71515012392774,7.346560992149063
nsga2,4,3780,188,nsga2,20,20,19,0.1,3780,20,593818.1428571388,0.008213694207370281,643423.5714285641,0.009449543431401253,36,8,0,0,513.4866476308089,7.345858003131613
nsga2,4,3800,189,nsga2,20,20,20,0.05,3800,20,593818.1428571388,0.008213694207370281,643423.5714285641,0.009449543431401253,37,8,0,1,516.2461094527971,7.345333806039503
nsga2,4,3820,190,nsga2,20,20,20,0.05,3820,20,593818.1428571388,0.008213694207370281,643423.5714285641,0.009449543431401253,37,8,0,1,518.9842851068825,7.345116431059056
nsga2,4,3840,191,nsga2,20,20,20,0.05,3840,20,593818.1428571388,0.008213694207370281,643423.5714285641,0.009449543431401253,38,8,0,2,521.8712419699878,7.342807366688303
nsga2,4,3860,192,nsga2,20,20,20,0.05,3860,20,593818.1428571388,0.008213694207370281,643423.5714285641,0.009449543431401253,36,8,0,2,524.4613610538654,7.344678342480173
nsga2,4,3880,193,nsga2,20,20,20,0.05,3880,20,593818.1428571388,0.008213694207370281,643423.5714285641,0.009449543431401253,37,8,0,2,527.3628766329493,7.342192959659079
nsga2,4,3900,194,nsga2,20,20,20,0.05,3900,20,593818.1428571388,0.008213694207370281,643423.5714285641,0.009449543431401253,37,8,0,1,530.1308567179367,7.341583593333054
nsga2,4,3920,195,nsga2,20,20,20,0.05,3920,19,593818.1428571388,0.008162759244441986,643423.5714285641,0.009449543431401253,30,8,0,4,532.875551873818,7.341301334324191
nsga2,4,3940,196,nsga2,20,20,20,0.05,3940,20,593445.5178571388,0.008162759244441986,632659.8035714215,0.009500342421233654,30,8,0,3,535.3997633319814,7.344045084237203
nsga2,4,3960,197,nsga2,20,20,19,0.1,3960,20,593445.5178571388,0.008162759244441986,632659.8035714215,0.009500342421233654,29,8,0,3,538.2535379619803,7.342264790239336
nsga2,4,3980,198,nsga2,20,20,19,0.1,3980,20,593445.5178571388,0.008162759244441986,632659.8035714215,0.009500342421233654,29,8,0,0,541.0949497469701,7.340670989181121
nsga2,4,4000,199,nsga2,20,20,20,0.05,4000,20,593445.5178571388,0.008162759244441986,632659.8035714215,0.009500342421233654,29,8,0,4,543.4131302218884,7.346160366736027
nsga2,4,4020,200,nsga2,20,20,20,0.05,4020,20,593445.5178571388,0.008162759244441986,632659.8035714215,0.009500342421233654,29,8,0,2,546.0210959038232,7.347701453474023
nsga2,4,4040,201,nsga2,20,20,20,0.05,4040,20,593445.5178571388,0.008162759244441986,632659.8035714215,0.009500342421233654,31,8,0,2,548.9128537490033,7.345428281487608
nsga2,4,4060,202,nsga2,20,20,20,0.05,4060,20,593445.5178571388,0.008162759244441986,632659.8035714215,0.009500342421233654,33,8,0,2,551.6341015449725,7.345448710751354
nsga2,4,4080,203,nsga2,20,20,20,0.05,4080,20,593445.5178571388,0.008162759244441986,632659.8035714215,0.009500342421233654,34,8,0,2,554.2852206439711,7.346398295211862
nsga2,4,4100,204,nsga2,20,20,20,0.05,4100,18,593445.5178571388,0.008162759244441986,632659.8035714215,0.009500342421233654,31,8,0,4,557.1892438638024,7.344003935941441
nsga2,4,4120,205,nsga2,20,20,20,0.05,4120,19,593437.8392857102,0.008162759244441986,632659.8035714215,0.009498260915279388,33,8,0,4,560.1787549778819,7.340514011750336
nsga2,4,4140,206,nsga2,20,20,20,0.05,4140,20,593437.8392857102,0.008162759244441986,632659.8035714215,0.009498260915279388,33,8,0,1,563.0951602919959,7.338013698887646
nsga2,4,4160,207,nsga2,20,20,20,0.05,4160,20,593437.8392857102,0.008162759244441986,632659.8035714215,0.009498260915279388,35,8,0,4,565.8408125389833,7.337752788402746
nsga2,4,4180,208,nsga2,20,20,20,0.05,4180,20,593437.8392857102,0.008162759244441986,632659.8035714215,0.009473998099565506,33,8,0,4,568.6516096708365,7.336653812366695
nsga2,4,4200,209,nsga2,20,20,20,0.05,4200,20,593437.8392857102,0.008162759244441986,632659.8035714215,0.009473998099565506,34,8,0,2,571.4804039408918,7.3353346345600645
nsga2,4,4220,210,nsga2,20,20,20,0.05,4220,20,593437.8392857102,0.008162759244441986,632659.8035714215,0.009473998099565506,34,8,0,0,574.4487410958391,7.332246898069682
nsga2,4,4240,211,nsga2,20,20,20,0.05,4240,19,593437.8392857102,0.008162759244441986,632659.8035714215,0.009473998099565506,32,8,0,3,577.2914018919691,7.330786473053952
nsga2,4,4260,212,nsga2,20,20,20,0.05,4260,19,593437.8392857102,0.008162759244441986,632659.8035714215,0.009473998099565506,32,8,0,2,580.1913279499859,7.328616949556569
nsga2,4,4280,213,nsga2,20,20,20,0.05,4280,20,593437.8392857102,0.008162759244441986,632659.8035714215,0.009473998099565506,32,9,0,4,582.8444584789686,7.327855550254177
nsga2,4,4300,214,nsga2,20,20,19,0.1,4300,20,593437.8392857102,0.008162759244441986,632659.8035714215,0.009473998099565506,29,9,0,2,585.747019988019,7.325688144495842
nsga2,4,4320,215,nsga2,20,20,19,0.1,4320,20,593437.8392857102,0.008162759244441986,632659.8035714215,0.009473998099565506,30,9,0,1,588.3915252638981,7.326754065783805
nsga2,4,4340,216,nsga2,20,20,19,0.1,4340,20,593437.8392857102,0.008162759244441986,632659.8035714215,0.009473998099565506,31,9,0,2,591.290823702002,7.324652821236293
nsga2,4,4360,217,nsga2,20,20,19,0.1,4360,20,593437.8392857102,0.008162759244441986,632659.8035714215,0.009473998099565506,32,9,0,0,594.1822592569515,7.322668982815303
nsga2,4,4380,218,nsga2,20,20,19,0.1,4380,20,593437.8392857102,0.008162759244441986,632659.8035714215,0.009473998099565506,33,9,0,2,597.0387096779887,7.3211333354875565
nsga2,4,4400,219,nsga2,20,20,18,0.1,4400,20,593437.8392857102,0.008162759244441986,632659.8035714215,0.009473998099565506,33,9,0,1,599.6370340147987,7.322763189926046
nsga2,4,4420,220,nsga2,20,20,19,0.1,4420,20,593437.8392857102,0.008162759244441986,632659.8035714215,0.009473998099565506,32,10,0,3,602.5950344668236,7.318347725686075
nsga2,4,4440,221,nsga2,20,20,19,0.1,4440,20,593437.8392857102,0.008162759244441986,632659.8035714215,0.009473998099565506,32,10,0,0,605.2503350370098,7.319285498171785
nsga2,4,4460,222,nsga2,20,20,18,0.1,4460,20,593437.8392857102,0.008162759244441986,632659.8035714215,0.009473998099565506,34,10,0,3,608.1402351409197,7.317391191801074
nsga2,4,4480,223,nsga2,20,20,19,0.1,4480,20,593437.8392857102,0.008162759244441986,632659.8035714215,0.009473998099565506,35,10,0,2,611.1374029279687,7.314230774592033
nsga2,4,4500,224,nsga2,20,20,19,0.1,4500,20,593437.8392857102,0.008162759244441986,632659.8035714215,0.009473998099565506,35,10,0,1,613.9148950069211,7.313717318993182
nsga2,4,4520,225,nsga2,20,20,19,0.1,4520,20,593437.8392857102,0.008162759244441986,632659.8035714215,0.009473998099565506,35,10,0,2,617.0239234589972,7.309278989892685
nsga2,4,4540,226,nsga2,20,20,19,0.1,4540,20,593437.8392857102,0.008162759244441986,632659.8035714215,0.009473998099565506,35,10,0,0,620.0721056559123,7.305601975447945
nsga2,4,4560,227,nsga2,20,20,18,0.1,4560,20,593437.8392857102,0.008162759244441986,632659.8035714215,0.009473998099565506,35,10,0,2,623.359278208809,7.299161429142745
nsga2,4,4580,228,nsga2,20,20,18,0.1,4580,20,593437.8392857102,0.008162759244441986,632659.8035714215,0.009473998099565506,35,10,0,2,626.376357933972,7.295933095357561
nsga2,4,4600,229,nsga2,20,20,18,0.1,4600,20,593437.8392857102,0.008162759244441986,632659.8035714215,0.009473998099565506,35,10,0,1,629.0353513460141,7.296887194302017
nsga2,4,4620,230,nsga2,20,20,18,0.1,4620,20,593437.8392857102,0.008162759244441986,632659.8035714215,0.009473998099565506,35,10,0,0,631.8255307998043,7.296318010708389
nsga2,4,4640,231,nsga2,20,20,19,0.1,4640,20,593437.8392857102,0.008162759244441986,632659.8035714215,0.009473998099565506,36,10,0,2,634.6012574678753,7.295919989938532
nsga2,4,4660,232,nsga2,20,20,19,0.1,4660,20,593437.8392857102,0.008162759244441986,632659.8035714215,0.009473998099565506,36,10,0,0,637.4393882118165,7.2948112181213975
nsga2,4,4680,233,nsga2,20,20,19,0.1,4680,20,593437.8392857102,0.008162759244441986,632659.8035714215,0.009473998099565506,36,10,0,1,640.3998726038262,7.292318752363378
nsga2,4,4700,234,nsga2,20,20,19,0.1,4700,20,593437.8392857102,0.008162759244441986,632659.8035714215,0.009473998099565506,30,10,0,2,642.8931773100048,7.295146636372638
nsga2,4,4720,235,nsga2,20,20,19,0.1,4720,20,593437.8392857102,0.008162759244441986,632659.8035714215,0.009473998099565506,29,10,0,1,645.7096921650227,7.29429967855628
nsga2,4,4740,236,nsga2,20,20,18,0.1,4740,20,593437.8392857102,0.008162759244441986,632659.8035714215,0.009473998099565506,30,10,0,1,648.6490847589448,7.292078430601337
nsga2,4,4760,237,nsga2,20,20,18,0.1,4760,20,593437.8392857102,0.008162759244441986,632659.8035714215,0.009473998099565506,28,10,0,3,651.3448243448511,7.292604197442947
nsga2,4,4780,238,nsga2,20,20,18,0.1,4780,19,592817.5892857102,0.008162759244441986,632659.8035714215,0.009473998099565506,24,10,0,2,653.9828907779884,7.2937687931339195
nsga2,4,4800,239,nsga2,20,20,18,0.1,4800,20,592817.5892857102,0.008162759244441986,632659.8035714215,0.009470170363783836,24,10,0,4,656.7307772859931,7.293704156511689
nsga2,4,4820,240,nsga2,20,20,18,0.1,4820,20,592817.5892857102,0.008162759244441986,632659.8035714215,0.009470170363783836,24,10,0,0,659.701932691969,7.291171605898428
nsga2,4,4840,241,nsga2,20,20,19,0.1,4840,20,592817.5892857102,0.008162759244441986,632659.8035714215,0.009470170363783836,24,10,0,1,662.436231453903,7.2912678544155165
nsga2,4,4860,242,nsga2,20,20,19,0.1,4860,20,592817.5892857102,0.008162759244441986,632659.8035714215,0.009470170363783836,24,10,0,0,665.2937807748094,7.290012533037103
nsga2,4,4880,243,nsga2,20,20,19,0.1,4880,20,592817.5892857102,0.008162759244441986,632659.8035714215,0.009470170363783836,23,10,0,4,667.7660876428708,7.292972928874659
nsga2,4,4900,244,nsga2,20,20,19,0.1,4900,20,592817.5892857102,0.008162759244441986,632659.8035714215,0.009470170363783836,23,10,0,1,670.4729797539767,7.293358789483711
nsga2,4,4920,245,nsga2,20,20,19,0.1,4920,20,592817.5892857102,0.008162759244441986,632659.8035714215,0.009470170363783836,24,10,0,2,673.0941072008573,7.294670904814224
nsga2,4,4940,246,nsga2,20,20,19,0.1,4940,20,592817.5892857102,0.008162759244441986,632659.8035714215,0.009470170363783836,24,10,0,1,675.8315379240084,7.2947172828657445
nsga2,4,4960,247,nsga2,20,20,19,0.1,4960,20,592817.5892857102,0.008162759244441986,632659.8035714215,0.009470170363783836,24,10,0,3,678.3639688349795,7.296967745060395
nsga2,4,4980,248,nsga2,20,20,18,0.1,4980,20,592817.5892857102,0.008162759244441986,632659.8035714215,0.009470170363783836,25,10,0,5,680.9212837659288,7.29893472049035
nsga2,4,5000,249,nsga2,20,20,18,0.1,5000,20,592817.5892857102,0.008162759244441986,632659.8035714215,0.009470170363783836,25,10,0,2,683.5121645508334,7.3005284452825405
nsga2,4,5020,250,nsga2,20,20,18,0.1,5020,20,592722.2321428532,0.008162759244441986,632659.8035714215,0.009484655223786831,27,10,0,2,686.0429994119331,7.302749250840698
nsga2,4,5040,251,nsga2,20,20,18,0.1,5040,20,592722.2321428532,0.008162759244441986,632659.8035714215,0.009484655223786831,28,10,0,1,688.8555807948578,7.301965956631977
nsga2,4,5060,252,nsga2,20,20,18,0.1,5060,20,592722.2321428532,0.008162759244441986,632659.8035714215,0.009484655223786831,28,10,0,2,691.4748708109837,7.303229969987484
nsga2,4,5080,253,nsga2,20,20,19,0.1,5080,20,592722.2321428532,0.008162759244441986,632659.8035714215,0.009484655223786831,29,10,0,2,694.2580717718229,7.302759890224687
nsga2,4,5100,254,nsga2,20,20,19,0.1,5100,20,592722.2321428532,0.008162759244441986,632659.8035714215,0.009484655223786831,29,10,0,0,696.9770888679195,7.302966024704693
nsga2,4,5120,255,nsga2,20,20,19,0.1,5120,20,592722.2321428532,0.008158855140209198,632708.0178571357,0.009484655223786831,30,10,0,1,699.7163548618555,7.302959212678205
nsga2,4,5140,256,nsga2,20,20,19,0.1,5140,20,592722.2321428532,0.008158855140209198,632708.0178571357,0.009484655223786831,30,10,0,1,702.5588147370145,7.301879774891571
nsga2,4,5160,257,nsga2,20,20,19,0.1,5160,20,592722.2321428532,0.008158855140209198,632708.0178571357,0.009484655223786831,30,10,0,0,704.8357962269802,7.306666357707989
nsga2,4,5180,258,nsga2,20,20,19,0.1,5180,20,592722.2321428532,0.008158855140209198,632708.0178571357,0.009484655223786831,30,10,0,0,707.4397165968549,7.30804318546085
nsga2,4,5200,259,nsga2,20,20,19,0.1,5200,20,592722.2321428532,0.008158855140209198,632708.0178571357,0.009484655223786831,30,10,0,2,710.1858174127992,7.307946558137594
nsga2,4,5220,260,nsga2,20,20,19,0.1,5220,20,592722.2321428532,0.008158855140209198,632708.0178571357,0.009484655223786831,30,10,0,0,713.1319304299541,7.30580104141297
nsga2,4,5240,261,nsga2,20,20,19,0.1,5240,20,592722.2321428532,0.008158855140209198,632708.0178571357,0.009484655223786831,30,10,0,0,715.8631616809871,7.305865534020405
nsga2,4,5260,262,nsga2,20,20,19,0.1,5260,20,592722.2321428532,0.008158855140209198,632708.0178571357,0.009484655223786831,30,10,0,2,718.6203254708089,7.305665890483167
nsga2,4,5280,263,nsga2,20,20,19,0.1,5280,20,592722.2321428532,0.008158855140209198,632708.0178571357,0.009484655223786831,30,10,0,0,721.1484097409993,7.307788423041413
nsga2,4,5300,264,nsga2,20,20,19,0.1,5300,20,592722.2321428532,0.008158855140209198,632708.0178571357,0.009484655223786831,30,10,0,2,723.4616441950202,7.312066980255831
nsga2,4,5320,265,nsga2,20,20,19,0.1,5320,20,592722.2321428532,0.008158855140209198,632708.0178571357,0.009484655223786831,30,10,0,1,726.0990835279226,7.313051511096971
nsga2,4,5340,266,nsga2,20,20,20,0.05,5340,20,592722.2321428532,0.008158855140209198,632708.0178571357,0.009484655223786831,32,10,0,2,728.9092178498395,7.312296057556536
nsga2,4,5360,267,nsga2,20,20,20,0.05,5360,20,592722.2321428532,0.008158855140209198,632708.0178571357,0.009484655223786831,32,10,0,0,731.4360263289418,7.314378575049837
nsga2,4,5380,268,nsga2,20,20,20,0.05,5380,20,592722.2321428532,0.008152509108185768,627830.6785714217,0.009484655223786831,31,10,0,4,734.2736026528291,7.313350201612766
nsga2,4,5400,269,nsga2,20,20,20,0.05,5400,20,592722.2321428532,0.008152509108185768,627830.6785714217,0.009484655223786831,31,10,0,1,736.929872962879,7.31412878993373
nsga2,4,5420,270,nsga2,20,20,20,0.05,5420,20,592722.2321428532,0.008152509108185768,627830.6785714217,0.009484655223786831,31,10,0,0,740.2317061619833,7.308522392333383
nsga2,4,5440,271,nsga2,20,20,20,0.05,5440,20,592722.2321428532,0.008152509108185768,627830.6785714217,0.009484655223786831,31,10,0,0,743.0685164448805,7.307536088299319
nsga2,4,5460,272,nsga2,20,20,20,0.05,5460,20,592722.2321428532,0.008152509108185768,627830.6785714217,0.009484655223786831,31,10,0,0,746.0099055089522,7.305533022757698
nsga2,4,5480,273,nsga2,20,20,20,0.05,5480,20,592436.267857139,0.008152509108185768,627830.6785714217,0.009452985599637032,31,10,0,2,748.668040640885,7.3063089421013565
nsga2,4,5500,274,nsga2,20,20,20,0.05,5500,20,592436.267857139,0.008152509108185768,627830.6785714217,0.009452985599637032,32,10,0,3,750.9676125799306,7.3105682695678995
nsga2,4,5520,275,nsga2,20,20,20,0.05,5520,20,592436.267857139,0.008152509108185768,627830.6785714217,0.009452985599637032,32,10,0,1,754.098790549906,7.306734965032875
nsga2,4,5540,276,nsga2,20,20,20,0.05,5540,20,591742.0357142818,0.008152509108185768,627830.6785714217,0.009417037479579449,31,10,0,2,756.889798854012,7.306215526187346
nsga2,4,5560,277,nsga2,20,20,20,0.05,5560,20,591742.0357142818,0.008152509108185768,627830.6785714217,0.009417037479579449,32,10,0,1,759.3912705238909,7.308485382207714
nsga2,4,5580,278,nsga2,20,20,19,0.1,5580,20,591742.0357142818,0.008152509108185768,627830.6785714217,0.009417037479579449,27,10,0,3,762.24490792281,7.307362688953582
nsga2,4,5600,279,nsga2,20,20,19,0.1,5600,20,591742.0357142818,0.008152509108185768,627830.6785714217,0.009417037479579449,27,10,0,1,765.1633202179801,7.305629860050686
nsga2,4,5620,280,nsga2,20,20,19,0.1,5620,20,591742.0357142818,0.008152509108185768,627830.6785714217,0.009417037479579449,27,10,0,1,767.5165873880032,7.309288284038052
nsga2,4,5640,281,nsga2,20,20,19,0.1,5640,20,591742.0357142818,0.008152509108185768,627830.6785714217,0.009417037479579449,27,10,0,2,770.0883179048542,7.310849767617948
nsga2,4,5660,282,nsga2,20,20,19,0.1,5660,20,591742.0357142818,0.008152509108185768,627830.6785714217,0.009417037479579449,27,10,0,1,772.8801019298844,7.310318878558174
nsga2,4,5680,283,nsga2,20,20,20,0.05,5680,20,591742.0357142818,0.008152509108185768,627830.6785714217,0.009417037479579449,28,10,0,1,775.56242642086,7.310823483502754
nsga2,4,5700,284,nsga2,20,20,20,0.05,5700,20,591742.0357142818,0.008152509108185768,627830.6785714217,0.009417037479579449,28,11,0,2,778.1882492799778,7.310570424654668
nsga2,4,5720,285,nsga2,20,20,20,0.05,5720,20,591742.0357142818,0.008152509108185768,627830.6785714217,0.009417037479579449,28,11,0,1,780.9008271328639,7.310787492646182
nsga2,4,5740,286,nsga2,20,20,20,0.05,5740,20,591742.0357142818,0.008152509108185768,627830.6785714217,0.009417037479579449,28,11,0,1,783.4402292368468,7.3126191203898845
nsga2,4,5760,287,nsga2,20,20,20,0.05,5760,20,591741.4999999962,0.008152509108185768,627830.6785714217,0.009424794465303421,30,11,0,2,785.9609825739171,7.314612464823373
nsga2,4,5780,288,nsga2,20,20,20,0.05,5780,20,591741.4999999962,0.008152509108185768,627830.6785714217,0.009424794465303421,30,11,0,0,788.7594728218392,7.314016755147195
nsga2,4,5800,289,nsga2,20,20,20,0.05,5800,20,591741.4999999962,0.008152509108185768,627830.6785714217,0.009424794465303421,30,11,0,2,791.3695177237969,7.315166771460702
nsga2,4,5820,290,nsga2,20,20,20,0.05,5820,20,591741.4999999962,0.008152509108185768,627830.6785714217,0.009424794465303421,31,11,0,1,794.1053205758799,7.315150584543813
nsga2,4,5840,291,nsga2,20,20,20,0.05,5840,20,591741.4999999962,0.008152509108185768,627830.6785714217,0.009424794465303421,31,11,0,4,796.9093397459947,7.31450832519785
nsga2,4,5860,292,nsga2,20,20,20,0.05,5860,20,591741.4999999962,0.008152509108185768,627830.6785714217,0.009424794465303421,31,11,0,0,799.8362348848023,7.312746966061637
nsga2,4,5880,293,nsga2,20,20,20,0.05,5880,20,591741.4999999962,0.008152509108185768,627830.6785714217,0.009424794465303421,32,11,0,0,802.5068239418324,7.313333450763777
nsga2,4,5900,294,nsga2,20,20,20,0.05,5900,20,591741.4999999962,0.008152509108185768,627830.6785714217,0.009424794465303421,32,11,0,1,805.1610017910134,7.314065121013575
nsga2,4,5920,295,nsga2,20,20,20,0.05,5920,20,591741.4999999962,0.008152509108185768,627830.6785714217,0.009424794465303421,32,11,0,1,808.0579593789298,7.312594265566834
nsga2,4,5940,296,nsga2,20,20,20,0.05,5940,20,591741.4999999962,0.008152509108185768,627830.6785714217,0.009424794465303421,32,11,0,0,810.9684385010041,7.311012017877264
nsga2,4,5960,297,nsga2,20,20,20,0.05,5960,19,591741.4999999962,0.008152509108185768,632822.6249999929,0.009424794465303421,30,11,0,2,813.716285627801,7.31090197538594
nsga2,4,5980,298,nsga2,20,20,19,0.1,5980,20,591741.4999999962,0.008152509108185768,627830.6785714217,0.009424794465303421,30,12,0,1,816.5959317879751,7.3083881117712455
nsga2,4,6000,299,nsga2,20,20,19,0.1,6000,20,591741.4999999962,0.008152509108185768,627830.6785714217,0.009424794465303421,28,12,0,2,819.2522439889144,7.309104178762586
nsga2,4,6020,300,nsga2,20,20,19,0.1,6020,20,591741.4999999962,0.008152509108185768,627830.6785714217,0.009424794465303421,28,12,0,1,822.1275389268994,7.307868567256703
nsga2,4,6040,301,nsga2,20,20,19,0.1,6040,20,591741.4999999962,0.008152509108185768,627830.6785714217,0.009424794465303421,28,12,0,0,825.0030442348216,7.306639705300582
nsga2,4,6060,302,nsga2,20,20,20,0.05,6060,20,591741.4999999962,0.008152509108185768,627830.6785714217,0.009424794465303421,29,12,0,3,827.4616794770118,7.30909980486658
nsga2,4,6080,303,nsga2,20,20,20,0.05,6080,20,591741.4999999962,0.008152509108185768,627830.6785714217,0.009424794465303421,29,13,0,1,830.1691442988813,7.308149238820337
nsga2,4,6100,304,nsga2,20,20,20,0.05,6100,20,591741.4999999962,0.008152509108185768,627830.6785714217,0.009424794465303421,29,13,0,0,833.136373213958,7.306126818732467
nsga2,4,6120,305,nsga2,20,20,19,0.1,6120,20,591741.4999999962,0.008152509108185768,627830.6785714217,0.009424794465303421,29,13,0,2,835.7460099859163,7.307243979666637
nsga2,4,6140,306,nsga2,20,20,18,0.1,6140,20,591741.4999999962,0.008152509108185768,627830.6785714217,0.009424794465303421,30,13,0,4,838.4774705469608,7.307292342635273
nsga2,4,6160,307,nsga2,20,20,18,0.1,6160,20,591741.4999999962,0.008152509108185768,627830.6785714217,0.009424794465303421,30,13,0,2,841.3453304618597,7.306155721605516
nsga2,4,6180,308,nsga2,20,20,18,0.1,6180,20,591741.4999999962,0.008152509108185768,627830.6785714217,0.009424794465303421,30,13,0,0,843.9686604999006,7.30714336755959
nsga2,4,6200,309,nsga2,20,20,18,0.1,6200,20,591741.4999999962,0.008152509108185768,627830.6785714217,0.009424794465303421,30,13,0,0,846.8249710898381,7.306114263538448
nsga2,4,6220,310,nsga2,20,20,18,0.1,6220,20,591741.4999999962,0.008152509108185768,627830.6785714217,0.009424794465303421,32,13,0,2,849.2220371270087,7.309042545573612
nsga2,4,6240,311,nsga2,20,20,19,0.1,6240,20,591741.4999999962,0.008152509108185768,627830.6785714217,0.009424794465303421,31,13,0,2,851.7661699138116,7.3106918541154275
nsga2,4,6260,312,nsga2,20,20,19,0.1,6260,20,591741.4999999962,0.008152509108185768,627830.6785714217,0.009424794465303421,31,13,0,1,854.6740720248781,7.309219039720864
nsga2,4,6280,313,nsga2,20,20,19,0.1,6280,20,591741.4999999962,0.008152509108185768,627830.6785714217,0.009424794465303421,31,13,0,1,857.6250272728503,7.307389360975559
nsga2,4,6300,314,nsga2,20,20,19,0.1,6300,20,591741.4999999962,0.008152509108185768,627830.6785714217,0.009424794465303421,31,13,0,0,860.3636837669183,7.307374914377738
nsga2,4,6320,315,nsga2,20,20,19,0.1,6320,20,591741.4999999962,0.008152509108185768,627830.6785714217,0.009424794465303421,31,13,0,0,863.3400961158331,7.305348180138037
nsga2,4,6340,316,nsga2,20,20,19,0.1,6340,20,591741.4999999962,0.008152509108185768,627830.6785714217,0.009424794465303421,32,13,0,3,866.250572548015,7.303891276388511
nsga2,4,6360,317,nsga2,20,20,20,0.05,6360,20,591741.4999999962,0.008152509108185768,627830.6785714217,0.009424794465303421,32,13,0,1,869.3410569818225,7.300932066909976
nsga2,4,6380,318,nsga2,20,20,20,0.05,6380,20,591741.4999999962,0.008152509108185768,627830.6785714217,0.009424794465303421,32,13,0,1,871.9366092979908,7.302136338931986
nsga2,4,6400,319,nsga2,20,20,20,0.05,6400,19,591741.4999999962,0.008138496428728104,627630.4107142789,0.00942697562277317,27,13,0,3,874.678442183882,7.302112058521814
nsga2,4,6420,320,nsga2,20,20,20,0.05,6420,20,591741.4999999962,0.008138496428728104,627630.4107142789,0.009424794465303421,26,13,0,2,877.7454640478827,7.299382637026634
nsga2,4,6440,321,nsga2,20,20,20,0.05,6440,20,591741.4999999962,0.008138496428728104,627630.4107142789,0.009424794465303421,26,13,0,0,880.7845279718749,7.2969038350378765
nsga2,4,6460,322,nsga2,20,20,20,0.05,6460,20,591741.4999999962,0.008138496428728104,627630.4107142789,0.009424794465303421,27,13,0,4,883.0695216748863,7.300670945784887
nsga2,4,6480,323,nsga2,20,20,20,0.05,6480,20,591741.4999999962,0.008138496428728104,627630.4107142789,0.009424794465303421,28,13,0,3,885.9115334388334,7.299825948644234
nsga2,4,6500,324,nsga2,20,20,20,0.05,6500,20,591741.4999999962,0.008138496428728104,627630.4107142789,0.009424794465303421,28,13,0,2,888.7908752188087,7.2986797916922646
nsga2,4,6520,325,nsga2,20,20,20,0.05,6520,20,591741.4999999962,0.008138496428728104,627630.4107142789,0.009424794465303421,28,13,0,0,891.7843630849384,7.296606970647497
nsga2,4,6540,326,nsga2,20,20,20,0.05,6540,20,591741.4999999962,0.008138496428728104,627630.4107142789,0.009424794465303421,28,13,0,2,894.716031574877,7.295052027302105
nsga2,4,6560,327,nsga2,20,20,20,0.05,6560,20,591741.4999999962,0.008138496428728104,627630.4107142789,0.009424794465303421,29,13,0,1,897.731838039821,7.292823672484692
nsga2,4,6580,328,nsga2,20,20,20,0.05,6580,19,591741.4999999962,0.008138496428728104,627630.4107142789,0.009424794465303421,28,13,0,3,900.6044778169598,7.291769208074808
nsga2,4,6600,329,nsga2,20,20,19,0.1,6600,20,591741.4999999962,0.008138496428728104,627630.4107142789,0.009411472827196121,29,13,0,2,903.4240358630195,7.291149823911421
nsga2,4,6620,330,nsga2,20,20,20,0.05,6620,20,591741.4999999962,0.008138496428728104,627630.4107142789,0.009411472827196121,29,13,0,3,906.3118569159415,7.289985174068826
nsga2,4,6640,331,nsga2,20,20,20,0.05,6640,17,591741.4999999962,0.008138496428728104,630998.4642857073,0.009411472827196121,26,13,0,4,909.0844508928712,7.289751786526753
nsga2,4,6660,332,nsga2,20,20,19,0.1,6660,20,591741.4999999962,0.008138496428728104,627630.4107142789,0.009411472827196121,27,13,0,3,912.1100282918196,7.287497992373092
nsga2,4,6680,333,nsga2,20,20,19,0.1,6680,20,591454.9999999963,0.008138496428728104,627630.4107142789,0.009391938336193562,27,13,0,3,914.6734132559504,7.28894040580842
nsga2,4,6700,334,nsga2,20,20,19,0.1,6700,20,591454.9999999963,0.008138496428728104,627630.4107142789,0.009391938336193562,27,13,0,0,917.4837271778379,7.288412646368217
nsga2,4,6720,335,nsga2,20,20,20,0.05,6720,20,591454.9999999963,0.008138496428728104,627630.4107142789,0.009391938336193562,27,13,0,1,920.1549709048122,7.288989585531264
nsga2,4,6740,336,nsga2,20,20,19,0.1,6740,20,591454.9999999963,0.008138496428728104,627630.4107142789,0.009391938336193562,27,13,0,1,922.9511796908919,7.2885761977713255
nsga2,4,6760,337,nsga2,20,20,19,0.1,6760,20,591454.9999999963,0.008138496428728104,627630.4107142789,0.009391938336193562,27,13,0,0,925.6963632868137,7.288567037299183
nsga2,4,6780,338,nsga2,20,20,20,0.05,6780,20,591454.9999999963,0.008138496428728104,627630.4107142789,0.009391938336193562,27,13,0,1,928.4636834028643,7.288384156501004
nsga2,4,6800,339,nsga2,20,20,20,0.05,6800,20,591454.9999999963,0.008138496428728104,627630.4107142789,0.009379970841109753,26,13,0,3,931.3563787478488,7.28722125586846
nsga2,4,6820,340,nsga2,20,20,20,0.05,6820,20,591454.9999999963,0.008138496428728104,627630.4107142789,0.009379970841109753,26,13,0,2,934.1673916899599,7.286702640825179
nsga2,4,6840,341,nsga2,20,20,20,0.05,6840,20,591454.9999999963,0.008138496428728104,627630.4107142789,0.009379970841109753,26,13,0,0,936.9344325349666,7.2865290920399755
nsga2,4,6860,342,nsga2,20,20,20,0.05,6860,20,591454.9999999963,0.008138496428728104,627630.4107142789,0.009379970841109753,26,13,0,2,939.5139941049274,7.287810552011116
nsga2,4,6880,343,nsga2,20,20,20,0.05,6880,20,591454.9999999963,0.008138496428728104,627630.4107142789,0.009379970841109753,26,13,0,1,942.3095126918051,7.2874144933374385
nsga2,4,6900,344,nsga2,20,20,20,0.05,6900,18,591454.9999999963,0.008138496428728104,627630.4107142789,0.009379970841109753,24,13,0,4,944.9517648669425,7.28820269568971
nsga2,4,6920,345,nsga2,20,20,20,0.05,6920,18,591454.9999999963,0.008138496428728104,627630.4107142789,0.009379970841109753,24,13,0,1,947.5397491208278,7.289403960528982
nsga2,4,6940,346,nsga2,20,20,20,0.05,6940,18,591454.9999999963,0.008138496428728104,627630.4107142789,0.00943494588136673,23,13,0,2,950.6529802638106,7.286570540259312
nsga2,4,6960,347,nsga2,20,20,20,0.05,6960,20,591454.9999999963,0.008138496428728104,627630.4107142789,0.009379970841109753,23,13,0,3,953.0152968869079,7.289494746509178
nsga2,4,6980,348,nsga2,20,20,19,0.1,6980,20,591154.4107142821,0.008138496428728104,627630.4107142789,0.009458099491894245,24,13,0,5,955.7982766989153,7.289194979574822
nsga2,4,7000,349,nsga2,20,20,20,0.05,7000,20,591154.4107142821,0.008138496428728104,627630.4107142789,0.009458099491894245,26,13,0,3,958.1851912420243,7.291909814368213
nsga2,4,7020,350,nsga2,20,20,20,0.05,7020,20,591154.4107142821,0.008138496428728104,627630.4107142789,0.009458099491894245,26,13,0,0,961.11921282392,7.290458776089106
nsga2,4,7040,351,nsga2,20,20,20,0.05,7040,20,591154.4107142821,0.008138496428728104,627630.4107142789,0.009458099491894245,26,13,0,1,963.7709891828708,7.2911511955322625
nsga2,4,7060,352,nsga2,20,20,20,0.05,7060,20,591154.4107142821,0.008138496428728104,627630.4107142789,0.009458099491894245,27,13,0,1,966.4081245358102,7.291950285894843
nsga2,4,7080,353,nsga2,20,20,20,0.05,7080,20,591154.4107142821,0.008138496428728104,627630.4107142789,0.009458099491894245,28,13,0,0,969.2801402530167,7.290977815923537
nsga2,4,7100,354,nsga2,20,20,20,0.05,7100,20,591154.4107142821,0.008138496428728104,627630.4107142789,0.009458099491894245,26,13,0,2,971.9578019818291,7.291468812277194
nsga2,4,7120,355,nsga2,20,20,20,0.05,7120,20,591154.4107142821,0.008138496428728104,627630.4107142789,0.009458099491894245,26,13,0,2,974.7572631498333,7.291045954389117
nsga2,4,7140,356,nsga2,20,20,20,0.05,7140,20,591154.4107142821,0.008138496428728104,627630.4107142789,0.009458099491894245,26,14,0,1,977.657288517803,7.288852733664489
nsga2,4,7160,357,nsga2,20,20,20,0.05,7160,20,591154.4107142821,0.008138496428728104,627630.4107142789,0.009458099491894245,26,14,0,1,980.4136473189574,7.288760228441818
nsga2,4,7180,358,nsga2,20,20,20,0.05,7180,20,591154.4107142821,0.008138496428728104,627630.4107142789,0.009458070620894432,27,14,0,3,982.7019955730066,7.292139460672975
nsga2,4,7200,359,nsga2,20,20,20,0.05,7200,20,591154.4107142821,0.008138496428728104,627630.4107142789,0.009458070620894432,27,14,0,2,985.4734240989201,7.291926727065835
nsga2,4,7220,360,nsga2,20,20,20,0.05,7220,20,591154.4107142821,0.008138496428728104,627630.4107142789,0.009458070620894432,27,14,0,1,988.4182655059267,7.290435892857134
nsga2,4,7240,361,nsga2,20,20,20,0.05,7240,20,591154.4107142821,0.008138496428728104,627630.4107142789,0.009458070620894432,28,14,0,1,990.9485079559963,7.292003511771648
nsga2,4,7260,362,nsga2,20,20,20,0.05,7260,20,591154.4107142821,0.008138496428728104,627630.4107142789,0.009458070620894432,28,14,0,1,993.6855376188178,7.2920453460193135
nsga2,4,7280,363,nsga2,20,20,20,0.05,7280,20,591154.4107142821,0.008138496428728104,627630.4107142789,0.009458070620894432,28,14,0,0,996.445766750956,7.291917174470779
nsga2,4,7300,364,nsga2,20,20,20,0.05,7300,20,591154.4107142821,0.008138496428728104,627630.4107142789,0.009458070620894432,28,14,0,1,998.8054579938762,7.29471384210705
nsga2,4,7320,365,nsga2,20,20,20,0.05,7320,20,591154.4107142821,0.008138496428728104,627630.4107142789,0.009458070620894432,28,14,0,2,1001.6191330768634,7.294189736129316
nsga2,4,7340,366,nsga2,20,20,20,0.05,7340,20,591154.4107142821,0.008138496428728104,627630.4107142789,0.009458070620894432,30,14,0,2,1004.0478977370076,7.29646465722586
nsga2,4,7360,367,nsga2,20,20,19,0.1,7360,20,591154.4107142821,0.008138496428728104,627630.4107142789,0.009458070620894432,30,14,0,1,1006.8582353899255,7.295962571290007
nsga2,4,7380,368,nsga2,20,20,19,0.1,7380,20,591154.4107142821,0.008138496428728104,627630.4107142789,0.009458070620894432,30,14,0,0,1009.7369843588676,7.294969000939428
nsga2,4,7400,369,nsga2,20,20,19,0.1,7400,20,591154.4107142821,0.008138496428728104,627630.4107142789,0.009458070620894432,30,14,0,0,1012.6204443608876,7.293947145874239
nsga2,4,7420,370,nsga2,20,20,19,0.1,7420,20,591154.4107142821,0.008138496428728104,627630.4107142789,0.009458070620894432,30,14,0,0,1015.2643015668727,7.294652228557833
nsga2,4,7440,371,nsga2,20,20,19,0.1,7440,20,591154.4107142821,0.008138496428728104,627630.4107142789,0.009458070620894432,32,14,0,3,1018.0711937570013,7.294185363005642
nsga2,4,7460,372,nsga2,20,20,19,0.1,7460,20,591154.4107142821,0.008138496428728104,627630.4107142789,0.009458070620894432,32,14,0,1,1020.5948590848129,7.295745156581497
nsga2,4,7480,373,nsga2,20,20,19,0.1,7480,20,591154.4107142821,0.008138496428728104,627630.4107142789,0.009458070620894432,32,14,0,0,1023.1748331959825,7.296895660225779
nsga2,4,7500,374,nsga2,20,20,19,0.1,7500,20,591154.4107142821,0.008138496428728104,627630.4107142789,0.009458070620894432,32,14,0,1,1025.795361841796,7.297751850387615
nsga2,4,7520,375,nsga2,20,20,19,0.1,7520,20,591154.4107142821,0.008138496428728104,627630.4107142789,0.009458070620894432,32,14,0,0,1028.7347112358548,7.296341727385461
nsga2,4,7540,376,nsga2,20,20,19,0.1,7540,20,591154.4107142821,0.008138496428728104,627630.4107142789,0.009458070620894432,32,14,0,0,1031.2775675619487,7.297744309315556
nsga2,4,7560,377,nsga2,20,20,19,0.1,7560,20,591154.4107142821,0.008138496428728104,627630.4107142789,0.009458070620894432,32,14,0,0,1033.8052802910097,7.299246912219145
nsga2,4,7580,378,nsga2,20,20,20,0.05,7580,20,591154.4107142821,0.008138496428728104,627630.4107142789,0.009458070620894432,32,14,0,1,1036.6012308278587,7.298852996689558
nsga2,4,7600,379,nsga2,20,20,20,0.05,7600,20,591154.4107142821,0.008138496428728104,627630.4107142789,0.009458070620894432,32,14,0,2,1039.2468810039572,7.299516735303162
nsga2,4,7620,380,nsga2,20,20,20,0.05,7620,20,591154.4107142821,0.008138496428728104,627630.4107142789,0.009458070620894432,32,14,0,0,1041.9870791179128,7.299514698818347
nsga2,4,7640,381,nsga2,20,20,20,0.05,7640,20,591154.4107142821,0.008138496428728104,627630.4107142789,0.009458070620894432,32,15,0,1,1044.9392357468605,7.2970750251808685
nsga2,4,7660,382,nsga2,20,20,20,0.05,7660,20,591154.4107142821,0.008138496428728104,627630.4107142789,0.009458070620894432,33,15,0,1,1047.518731507007,7.298198848436403
nsga2,4,7680,383,nsga2,20,20,20,0.05,7680,20,591154.4107142821,0.008138496428728104,627630.4107142789,0.009458070620894432,33,15,0,1,1049.996014756849,7.300027707033735
nsga2,4,7700,384,nsga2,20,20,20,0.05,7700,20,591154.4107142821,0.008138496428728104,627630.4107142789,0.009458070620894432,34,15,0,3,1052.8013106768485,7.299572979311067
nsga2,4,7720,385,nsga2,20,20,20,0.05,7720,20,591154.4107142821,0.008138496428728104,627630.4107142789,0.009458070620894432,34,15,0,0,1055.8239318840206,7.297618255584657
nsga2,4,7740,386,nsga2,20,20,20,0.05,7740,20,591154.4107142821,0.008138496428728104,627630.4107142789,0.009458070620894432,34,15,0,1,1058.3326761859935,7.299217130703421
nsga2,4,7760,387,nsga2,20,20,20,0.05,7760,20,591154.4107142821,0.008138496428728104,627630.4107142789,0.009458070620894432,34,15,0,0,1060.9425448479597,7.300112562749486
nsga2,4,7780,388,nsga2,20,20,20,0.05,7780,20,591154.4107142821,0.008138496428728104,627630.4107142789,0.009458070620894432,35,15,0,0,1063.8123860138003,7.299219394404822
nsga2,4,7800,389,nsga2,20,20,20,0.05,7800,20,591154.4107142821,0.008138496428728104,627630.4107142789,0.009458070620894432,35,16,0,3,1066.5384505030233,7.298377284315203
nsga2,4,7820,390,nsga2,20,20,20,0.05,7820,20,591154.4107142821,0.008138496428728104,627630.4107142789,0.009458070620894432,35,16,0,0,1069.5119152499828,7.296786402025197
nsga2,4,7840,391,nsga2,20,20,20,0.05,7840,20,591154.4107142821,0.008131498470902443,627821.1249999932,0.009458070620894432,36,16,0,2,1072.0447802019771,7.298202597960442
nsga2,4,7860,392,nsga2,20,20,20,0.05,7860,20,591059.5892857107,0.008131498470902443,627821.1249999932,0.009338839910924435,34,16,0,3,1074.9104875058401,7.297351817825094
nsga2,4,7880,393,nsga2,20,20,20,0.05,7880,20,591059.5892857107,0.008131498470902443,627821.1249999932,0.009338839910924435,34,16,0,1,1077.237440065015,7.300154736104772
nsga2,4,7900,394,nsga2,20,20,19,0.1,7900,20,591059.5892857107,0.008131498470902443,627821.1249999932,0.009338839910924435,34,16,0,2,1080.059841082897,7.299595541016774
nsga2,4,7920,395,nsga2,20,20,20,0.05,7920,20,591059.5892857107,0.008131498470902443,627821.1249999932,0.009338839910924435,34,16,0,1,1082.7539567879867,7.299904055254981
nsga2,4,7940,396,nsga2,20,20,20,0.05,7940,20,591059.5892857107,0.008131498470902443,627821.1249999932,0.009338839910924435,35,16,0,0,1085.7980165239424,7.297858238282453
nsga2,4,7960,397,nsga2,20,20,20,0.05,7960,20,591059.5892857107,0.008131498470902443,627821.1249999932,0.009338839910924435,35,16,0,0,1088.6342127670068,7.297216922669141
nsga2,4,7980,398,nsga2,20,20,20,0.05,7980,20,591059.5892857107,0.008131498470902443,627821.1249999932,0.009338839910924435,36,16,0,0,1091.1545936339535,7.298690805559364
nsga2,4,8000,399,nsga2,20,20,20,0.05,8000,18,591011.3214285676,0.008131498470902443,669390.0714285644,0.009338839910924435,35,16,0,2,1094.1799055219162,7.29678909264166
nsga2,4,8020,400,nsga2,20,20,20,0.05,8020,19,591011.3214285676,0.008131498470902443,630554.392857136,0.00931594893336296,35,16,0,2,1096.8732227368746,7.297105840571745
nsga2,4,8040,401,nsga2,20,20,20,0.05,8040,20,591011.3214285676,0.008131498470902443,627821.1249999932,0.00931594893336296,36,16,0,1,1099.511008119909,7.297789599869953
nsga2,4,8060,402,nsga2,20,20,20,0.05,8060,20,591011.3214285676,0.008131498470902443,627821.1249999932,0.00931594893336296,37,16,0,0,1101.7866396289319,7.300869070902076
nsga2,4,8080,403,nsga2,20,20,20,0.05,8080,20,591011.3214285676,0.008131498470902443,627821.1249999932,0.00931594893336296,38,16,0,2,1104.7464573108591,7.299412409639356
nsga2,4,8100,404,nsga2,20,20,20,0.05,8100,20,591011.3214285676,0.008131498470902443,627821.1249999932,0.00931594893336296,38,16,0,0,1107.6053362227976,7.298628614022751
nsga2,4,8120,405,nsga2,20,20,20,0.05,8120,20,591011.3214285676,0.008131498470902443,627821.1249999932,0.00931594893336296,38,16,0,0,1110.4961730379146,7.297638836368429
nsga2,4,8140,406,nsga2,20,20,20,0.05,8140,20,591011.3214285676,0.008131498470902443,627821.1249999932,0.00931594893336296,38,16,0,0,1113.2006388378795,7.297875797557043
nsga2,4,8160,407,nsga2,20,20,20,0.05,8160,20,591011.3214285676,0.008131498470902443,627821.1249999932,0.00931594893336296,39,16,0,3,1115.647428974975,7.299797219523444
nsga2,4,8180,408,nsga2,20,20,20,0.05,8180,20,591011.3214285676,0.008131498470902443,627821.1249999932,0.00931594893336296,39,16,0,1,1118.247498792829,7.300709376782157
nsga2,4,8200,409,nsga2,20,20,20,0.05,8200,20,591011.3214285676,0.008131498470902443,627821.1249999932,0.00931594893336296,40,16,0,1,1120.806939675007,7.301881983683167
nsga2,4,8220,410,nsga2,20,20,20,0.05,8220,20,591011.3214285676,0.008131498470902443,627821.1249999932,0.00931594893336296,40,16,0,2,1123.3590446438175,7.303096938700694
nsga2,4,8240,411,nsga2,20,20,20,0.05,8240,20,591011.3214285676,0.008131498470902443,627821.1249999932,0.00931594893336296,40,16,0,0,1126.2934157659765,7.301827290188829
nsga2,4,8260,412,nsga2,20,20,19,0.1,8260,20,591011.3214285676,0.008131498470902443,627821.1249999932,0.00931594893336296,40,16,0,1,1128.5412897439674,7.3050052088659685
nsga2,4,8280,413,nsga2,20,20,19,0.1,8280,20,591011.3214285676,0.008131498470902443,627821.1249999932,0.00931594893336296,40,17,0,0,1131.1511613558978,7.304947634138693
nsga2,4,8300,414,nsga2,20,20,20,0.05,8300,20,591011.3214285676,0.008131498470902443,627821.1249999932,0.00931594893336296,40,17,0,1,1134.0105956078041,7.3041645572636815
nsga2,4,8320,415,nsga2,20,20,20,0.05,8320,20,591011.3214285676,0.008131498470902443,627821.1249999932,0.00931594893336296,40,17,0,0,1136.8430340988562,7.303558847577896
nsga2,4,8340,416,nsga2,20,20,20,0.05,8340,19,591011.3214285676,0.008131498470902443,627821.1249999932,0.00931594893336296,32,17,0,2,1139.5068468130194,7.3040368500442305
nsga2,4,8360,417,nsga2,20,20,20,0.05,8360,20,591011.3214285676,0.008131498470902443,627821.1249999932,0.00931594893336296,33,17,0,2,1142.4723104268778,7.3025839872501495
nsga2,4,8380,418,nsga2,20,20,20,0.05,8380,20,591011.3214285676,0.008131498470902443,627821.1249999932,0.00931594893336296,34,17,0,1,1145.448383386014,7.3010710227539635
nsga2,4,8400,419,nsga2,20,20,19,0.1,8400,20,591011.3214285676,0.008131498470902443,627821.1249999932,0.00931594893336296,34,17,0,1,1147.7148514508735,7.30407904838271
nsga2,4,8420,420,nsga2,20,20,19,0.1,8420,20,591011.3214285676,0.008131498470902443,627821.1249999932,0.00931594893336296,34,17,0,0,1150.378863794962,7.304550061255046
nsga2,4,8440,421,nsga2,20,20,19,0.1,8440,20,591011.3214285676,0.008131498470902443,627821.1249999932,0.00931594893336296,34,17,0,0,1153.0018629818223,7.305278742756717
nsga2,4,8460,422,nsga2,20,20,18,0.1,8460,20,591011.3214285676,0.008131498470902443,627821.1249999932,0.00931594893336296,34,17,0,1,1155.4227838090155,7.307281904348857
nsga2,4,8480,423,nsga2,20,20,17,0.1,8480,20,591011.3214285676,0.008131498470902443,627821.1249999932,0.00931594893336296,34,17,0,1,1158.2934525648598,7.306438606952331
nsga2,4,8500,424,nsga2,20,20,17,0.1,8500,20,591011.3214285676,0.008131498470902443,627821.1249999932,0.00931594893336296,33,17,0,2,1160.8490719858091,7.307582186794134
nsga2,4,8520,425,nsga2,20,20,17,0.1,8520,20,591011.3214285676,0.008131498470902443,627821.1249999932,0.00931594893336296,34,17,0,1,1163.5147481709719,7.308029411201355
nsga2,4,8540,426,nsga2,20,20,17,0.1,8540,20,591011.3214285676,0.008131498470902443,627821.1249999932,0.00931594893336296,35,17,0,1,1166.2520469538867,7.308025758463682
nsga2,4,8560,427,nsga2,20,20,18,0.1,8560,19,591011.3214285676,0.008118237368762493,627821.1249999932,0.00931594893336296,31,17,0,2,1169.0272614618298,7.307785097600942
nsga2,4,8580,428,nsga2,20,20,19,0.1,8580,20,591011.3214285676,0.008118237368762493,627582.7321428504,0.00931594893336296,32,17,0,4,1171.8340015630238,7.307348983370034
nsga2,4,8600,429,nsga2,20,20,18,0.1,8600,20,591011.3214285676,0.008118237368762493,627582.7321428504,0.00931594893336296,32,17,0,2,1174.4203458358534,7.308286194489712
nsga2,4,8620,430,nsga2,20,20,19,0.1,8620,20,591011.3214285676,0.008118237368762493,627582.7321428504,0.00931594893336296,33,17,0,2,1177.2754784459248,7.307550490524514
nsga2,4,8640,431,nsga2,20,20,19,0.1,8640,20,591011.3214285676,0.008118237368762493,627582.7321428504,0.00931594893336296,33,17,0,1,1180.17789639486,7.306525589354831
nsga2,4,8660,432,nsga2,20,20,19,0.1,8660,20,591011.3214285676,0.008118237368762493,627582.7321428504,0.00931594893336296,34,17,0,2,1182.8956563598476,7.3066461555851046
nsga2,4,8680,433,nsga2,20,20,19,0.1,8680,20,591011.3214285676,0.008118237368762493,627582.7321428504,0.00931594893336296,34,17,0,1,1185.5516640008427,7.307146759648799
nsga2,4,8700,434,nsga2,20,20,19,0.1,8700,20,591011.3214285676,0.008118237368762493,627582.7321428504,0.00931594893336296,35,17,0,1,1188.412486422807,7.30638570294423
nsga2,4,8720,435,nsga2,20,20,19,0.1,8720,20,591011.3214285676,0.008118237368762493,627582.7321428504,0.00931594893336296,35,17,0,1,1190.9790129479952,7.307433552886646
nsga2,4,8740,436,nsga2,20,20,19,0.1,8740,20,591011.3214285676,0.008118237368762493,627582.7321428504,0.00931594893336296,35,18,0,1,1193.3672175218817,7.308731019201198
nsga2,4,8760,437,nsga2,20,20,19,0.1,8760,20,591011.3214285676,0.008118237368762493,627582.7321428504,0.00931594893336296,35,18,0,0,1195.7962979518343,7.3106096874303255
nsga2,4,8780,438,nsga2,20,20,19,0.1,8780,20,591011.3214285676,0.008118237368762493,627582.7321428504,0.00931594893336296,35,18,0,0,1198.0894131879322,7.313310595647166
nsga2,4,8800,439,nsga2,20,20,19,0.1,8800,20,591011.3214285676,0.008118237368762493,627582.7321428504,0.00931594893336296,35,18,0,1,1200.9632129149977,7.3124637837025706
nsga2,4,8820,440,nsga2,20,20,19,0.1,8820,20,591011.3214285676,0.008118237368762493,627582.7321428504,0.00931594893336296,35,18,0,0,1203.770457696868,7.3120252650497495
nsga2,4,8840,441,nsga2,20,20,19,0.1,8840,20,591011.3214285676,0.008118237368762493,627582.7321428504,0.00931594893336296,35,18,0,0,1206.489845532924,7.312121218975694
nsga2,4,8860,442,nsga2,20,20,19,0.1,8860,20,591011.3214285676,0.008118237368762493,627582.7321428504,0.00931594893336296,36,19,0,1,1209.3669696918223,7.310436138546858
nsga2,4,8880,443,nsga2,20,20,19,0.1,8880,20,591011.3214285676,0.008118237368762493,627582.7321428504,0.00931594893336296,36,19,0,0,1212.0126174078323,7.310979995366126
nsga2,4,8900,444,nsga2,20,20,19,0.1,8900,20,591011.3214285676,0.008118237368762493,627582.7321428504,0.00931594893336296,36,19,0,0,1214.7040106628556,7.31124613242505
nsga2,4,8920,445,nsga2,20,20,19,0.1,8920,20,591011.3214285676,0.008118237368762493,627582.7321428504,0.00931594893336296,36,19,0,1,1217.443824156886,7.311220298944136
nsga2,4,8940,446,nsga2,20,20,19,0.1,8940,20,591011.3214285676,0.008118237368762493,627582.7321428504,0.00931594893336296,36,19,0,0,1220.4124114629813,7.309824053088631
nsga2,4,8960,447,nsga2,20,20,18,0.1,8960,20,591011.3214285676,0.008118237368762493,627582.7321428504,0.00931594893336296,36,19,0,2,1223.273057604907,7.309079476912476
nsga2,4,8980,448,nsga2,20,20,18,0.1,8980,20,591011.3214285676,0.008118237368762493,627582.7321428504,0.00931594893336296,36,19,0,1,1226.2163686398417,7.307845686271361
nsga2,4,9000,449,nsga2,20,20,18,0.1,9000,20,591011.3214285676,0.008118237368762493,627582.7321428504,0.00931594893336296,36,19,0,0,1228.98268984491,7.307670054436118
nsga2,4,9020,450,nsga2,20,20,19,0.1,9020,20,591011.3214285676,0.008118237368762493,627582.7321428504,0.00931594893336296,36,19,0,1,1231.8961848788895,7.306622189827554
nsga2,4,9040,451,nsga2,20,20,19,0.1,9040,20,591011.3214285676,0.008118237368762493,627582.7321428504,0.00931594893336296,36,19,0,2,1234.7129427639302,7.30615164671904
nsga2,4,9060,452,nsga2,20,20,19,0.1,9060,20,591011.3214285676,0.008118237368762493,627582.7321428504,0.00931594893336296,36,19,0,0,1237.4489153458271,7.306160188013362
nsga2,4,9080,453,nsga2,20,20,19,0.1,9080,20,591011.3214285676,0.008118237368762493,627582.7321428504,0.00931594893336296,36,19,0,0,1240.0641418700106,7.306880099231042
nsga2,4,9100,454,nsga2,20,20,19,0.1,9100,20,591011.3214285676,0.008118237368762493,627582.7321428504,0.00931594893336296,37,19,0,1,1242.3649138088804,7.30944660386391
nsga2,4,9120,455,nsga2,20,20,19,0.1,9120,20,591011.3214285676,0.008118237368762493,627582.7321428504,0.00931594893336296,37,19,0,1,1244.9532397128642,7.310314724831796
nsga2,4,9140,456,nsga2,20,20,19,0.1,9140,20,591011.3214285676,0.008118237368762493,627582.7321428504,0.00931594893336296,37,19,0,2,1247.5040229118895,7.3113992680440525
nsga2,4,9160,457,nsga2,20,20,19,0.1,9160,20,590963.6964285679,0.008118237368762493,627582.7321428504,0.009358048439025879,38,19,0,2,1250.0712983668782,7.312382911232353
nsga2,4,9180,458,nsga2,20,20,19,0.1,9180,20,590963.6964285679,0.008118237368762493,627582.7321428504,0.009358048439025879,38,20,0,0,1252.990785712842,7.310508668097477
nsga2,4,9200,459,nsga2,20,20,18,0.1,9200,20,590963.6964285679,0.008118237368762493,627582.7321428504,0.009358048439025879,38,20,0,1,1255.6794138168916,7.310783229371845
nsga2,4,9220,460,nsga2,20,20,18,0.1,9220,20,590963.6964285679,0.008118237368762493,627582.7321428504,0.009358048439025879,38,20,0,2,1258.5045375449117,7.3102636705206825
nsga2,4,9240,461,nsga2,20,20,19,0.1,9240,20,590963.6964285679,0.008118237368762493,627582.7321428504,0.009358048439025879,38,20,0,1,1261.391123506939,7.309390266174074
nsga2,4,9260,462,nsga2,20,20,18,0.1,9260,20,590963.6964285679,0.008118237368762493,627582.7321428504,0.009358048439025879,38,20,0,1,1264.3702581368852,7.307985885096361
nsga2,4,9280,463,nsga2,20,20,18,0.1,9280,20,590963.6964285679,0.008118237368762493,627582.7321428504,0.009358048439025879,39,20,0,1,1267.39403557498,7.306330738568613
nsga2,4,9300,464,nsga2,20,20,18,0.1,9300,20,590963.6964285679,0.008118237368762493,627582.7321428504,0.009358048439025879,39,20,0,0,1269.89753273502,7.307676218579116
nsga2,4,9320,465,nsga2,20,20,18,0.1,9320,20,590963.6964285679,0.008118237368762493,627582.7321428504,0.009358048439025879,39,20,0,1,1272.6625058089849,7.307514724092804
nsga2,4,9340,466,nsga2,20,20,18,0.1,9340,20,590963.6964285679,0.008118237368762493,627582.7321428504,0.009358048439025879,39,20,0,0,1275.2257195520215,7.308510059908497
nsga2,4,9360,467,nsga2,20,20,18,0.1,9360,20,590963.6964285679,0.008118237368762493,627582.7321428504,0.009358048439025879,40,20,0,2,1278.0256361099891,7.308147611521138
nsga2,4,9380,468,nsga2,20,20,18,0.1,9380,20,590963.6964285679,0.008118237368762493,627582.7321428504,0.009358048439025879,40,20,0,0,1280.60048889881,7.3090710812149355
nsga2,4,9400,469,nsga2,20,20,18,0.1,9400,20,590963.6964285679,0.008118237368762493,627582.7321428504,0.009358048439025879,40,20,0,0,1283.3361820308492,7.3090746846678725
nsga2,4,9420,470,nsga2,20,20,18,0.1,9420,20,590963.6964285679,0.008118237368762493,627582.7321428504,0.009358048439025879,40,20,0,1,1285.8993818748277,7.310058728152509
nsga2,4,9440,471,nsga2,20,20,19,0.1,9440,20,590963.6964285679,0.008118237368762493,627582.7321428504,0.009358048439025879,40,20,0,1,1288.5450005708262,7.310571222446196
nsga2,4,9460,472,nsga2,20,20,18,0.1,9460,20,590963.6964285679,0.008118237368762493,627582.7321428504,0.009358048439025879,40,20,0,1,1291.243324088864,7.3107831993331835
nsga2,4,9480,473,nsga2,20,20,18,0.1,9480,20,590963.6964285679,0.008118237368762493,627582.7321428504,0.009358048439025879,40,20,0,0,1293.9148930460215,7.311145463153371
nsga2,4,9500,474,nsga2,20,20,19,0.1,9500,20,590963.6964285679,0.008118237368762493,627582.7321428504,0.009358048439025879,40,22,0,1,1296.521895866841,7.310327754752732
nsga2,4,9520,475,nsga2,20,20,19,0.1,9520,20,590963.6964285679,0.008118237368762493,627582.7321428504,0.009358048439025879,40,22,0,0,1299.4028555068653,7.309511411143592
nsga2,4,9540,476,nsga2,20,20,19,0.1,9540,20,590963.6964285679,0.008118237368762493,627582.7321428504,0.009358048439025879,40,22,0,0,1302.219026281964,7.3090623066500235
nsga2,4,9560,477,nsga2,20,20,19,0.1,9560,20,590963.6964285679,0.008118237368762493,627582.7321428504,0.009358048439025879,40,22,0,0,1304.9576156658586,7.30904964689846
nsga2,4,9580,478,nsga2,20,20,19,0.1,9580,20,590963.6964285679,0.008118237368762493,627582.7321428504,0.009358048439025879,38,22,0,2,1307.5830862140283,7.309669343975839
nsga2,4,9600,479,nsga2,20,20,19,0.1,9600,20,590963.6964285679,0.008118237368762493,627582.7321428504,0.009358048439025879,39,22,0,1,1310.0446886168793,7.3112009714052375
nsga2,4,9620,480,nsga2,20,20,19,0.1,9620,20,590963.6964285679,0.008118237368762493,627582.7321428504,0.009358048439025879,39,22,0,1,1312.6152709138114,7.31211971449799
nsga2,4,9640,481,nsga2,20,20,19,0.1,9640,20,590963.6964285679,0.008118237368762493,627582.7321428504,0.009358048439025879,39,22,0,1,1315.5384098009672,7.311075015631922
nsga2,4,9660,482,nsga2,20,20,19,0.1,9660,20,590963.6964285679,0.008118237368762493,627582.7321428504,0.009358048439025879,39,22,0,0,1318.3772242448758,7.310502504713958
nsga2,4,9680,483,nsga2,20,20,19,0.1,9680,20,590963.6964285679,0.008118237368762493,627582.7321428504,0.009358048439025879,40,22,0,1,1320.9608747668099,7.311344479983129
nsga2,4,9700,484,nsga2,20,20,19,0.1,9700,20,590963.6964285679,0.008118237368762493,627582.7321428504,0.009358048439025879,40,22,0,0,1323.7213508889545,7.311206390605297
nsga2,4,9720,485,nsga2,20,20,19,0.1,9720,20,590963.6964285679,0.008118237368762493,627582.7321428504,0.009358048439025879,40,22,0,0,1326.580576480832,7.310524646551787
nsga2,4,9740,486,nsga2,20,20,19,0.1,9740,20,590963.6964285679,0.008118237368762493,627582.7321428504,0.009358048439025879,40,22,0,0,1329.6573262698948,7.308649986731568
nsga2,4,9760,487,nsga2,20,20,19,0.1,9760,20,590963.6964285679,0.008118237368762493,627582.7321428504,0.009358048439025879,40,22,0,0,1332.380763266934,7.308721552030583
nsga2,4,9780,488,nsga2,20,20,19,0.1,9780,20,590963.6964285679,0.008118237368762493,627582.7321428504,0.009358048439025879,40,22,0,2,1335.5032450438011,7.306608977711591
nsga2,4,9800,489,nsga2,20,20,19,0.1,9800,20,590963.6964285679,0.008118237368762493,627582.7321428504,0.009358048439025879,41,23,0,2,1337.9726082410198,7.3073244846570065
nsga2,4,9820,490,nsga2,20,20,19,0.1,9820,20,590963.6964285679,0.008118237368762493,627582.7321428504,0.009358048439025879,41,23,0,0,1340.979297510814,7.305854772095015
nsga2,4,9840,491,nsga2,20,20,19,0.1,9840,20,590963.6964285679,0.00810268335044384,628148.1249999931,0.009358048439025879,42,23,0,2,1343.6631200728007,7.306146796280386
nsga2,4,9860,492,nsga2,20,20,19,0.1,9860,20,590963.6964285679,0.00810268335044384,628148.1249999931,0.009358048439025879,42,23,0,0,1346.6212279140018,7.304949451330209
nsga2,4,9880,493,nsga2,20,20,19,0.1,9880,20,590963.6964285679,0.00810268335044384,628148.1249999931,0.009358048439025879,42,23,0,3,1349.3424169509672,7.305039755789569
nsga2,4,9900,494,nsga2,20,20,19,0.1,9900,20,590963.6964285679,0.00810268335044384,628148.1249999931,0.009358048439025879,42,23,0,0,1352.2049449239857,7.304366129614499
nsga2,4,9920,495,nsga2,20,20,19,0.1,9920,20,590963.6964285679,0.00810268335044384,628148.1249999931,0.009358048439025879,42,23,0,0,1355.0750790599268,7.3036543531344185
nsga2,4,9940,496,nsga2,20,20,19,0.1,9940,20,590963.6964285679,0.00810268335044384,628148.1249999931,0.009358048439025879,43,23,0,1,1357.917879914865,7.30309258511402
nsga2,4,9960,497,nsga2,20,20,19,0.1,9960,20,590963.6964285679,0.00810268335044384,628148.1249999931,0.009358048439025879,43,23,0,5,1360.780399768846,7.302427343668372
nsga2,4,9980,498,nsga2,20,20,19,0.1,9980,20,590963.6964285679,0.00810268335044384,628148.1249999931,0.009358048439025879,43,23,0,0,1363.26321721985,7.303798616605864
nsga2,4,10000,499,nsga2,20,20,19,0.1,10000,20,590963.6964285679,0.00810268335044384,628148.1249999931,0.009358048439025879,43,23,0,0,1366.0696002708282,7.303434611254085
moead,5,20,0,moead,20,20,20,0.05,20,2,654441.3214285643,0.01003920380026102,1116649.8571428643,0.023573698475956917,2,0,0,0,4.420111725106835,4.524772504368449
moead,5,40,1,moead,20,4,3,0.5,40,11,647379.9285714214,0.009744475595653057,657057.6785714219,0.00988126453012228,3,0,0,95,33.594100506044924,1.1906852512036272
moead,5,60,2,moead,20,7,7,0.3,60,20,646555.5535714214,0.00932724867016077,652494.4999999925,0.009892670437693596,7,0,0,57,60.86775496695191,0.9857436015600862
moead,5,80,3,moead,20,6,5,0.35,80,16,639728.392857136,0.009292881935834885,648011.0535714214,0.009729179553687572,7,0,0,48,87.97108047106303,0.9093897627677198
moead,5,100,4,moead,20,5,5,0.4,100,20,635305.9464285648,0.009272073395550251,647834.23214285,0.009528580121695995,7,0,0,23,115.20723098795861,0.8680010720026067
moead,5,120,5,moead,20,9,9,0.3,120,14,634876.3571428505,0.009242621250450611,647834.23214285,0.009534642100334167,8,0,0,8,142.4383285830263,0.842469868846101
moead,5,140,6,moead,20,5,4,0.4,140,20,634876.3571428505,0.009168142452836037,647357.4464285643,0.009534642100334167,5,0,0,17,170.06415862496942,0.8232187259911254
moead,5,160,7,moead,20,7,6,0.35,160,20,634876.3571428505,0.009166871197521687,647658.6249999929,0.009534642100334167,7,0,0,3,197.2774796630256,0.8110403695003598
moead,5,180,8,moead,20,7,7,0.35,180,18,634876.3571428505,0.009166871197521687,647658.6249999929,0.009534642100334167,7,0,0,6,224.7744218739681,0.8008028604826163
moead,5,200,9,moead,20,7,7,0.3,200,18,634876.3571428505,0.00913898553699255,648613.2142857071,0.009534642100334167,9,0,0,12,252.08332060906105,0.7933884697995012
moead,5,220,10,moead,20,9,9,0.25,220,18,634505.3035714219,0.00913898553699255,648613.2142857071,0.00968350563198328,8,0,0,14,279.5958380671218,0.7868500529939405
moead,5,240,11,moead,20,7,7,0.4,240,20,634505.3035714219,0.009137323126196861,646725.5892857071,0.009460808709263802,8,0,0,27,308.18602196406573,0.7787504393303855
moead,5,260,12,moead,20,8,8,0.4,260,20,634505.3035714219,0.009137323126196861,646725.5892857071,0.009460808709263802,9,0,0,2,335.5064737040084,0.7749477890235228
moead,5,280,13,moead,20,3,3,0.5,280,20,634014.0535714219,0.009137323126196861,646725.5892857071,0.009319601580500603,3,0,0,22,362.84833438298665,0.7716722759004312
moead,5,300,14,moead,20,4,3,0.5,300,20,633918.4821428504,0.009137323126196861,646725.5892857071,0.009313191287219524,4,0,0,19,390.24220085307024,0.768753352006009
moead,5,320,15,moead,20,5,4,0.45,320,20,633646.8749999934,0.009137323126196861,646725.5892857071,0.009313994087278843,5,0,0,1,417.4188263560645,0.7666161174221576
moead,5,340,16,moead,20,5,5,0.45,340,20,633646.8749999934,0.009137323126196861,646725.5892857071,0.009313994087278843,5,0,0,19,444.89540646900423,0.7642245684181675
moead,5,360,17,moead,20,5,5,0.45,360,20,633646.8749999934,0.009137323126196861,646725.5892857071,0.009313994087278843,5,0,0,0,472.2652105791494,0.7622835473282563
moead,5,380,18,moead,20,5,5,0.45,380,20,633646.8749999934,0.009137323126196861,646725.5892857071,0.009313994087278843,5,0,0,0,499.7957951941062,0.7603105181235449
moead,5,400,19,moead,20,5,5,0.45,400,20,633646.8749999934,0.009137323126196861,646725.5892857071,0.009313994087278843,4,0,0,8,526.9215228960384,0.7591263264433402
moead,5,420,20,moead,20,6,6,0.4,420,20,633646.8749999934,0.009137323126196861,646725.5892857071,0.009313994087278843,6,0,0,6,554.4704782580957,0.7574794627830443
moead,5,440,21,moead,20,8,8,0.35,440,18,633646.8749999934,0.009137017652392387,647488.8749999928,0.009313994087278843,8,0,0,7,584.1400654870085,0.753244000877022
moead,5,460,22,moead,20,7,6,0.35,460,20,633646.8749999934,0.009137017652392387,647488.8749999928,0.009313994087278843,9,0,0,14,612.4137373380363,0.7511261945224655
moead,5,480,23,moead,20,7,6,0.35,480,20,633646.8749999934,0.009110663086175919,647823.5357142783,0.009313994087278843,10,0,0,4,640.599194094073,0.7492984762161771
moead,5,500,24,moead,20,10,10,0.2,500,20,630443.714285708,0.009110663086175919,647823.5357142783,0.009294241666793823,11,0,0,15,668.2175043330062,0.7482593568079069
moead,5,520,25,moead,20,10,10,0.2,520,20,630443.714285708,0.009110663086175919,647823.5357142783,0.009294241666793823,11,0,0,0,700.9288159259595,0.7418727667988023
moead,5,540,26,moead,20,6,6,0.3,540,19,630149.1785714225,0.009110663086175919,647823.5357142783,0.009288625791668892,8,0,0,20,728.1989767970517,0.7415555599585762
moead,5,560,27,moead,20,6,6,0.3,560,20,630149.1785714225,0.009110663086175919,647823.5357142783,0.009288625791668892,7,0,0,9,755.3741760789417,0.7413544409300488
moead,5,580,28,moead,20,7,7,0.25,580,16,629863.5357142794,0.009110663086175919,647823.5357142783,0.009285547770559788,7,0,0,7,782.5341993761249,0.7411816639610189
moead,5,600,29,moead,20,11,11,0.25,600,18,629863.5357142794,0.009110663086175919,647823.5357142783,0.009285547770559788,11,0,0,9,809.8376108291559,0.7408892745617078
moead,5,620,30,moead,20,10,10,0.25,620,20,629437.4821428511,0.009110663086175919,647823.5357142783,0.009271207265555859,12,0,0,7,837.1048923381604,0.7406479231870767
moead,5,640,31,moead,20,10,10,0.2,640,20,628196.8214285654,0.009110663086175919,647823.5357142783,0.009280628524720669,12,0,0,17,864.2758279091213,0.7405043382369084
moead,5,660,32,moead,20,11,11,0.2,660,20,628196.8214285654,0.009109440259635448,647298.5357142785,0.009280628524720669,13,0,0,2,891.3922567081172,0.7404147781554202
moead,5,680,33,moead,20,12,12,0.15,680,20,628196.8214285654,0.009109440259635448,647298.5357142785,0.009280628524720669,11,0,0,1,918.771548292134,0.7401186957345638
moead,5,700,34,moead,20,12,12,0.15,700,20,628196.8214285654,0.009109440259635448,647298.5357142785,0.009280628524720669,12,0,0,0,946.3035082169808,0.7397203898344789
moead,5,720,35,moead,20,11,11,0.25,720,20,628196.8214285654,0.009109440259635448,647298.5357142785,0.009280628524720669,12,0,0,5,973.7709126560949,0.7393936198362101
moead,5,740,36,moead,20,9,9,0.2,740,20,628196.8214285654,0.00910855270922184,645166.821428565,0.009280628524720669,9,0,0,7,1001.4139866251498,0.7389551273333648
moead,5,760,37,moead,20,9,9,0.2,760,18,628196.8214285654,0.00910855270922184,645166.821428565,0.009280628524720669,8,0,0,8,1029.6032000831328,0.7381484439234801
moead,5,780,38,moead,20,9,9,0.25,780,13,628196.8214285654,0.0090797645971179,644928.48214285,0.009280628524720669,7,0,0,8,1057.1062285960652,0.7378634037904707
moead,5,800,39,moead,20,13,13,0.15,800,17,627432.3571428512,0.009053708054125309,645072.2678571357,0.009291702881455421,8,0,0,10,1084.432484969031,0.7377130536834169
moead,5,820,40,moead,20,13,13,0.15,820,17,627432.3571428512,0.009053708054125309,645072.2678571357,0.009291702881455421,8,0,0,0,1111.9703835260589,0.7374297122912388
moead,5,840,41,moead,20,13,13,0.15,840,18,627432.3571428512,0.009053708054125309,645072.2678571357,0.009291702881455421,7,0,0,2,1139.3787437919527,0.7372438748544721
moead,5,860,42,moead,20,11,11,0.15,860,17,624663.78571428,0.009053708054125309,645072.2678571357,0.009285440668463707,7,0,0,5,1166.758578926092,0.7370847881757692
moead,5,880,43,moead,20,11,11,0.2,880,16,624663.78571428,0.009053708054125309,645072.2678571357,0.009285440668463707,7,0,0,4,1194.152444576146,0.7369243382592985
moead,5,900,44,moead,20,9,9,0.25,900,15,624466.1785714229,0.009053708054125309,645262.98214285,0.00922426301985979,6,0,0,12,1221.4731352860108,0.7368152225380404
moead,5,920,45,moead,20,11,11,0.2,920,19,624466.1785714229,0.009047321043908596,645571.6964285643,0.00922426301985979,8,0,0,12,1249.0063182220329,0.7365855453074288
moead,5,940,46,moead,20,13,13,0.2,940,17,624450.6607142801,0.009053708054125309,645072.2678571357,0.009270064532756805,10,0,0,10,1276.1792427031323,0.7365736477651399
moead,5,960,47,moead,20,13,13,0.2,960,19,624450.6607142801,0.009047630243003368,646049.4464285641,0.009270064532756805,10,0,0,6,1303.4156648600474,0.7365263636777595
moead,5,980,48,moead,20,13,13,0.15,980,19,621666.0535714233,0.009047630243003368,646049.4464285641,0.009239530190825462,11,0,0,10,1330.651336227078,0.7364814307996617
moead,5,1000,49,moead,20,6,6,0.35,1000,20,621666.0535714233,0.009008117020130157,646430.4464285643,0.009239530190825462,4,0,0,36,1357.8861095230095,0.7364387874556536
moead,5,1020,50,moead,20,8,8,0.25,1020,20,621666.0535714233,0.009008110500872135,625476.1071428515,0.009239530190825462,6,0,0,31,1385.280250763055,0.7363131030260142
moead,5,1040,51,moead,20,9,9,0.2,1040,12,621626.9464285661,0.009008110500872135,625476.1071428515,0.009241067804396152,6,0,0,6,1412.4629165381193,0.7363025165637562
moead,5,1060,52,moead,20,8,8,0.2,1060,16,620703.6964285662,0.009008110500872135,625476.1071428515,0.009324961341917515,7,0,0,9,1440.3455678331666,0.7359345032696893
moead,5,1080,53,moead,20,5,5,0.45,1080,20,619303.9821428523,0.009008110500872135,625476.1071428515,0.009226301684975624,6,0,0,21,1467.374024727149,0.7360086670478038
moead,5,1100,54,moead,20,6,6,0.4,1100,19,619303.9821428523,0.009008110500872135,625476.1071428515,0.009226301684975624,5,0,0,11,1494.2983461590484,0.7361314444518026
moead,5,1120,55,moead,20,6,6,0.25,1120,20,619303.9821428523,0.009008110500872135,625476.1071428515,0.009226301684975624,5,0,0,9,1521.130478545092,0.7362944966241428
moead,5,1140,56,moead,20,7,7,0.25,1140,20,619303.9821428523,0.009008110500872135,625476.1071428515,0.009226301684975624,6,0,0,1,1548.0409591109492,0.736414623457192
moead,5,1160,57,moead,20,10,10,0.2,1160,20,619303.9821428523,0.009006216190755367,625571.5714285657,0.009226301684975624,8,0,0,8,1574.6935663551558,0.736651260146429
moead,5,1180,58,moead,20,9,9,0.2,1180,20,619303.9821428523,0.009005814790725708,625380.6428571373,0.009226301684975624,8,0,0,7,1601.3182612080127,0.7368928642016634
moead,5,1200,59,moead,20,7,7,0.3,1200,18,619303.9821428523,0.009005814790725708,625380.6428571373,0.009226301684975624,7,0,0,11,1628.3053918350488,0.7369624924275647
moead,5,1220,60,moead,20,9,9,0.25,1220,15,619208.517857138,0.009005814790725708,625380.6428571373,0.009282558225095272,7,0,0,10,1654.9794234670699,0.7371692860350992
moead,5,1240,61,moead,20,11,11,0.15,1240,12,619208.517857138,0.009005814790725708,625380.6428571373,0.009282558225095272,6,0,0,11,1681.3368543230463,0.7375083683033041
moead,5,1260,62,moead,20,10,10,0.15,1260,14,619208.517857138,0.009005814790725708,625380.6428571373,0.009282558225095272,6,0,0,3,1708.3272381720599,0.7375636071624205
moead,5,1280,63,moead,20,5,5,0.45,1280,20,619208.517857138,0.009005814790725708,625380.6428571373,0.009282558225095272,5,0,0,17,1735.0245587939862,0.7377417187049656
moead,5,1300,64,moead,20,5,5,0.45,1300,20,619208.517857138,0.009005317464470863,625460.0892857086,0.009282558225095272,6,0,0,1,1761.8127436409704,0.7378763745989337
moead,5,1320,65,moead,20,5,5,0.35,1320,20,618160.0178571381,0.009005317464470863,625460.0892857086,0.009250347502529621,6,0,0,10,1788.6855508431327,0.737972082000546
moead,5,1340,66,moead,20,5,5,0.35,1340,20,618160.0178571381,0.009005317464470863,625460.0892857086,0.009250347502529621,7,0,0,0,1815.5618982859887,0.7380635170109315
moead,5,1360,67,moead,20,5,5,0.35,1360,20,618160.0178571381,0.009005317464470863,625460.0892857086,0.009250347502529621,8,0,0,0,1842.3528012549505,0.7381865183875816
moead,5,1380,68,moead,20,5,5,0.35,1380,20,618160.0178571381,0.009005317464470863,625460.0892857086,0.009250347502529621,8,0,0,0,1869.1295380180236,0.7383115893954124
moead,5,1400,69,moead,20,6,6,0.35,1400,19,618160.0178571381,0.009005317464470863,625460.0892857086,0.009250347502529621,8,0,0,4,1895.755153710954,0.7384919921011373
moead,5,1420,70,moead,20,6,6,0.35,1420,19,618160.0178571381,0.009005317464470863,625460.0892857086,0.009250347502529621,7,0,0,0,1922.5784323930275,0.7385914540987181
moead,5,1440,71,moead,20,4,4,0.5,1440,19,618160.0178571381,0.008995370008051395,620309.6785714233,0.009250347502529621,3,0,0,20,1949.3854373390786,0.7386943456218733
moead,5,1460,72,moead,20,4,4,0.5,1460,19,618160.0178571381,0.008995370008051395,620309.6785714233,0.009250347502529621,4,0,0,0,1976.129644769011,0.7388179231381647
moead,5,1480,73,moead,20,4,4,0.5,1480,19,618160.0178571381,0.008995370008051395,620309.6785714233,0.009250347502529621,5,0,0,0,2002.811970215058,0.738961031794253
moead,5,1500,74,moead,20,6,6,0.4,1500,19,618160.0178571381,0.008993695490062237,620363.7857142804,0.009250347502529621,6,0,0,3,2029.5164324189536,0.7390923158045929
moead,5,1520,75,moead,20,6,5,0.4,1520,19,617683.7678571381,0.008989885449409485,620468.6785714233,0.009250347502529621,8,0,0,9,2056.0740979651455,0.7392729675960186
moead,5,1540,76,moead,20,8,7,0.35,1540,20,617683.7678571381,0.008958500809967518,621027.6071428518,0.009224551729857922,9,0,0,9,2082.7833818311337,0.7393951831160034
moead,5,1560,77,moead,20,8,7,0.35,1560,20,617683.7678571381,0.008958500809967518,621027.6071428518,0.009224551729857922,9,0,0,2,2109.3993427101523,0.7395470209996913
moead,5,1580,78,moead,20,6,5,0.4,1580,20,614497.3749999946,0.008958500809967518,621027.6071428518,0.009472724050283432,7,0,0,16,2136.0728298930917,0.7396751542778985
moead,5,1600,79,moead,20,7,7,0.25,1600,20,612278.0535714234,0.008958500809967518,621027.6071428518,0.00945685151964426,6,0,0,25,2162.5993219360244,0.7398504123119911
moead,5,1620,80,moead,20,7,6,0.55,1620,18,611789.4999999949,0.008958500809967518,621027.6071428518,0.00945685151964426,6,0,0,42,2189.3439180960413,0.7399477015054035
moead,5,1640,81,moead,20,6,6,0.45,1640,20,610014.5714285666,0.008958500809967518,621027.6071428518,0.009033137001097202,4,0,0,19,2215.8449453900103,0.7401239890056225
moead,5,1660,82,moead,20,7,7,0.45,1660,20,610014.5714285666,0.008958500809967518,621027.6071428518,0.009033137001097202,5,0,0,4,2242.3464322029613,0.7402959579127819
moead,5,1680,83,moead,20,6,6,0.5,1680,18,609967.3214285666,0.008958500809967518,621027.6071428518,0.009030460380017757,5,0,0,19,2268.9498163270764,0.7404306555882956
moead,5,1700,84,moead,20,4,4,0.5,1700,13,609776.9285714237,0.008917492814362049,620360.4285714234,0.008985492400825024,2,0,0,29,2295.6119864541106,0.7405432669071764
moead,5,1720,85,moead,20,3,3,0.5,1720,20,609776.9285714237,0.00891046691685915,619853.7857142806,0.008954646065831184,3,0,0,17,2322.2614198769443,0.7406573546276897
moead,5,1740,86,moead,20,5,5,0.4,1740,18,609776.9285714237,0.00891046691685915,619853.7857142806,0.008954646065831184,4,0,0,14,2348.8116638900246,0.7408001359795146
moead,5,1760,87,moead,20,6,6,0.4,1760,19,609776.9285714237,0.00891046691685915,619853.7857142806,0.008954646065831184,4,0,0,1,2375.7559006400406,0.7408168488714885
moead,5,1780,88,moead,20,6,6,0.4,1780,19,609776.9285714237,0.00891046691685915,619853.7857142806,0.008954646065831184,4,0,0,0,2402.981118703028,0.7407465610719103
moead,5,1800,89,moead,20,6,6,0.4,1800,19,609776.9285714237,0.00891046691685915,619853.7857142806,0.008954646065831184,5,0,0,0,2430.339341608109,0.7406373131453217
moead,5,1820,90,moead,20,6,6,0.4,1820,19,609776.9285714237,0.00891046691685915,619853.7857142806,0.008954646065831184,5,0,0,0,2456.855833958136,0.7407842067264792
moead,5,1840,91,moead,20,5,5,0.45,1840,20,609395.7142857094,0.00891046691685915,619853.7857142806,0.008924160152673721,4,0,0,21,2483.4660585641395,0.7408999988765013
moead,5,1860,92,moead,20,6,6,0.45,1860,20,609395.7142857094,0.00891046691685915,619853.7857142806,0.008924160152673721,5,0,0,3,2510.2522031310946,0.7409614052643714
moead,5,1880,93,moead,20,6,6,0.45,1880,20,609395.7142857094,0.00891046691685915,619853.7857142806,0.008924160152673721,5,0,0,0,2536.9073330960236,0.741059783884838
moead,5,1900,94,moead,20,6,6,0.45,1900,20,609395.7142857094,0.00891046691685915,619853.7857142806,0.008924160152673721,5,0,0,0,2563.573524354957,0.7411529187476983
moead,5,1920,95,moead,20,5,5,0.45,1920,20,609300.2499999952,0.00891046691685915,619853.7857142806,0.008993539027869701,6,0,0,6,2590.7705921970773,0.7410922471417135
moead,5,1940,96,moead,20,7,6,0.35,1940,13,609300.2499999952,0.00891046691685915,619853.7857142806,0.008993539027869701,5,0,0,12,2616.954255382996,0.7413197980092615
moead,5,1960,97,moead,20,6,4,0.6,1960,20,609300.2499999952,0.008872107602655888,609395.8214285666,0.008993539027869701,4,0,0,19,2643.4190378519706,0.7414639797679169
moead,5,1980,98,moead,20,5,5,0.45,1980,20,609300.2499999952,0.008872107602655888,609395.8214285666,0.008993539027869701,4,0,0,13,2669.831935310038,0.7416197153885905
moead,5,2000,99,moead,20,7,7,0.4,2000,11,609300.2499999952,0.008872107602655888,609395.8214285666,0.008993539027869701,5,0,0,3,2696.190406606067,0.7417873734361279
moead,5,2020,100,moead,20,7,7,0.4,2020,11,609300.2499999952,0.008872107602655888,609395.8214285666,0.008993539027869701,5,0,0,0,2722.644381830003,0.7419257591923458
moead,5,2040,101,moead,20,7,7,0.4,2040,11,609300.2499999952,0.008872107602655888,609395.8214285666,0.008993539027869701,5,0,0,0,2749.132939768955,0.7420521468748787
moead,5,2060,102,moead,20,7,7,0.4,2060,10,609300.2499999952,0.008872107602655888,609395.8214285666,0.008993539027869701,5,0,0,3,2775.716045404086,0.7421508419100944
moead,5,2080,103,moead,20,7,7,0.4,2080,10,609300.2499999952,0.008872107602655888,609395.8214285666,0.008993539027869701,5,0,0,0,2802.196228079032,0.7422749267726644
moead,5,2100,104,moead,20,7,7,0.4,2100,10,609300.2499999952,0.008872107602655888,609395.8214285666,0.008993539027869701,5,0,0,0,2828.6059339460917,0.7424151857980308
moead,5,2120,105,moead,20,7,7,0.4,2120,10,609300.2499999952,0.008872107602655888,609395.8214285666,0.008993539027869701,5,0,0,0,2854.9553862491157,0.7425685214595555
moead,5,2140,106,moead,20,7,7,0.4,2140,10,609300.2499999952,0.008872107602655888,609395.8214285666,0.008993539027869701,5,0,0,0,2881.522723909002,0.7426628921728333
moead,5,2160,107,moead,20,7,7,0.4,2160,10,609300.2499999952,0.008872107602655888,609395.8214285666,0.008993539027869701,5,0,0,0,2908.037442896981,0.7427689781903951
moead,5,2180,108,moead,20,7,7,0.45,2180,19,609252.5714285667,0.008872107602655888,609395.8214285666,0.008959646336734295,5,0,0,12,2934.6833121581003,0.7428399483407553
moead,5,2200,109,moead,20,6,6,0.4,2200,20,609252.5714285667,0.008864265866577625,619690.8214285664,0.008959646336734295,6,0,0,10,2961.1354758720845,0.7429582394746994
moead,5,2220,110,moead,20,7,6,0.4,2220,20,609252.5714285667,0.008864265866577625,619690.8214285664,0.008959646336734295,6,0,0,26,2987.7190012480132,0.7430417649961975
moead,5,2240,111,moead,20,7,7,0.45,2240,17,607994.7321428524,0.008864265866577625,619690.8214285664,0.008941901847720146,3,0,0,18,3014.3662760099396,0.7431081013038158
moead,5,2260,112,moead,20,7,7,0.45,2260,20,607994.7321428524,0.008864265866577625,619690.8214285664,0.008941901847720146,6,0,0,6,3040.6776141771115,0.7432553814527346
moead,5,2280,113,moead,20,8,8,0.35,2280,20,607994.7321428524,0.0088612986728549,619785.9642857092,0.008941901847720146,9,0,0,15,3067.011259654071,0.7433947276271694
moead,5,2300,114,moead,20,7,7,0.3,2300,19,607946.9464285668,0.008854815736413002,607994.7321428525,0.008949263952672482,3,0,0,25,3093.487813726999,0.7434973526625878
moead,5,2320,115,moead,20,4,4,0.45,2320,14,607899.2678571382,0.008854815736413002,607994.7321428525,0.008949263952672482,4,0,0,19,3119.8283566059545,0.7436306536183664
moead,5,2340,116,moead,20,5,5,0.5,2340,11,607791.7678571382,0.008847299963235855,607946.9464285668,0.008949263952672482,3,0,0,12,3146.1635308030527,0.7437629916848979
moead,5,2360,117,moead,20,5,5,0.4,2360,13,607744.035714281,0.008845089934766293,607791.7678571382,0.008854939602315426,4,0,0,28,3172.445623378968,0.7439055795340527
moead,5,2380,118,moead,20,6,6,0.35,2380,17,607438.803571424,0.00884527899324894,607820.660714281,0.008854939602315426,2,0,0,18,3198.7657810500823,0.7440369701650054
moead,5,2400,119,moead,20,6,6,0.2,2400,20,607438.803571424,0.00884527899324894,607820.660714281,0.008848193101584911,3,0,0,16,3225.036963891005,0.744177516993294
moead,5,2420,120,moead,20,7,7,0.35,2420,20,607343.3392857098,0.008844560012221336,608487.2678571382,0.00894004013389349,5,0,0,18,3251.484514333075,0.7442754192222798
moead,5,2440,121,moead,20,7,7,0.35,2440,20,607343.3392857098,0.008844560012221336,608487.2678571382,0.00894004013389349,5,0,0,0,3277.8780076431576,0.7443840174376702
moead,5,2460,122,moead,20,6,5,0.45,2460,20,606560.4285714241,0.008844560012221336,608487.2678571382,0.0091292979195714,3,0,0,22,3304.296315804124,0.7444852897223722
moead,5,2480,123,moead,20,7,6,0.4,2480,18,606361.9999999953,0.008844560012221336,608487.2678571382,0.0091292979195714,3,0,0,6,3330.7704748960678,0.7445724701511848
moead,5,2500,124,moead,20,7,6,0.4,2500,20,606314.2678571382,0.008844560012221336,608487.2678571382,0.009124168194830418,4,0,0,8,3357.630185283022,0.7445727677091601
moead,5,2520,125,moead,20,7,5,0.45,2520,20,602787.321428567,0.008844560012221336,608487.2678571382,0.009452085010707378,6,0,0,25,3384.4065262661316,0.7445914019023614
moead,5,2540,126,moead,20,7,5,0.45,2540,20,602787.321428567,0.008844560012221336,608487.2678571382,0.009452085010707378,6,0,0,1,3410.9691094041336,0.7446564065904765
moead,5,2560,127,moead,20,5,4,0.5,2560,20,601690.0178571384,0.008840681985020638,607536.9107142811,0.009208290837705135,6,0,0,24,3437.5508478791453,0.7447162568022623
moead,5,2580,128,moead,20,6,4,0.5,2580,20,601308.1071428527,0.008840681985020638,607536.9107142811,0.009206132963299751,6,0,0,10,3464.0126353870146,0.7448009783924333
moead,5,2600,129,moead,20,7,5,0.35,2600,20,601308.1071428527,0.008840681985020638,607536.9107142811,0.009206132963299751,5,0,0,4,3490.408326208126,0.7448985210348044
moead,5,2620,130,moead,20,8,7,0.35,2620,19,600988.9285714242,0.008840681985020638,607536.9107142811,0.009174548089504242,6,0,0,12,3516.9159771739505,0.7449708827292839
moead,5,2640,131,moead,20,11,10,0.25,2640,19,600988.9285714242,0.008840681985020638,607536.9107142811,0.009174548089504242,8,0,0,9,3543.701504320139,0.7449837399627386
moead,5,2660,132,moead,20,12,11,0.25,2660,20,600988.9285714242,0.008840681985020638,607536.9107142811,0.009174548089504242,8,0,0,2,3570.1426538301166,0.7450682669910407
moead,5,2680,133,moead,20,11,10,0.35,2680,20,600677.2499999958,0.008840681985020638,607536.9107142811,0.009371557272970676,9,0,0,7,3596.528248347109,0.745163061413927
moead,5,2700,134,moead,20,5,5,0.5,2700,20,600266.1785714242,0.008840681985020638,607536.9107142811,0.009115932509303093,7,0,0,17,3623.489320774097,0.74513811439168
moead,5,2720,135,moead,20,8,8,0.4,2720,20,600170.7142857099,0.008840681985020638,607536.9107142811,0.00911122839897871,7,0,0,14,3650.013351805974,0.7452027534787464
moead,5,2740,136,moead,20,6,6,0.4,2740,20,600170.7142857099,0.008840421214699745,607555.5892857097,0.00911122839897871,7,0,0,7,3676.8136106289458,0.7452104703048309
moead,5,2760,137,moead,20,6,6,0.4,2760,20,600170.7142857099,0.008840421214699745,607555.5892857097,0.00911122839897871,7,0,0,0,3703.5905588020105,0.7452227659022786
moead,5,2780,138,moead,20,6,6,0.4,2780,20,600170.7142857099,0.008840421214699745,607555.5892857097,0.00911122839897871,7,0,0,0,3730.161806914024,0.7452759810170014
moead,5,2800,139,moead,20,6,6,0.3,2800,20,595119.9999999959,0.008840421214699745,607555.5892857097,0.00912262499332428,8,0,0,6,3756.7344957750756,0.7453281575125831
moead,5,2820,140,moead,20,7,7,0.3,2820,20,595119.9999999959,0.008840421214699745,607555.5892857097,0.00912262499332428,9,0,0,1,3783.2193983921316,0.7453968969387554
moead,5,2840,141,moead,20,7,7,0.3,2840,20,595119.9999999959,0.008840421214699745,607555.5892857097,0.00912262499332428,9,0,0,0,3810.3069164000917,0.7453467823749956
moead,5,2860,142,moead,20,7,7,0.3,2860,20,595119.9999999959,0.008840421214699745,607555.5892857097,0.00912262499332428,9,0,0,0,3836.8945891170297,0.7453944677323442
moead,5,2880,143,moead,20,8,8,0.25,2880,19,595119.9999999959,0.008831060491502285,607536.9107142811,0.00912262499332428,11,0,0,7,3863.3814330950845,0.7454609517271339
moead,5,2900,144,moead,20,8,8,0.25,2900,19,595119.9999999959,0.008831060491502285,607536.9107142811,0.00912262499332428,12,0,0,4,3890.07849058602,0.7454862432770939
moead,5,2920,145,moead,20,9,9,0.2,2920,19,595119.9999999959,0.008831060491502285,607536.9107142811,0.00912262499332428,14,0,0,1,3916.9001584679354,0.7454874727116187
moead,5,2940,146,moead,20,9,9,0.2,2940,19,595119.9999999959,0.008831060491502285,607536.9107142811,0.00912262499332428,18,0,0,14,3943.4313893129583,0.7455435912914969
moead,5,2960,147,moead,20,10,10,0.2,2960,19,595119.9999999959,0.008831060491502285,607536.9107142811,0.00912262499332428,19,0,0,2,3969.9781395541504,0.7455960451037706
moead,5,2980,148,moead,20,10,10,0.2,2980,19,595119.9999999959,0.008831060491502285,607536.9107142811,0.00912262499332428,20,0,0,0,3996.4547563779633,0.7456608873762932
moead,5,3000,149,moead,20,11,11,0.2,3000,19,595119.9999999959,0.008831060491502285,607536.9107142811,0.00912262499332428,18,0,0,6,4022.9295630911365,0.7457252116775471
moead,5,3020,150,moead,20,10,10,0.2,3020,19,595119.9999999959,0.008831060491502285,607536.9107142811,0.00912262499332428,17,0,0,4,4049.3547121239826,0.7457978405690072
moead,5,3040,151,moead,20,10,10,0.2,3040,19,595119.9999999959,0.008831060491502285,607536.9107142811,0.00912262499332428,18,0,0,0,4079.494294119999,0.7451904037178629
moead,5,3060,152,moead,20,10,10,0.2,3060,19,595119.9999999959,0.008831060491502285,607536.9107142811,0.00912262499332428,13,0,0,10,4112.154105843045,0.7441355360811946
moead,5,3080,153,moead,20,9,9,0.25,3080,20,595119.9999999959,0.008831060491502285,607536.9107142811,0.00912262499332428,14,0,0,8,4147.611840303056,0.7425960091229153
moead,5,3100,154,moead,20,9,9,0.25,3100,20,595119.9999999959,0.008831060491502285,607536.9107142811,0.00912262499332428,14,0,0,0,4182.695950492984,0.7411487798042374
moead,5,3120,155,moead,20,7,7,0.35,3120,20,595119.9999999959,0.008831060491502285,607536.9107142811,0.00912262499332428,11,0,0,13,4218.0993378821295,0.7396696355583045
moead,5,3140,156,moead,20,8,8,0.35,3140,20,595119.9999999959,0.008831060491502285,607536.9107142811,0.00912262499332428,12,0,0,2,4254.031496361131,0.7381233549130829
moead,5,3160,157,moead,20,8,8,0.25,3160,20,595119.9999999959,0.008831060491502285,607536.9107142811,0.00912262499332428,12,0,0,5,4290.661411589943,0.7364831891568516
moead,5,3180,158,moead,20,8,8,0.25,3180,20,595119.9999999959,0.008831060491502285,607536.9107142811,0.00912262499332428,12,0,0,0,4327.686047675088,0.7348037646373063
moead,5,3200,159,moead,20,8,8,0.25,3200,20,595119.9999999959,0.008831060491502285,607536.9107142811,0.00912262499332428,12,0,0,0,4363.827388457954,0.7333012319561028
moead,5,3220,160,moead,20,9,9,0.4,3220,18,595119.9999999959,0.008828378282487392,608004.0178571382,0.00912262499332428,11,0,0,10,4399.676573875127,0.7318719787540889
moead,5,3240,161,moead,20,9,9,0.4,3240,19,595119.9999999959,0.008828378282487392,608004.0178571382,0.00912262499332428,11,0,0,5,4435.435160865076,0.7304807493495359
moead,5,3260,162,moead,20,9,9,0.4,3260,19,595119.9999999959,0.008828378282487392,608004.0178571382,0.00912262499332428,12,0,0,8,4470.843915946083,0.7291688238930939
moead,5,3280,163,moead,20,9,9,0.4,3280,19,595119.9999999959,0.008828378282487392,608004.0178571382,0.00912262499332428,12,0,0,0,4506.719709362136,0.7278020847815803
moead,5,3300,164,moead,20,10,9,0.45,3300,19,595119.9999999959,0.008828378282487392,608004.0178571382,0.00912262499332428,12,0,0,1,4541.66547870799,0.7266056946445959
moead,5,3320,165,moead,20,10,9,0.35,3320,20,595119.9999999959,0.008828378282487392,608004.0178571382,0.00912262499332428,13,0,0,6,4577.4160805051215,0.7253000255186842
moead,5,3340,166,moead,20,10,10,0.25,3340,20,595119.9999999959,0.008828378282487392,608004.0178571382,0.00912262499332428,14,0,0,7,4613.186046320014,0.7240115543712685
moead,5,3360,167,moead,20,10,10,0.25,3360,20,595119.9999999959,0.008826332166790962,608014.2321428525,0.00912262499332428,14,0,0,2,4649.2764878431335,0.7226930918790663
moead,5,3380,168,moead,20,10,10,0.25,3380,20,595119.9999999959,0.008826332166790962,608014.2321428525,0.00912262499332428,14,0,0,0,4684.986015002942,0.7214535943492838
moead,5,3400,169,moead,20,10,10,0.25,3400,20,595119.9999999959,0.008826332166790962,608014.2321428525,0.00912262499332428,14,0,0,0,4723.464250589954,0.7198106769994809
moead,5,3420,170,moead,20,10,10,0.25,3420,20,595119.9999999959,0.008826332166790962,608014.2321428525,0.00912262499332428,14,0,0,0,4759.1420837279875,0.7186169145261166
moead,5,3440,171,moead,20,10,10,0.25,3440,20,595119.9999999959,0.008826332166790962,608014.2321428525,0.00912262499332428,14,0,0,0,4794.284802412149,0.717520994637038
moead,5,3460,172,moead,20,10,10,0.25,3460,20,595119.9999999959,0.008826332166790962,608014.2321428525,0.00912262499332428,14,0,0,0,4829.759351269109,0.7163918009891778
moead,5,3480,173,moead,20,10,10,0.25,3480,20,595119.9999999959,0.008826332166790962,608014.2321428525,0.00912262499332428,11,0,0,3,4865.46084815613,0.7152457102432178
moead,5,3500,174,moead,20,10,10,0.25,3500,20,595119.9999999959,0.008826332166790962,608014.2321428525,0.00912262499332428,11,0,0,0,4901.239774834132,0.7141050348059023
moead,5,3520,175,moead,20,10,10,0.25,3520,20,595119.9999999959,0.008826332166790962,608014.2321428525,0.00912262499332428,11,0,0,0,4937.697347244015,0.7128828991442123
moead,5,3540,176,moead,20,10,10,0.25,3540,20,595119.9999999959,0.008826332166790962,608014.2321428525,0.00912262499332428,11,0,0,0,4974.647639770061,0.711608189432212
moead,5,3560,177,moead,20,10,10,0.25,3560,20,595119.9999999959,0.008826332166790962,608014.2321428525,0.00912262499332428,11,0,0,0,5002.168194100028,0.7116913829884728
moead,5,3580,178,moead,20,7,7,0.4,3580,20,595119.9999999959,0.008826332166790962,608014.2321428525,0.00912262499332428,8,0,0,13,5037.546766849002,0.7106633775708446
moead,5,3600,179,moead,20,7,7,0.4,3600,20,595119.9999999959,0.008826332166790962,608014.2321428525,0.00912262499332428,8,0,0,0,5133.505692860112,0.7012751549115892
moead,5,3620,180,moead,20,7,7,0.4,3620,20,595119.9999999959,0.008826332166790962,608014.2321428525,0.00912262499332428,9,0,0,0,5207.043099727016,0.6952122213449283
moead,5,3640,181,moead,20,7,7,0.4,3640,20,595119.9999999959,0.008826332166790962,608014.2321428525,0.00912262499332428,8,0,0,0,5290.82287785504,0.6879837189854477
moead,5,3660,182,moead,20,7,7,0.4,3660,20,595119.9999999959,0.008826332166790962,608014.2321428525,0.00912262499332428,8,0,0,0,5360.1086578541435,0.682821978736759
moead,5,3680,183,moead,20,7,7,0.4,3680,20,595119.9999999959,0.008826332166790962,608014.2321428525,0.00912262499332428,8,0,0,0,5418.217242009938,0.6791901903576812
moead,5,3700,184,moead,20,7,7,0.4,3700,20,595119.9999999959,0.008826332166790962,608014.2321428525,0.00912262499332428,8,0,0,0,5509.473629262997,0.6715705072709368
moead,5,3720,185,moead,20,7,7,0.4,3720,20,595119.9999999959,0.008825987577438354,608032.910714281,0.00912262499332428,9,0,0,13,5591.430879503023,0.665303762161617
moead,5,3740,186,moead,20,9,9,0.2,3740,20,594973.8571428531,0.008818753995001316,619728.6785714235,0.008940240368247032,9,0,0,30,5634.610229117097,0.6637548735267232
moead,5,3760,187,moead,20,10,10,0.2,3760,20,594973.8571428531,0.008818753995001316,619728.6785714235,0.008940240368247032,10,0,0,9,5661.20810971898,0.6641691891780047
moead,5,3780,188,moead,20,8,8,0.35,3780,20,594973.8571428531,0.008818753995001316,619728.6785714235,0.008940240368247032,7,0,0,11,5687.458992582047,0.6646201765903053
moead,5,3800,189,moead,20,10,10,0.25,3800,19,594973.8571428531,0.008818753995001316,619728.6785714235,0.008940240368247032,10,0,0,7,5713.847097299993,0.665051047970052
moead,5,3820,190,moead,20,10,10,0.25,3820,19,594973.8571428531,0.008818753995001316,619728.6785714235,0.008940240368247032,10,0,0,8,5740.559616087936,0.6654403499781517
moead,5,3840,191,moead,20,10,10,0.25,3840,20,594973.8571428531,0.008818753995001316,619728.6785714235,0.008940240368247032,10,0,0,2,5766.970031435136,0.6658609250730577
moead,5,3860,192,moead,20,10,10,0.25,3860,20,594973.8571428531,0.008818753995001316,619728.6785714235,0.008940240368247032,10,0,0,1,5797.267982884077,0.6658308726448924
moead,5,3880,193,moead,20,10,10,0.25,3880,20,594973.8571428531,0.008818753995001316,619728.6785714235,0.008940240368247032,10,0,0,1,5831.535561059136,0.6653479104044606
moead,5,3900,194,moead,20,10,10,0.25,3900,20,594973.8571428531,0.008818753995001316,619728.6785714235,0.008940240368247032,10,0,0,1,5866.422324811108,0.6648004156648533
moead,5,3920,195,moead,20,9,9,0.3,3920,20,594973.8571428531,0.008818753995001316,619728.6785714235,0.008940240368247032,10,0,0,10,5901.547117038164,0.6642326024446532
moead,5,3940,196,moead,20,10,10,0.25,3940,20,594973.8571428531,0.008806576021015644,620771.9285714234,0.008940240368247032,11,0,0,11,5937.6468598451465,0.6635625346204498
moead,5,3960,197,moead,20,11,11,0.25,3960,20,594973.8571428531,0.008806425146758556,620883.4107142806,0.008940240368247032,11,0,0,1,5972.86942126113,0.6629979195433128
moead,5,3980,198,moead,20,11,11,0.25,3980,20,594973.8571428531,0.008806425146758556,620883.4107142806,0.008940240368247032,11,0,0,0,6008.360729874112,0.662410294410434
moead,5,4000,199,moead,20,10,10,0.3,4000,20,594973.8571428531,0.00880497694015503,620168.5535714235,0.008940240368247032,10,0,0,8,6043.098425107077,0.6619121051183482
moead,5,4020,200,moead,20,10,10,0.3,4020,20,594973.8571428531,0.00880497694015503,620168.5535714235,0.008940240368247032,10,0,0,0,6078.692737311125,0.6613264025215764
moead,5,4040,201,moead,20,10,10,0.3,4040,20,594973.8571428531,0.00880497694015503,620168.5535714235,0.008940240368247032,10,0,0,0,6113.9780460430775,0.6607809137644285
moead,5,4060,202,moead,20,10,10,0.3,4060,20,594973.8571428531,0.00880497694015503,620168.5535714235,0.008940240368247032,10,0,0,0,6149.941321094986,0.660168900485887
moead,5,4080,203,moead,20,11,11,0.2,4080,20,594973.8571428531,0.00880497694015503,620168.5535714235,0.008940240368247032,11,0,0,4,6185.439551361138,0.6596135919074942
moead,5,4100,204,moead,20,11,11,0.2,4100,20,594973.8571428531,0.00880497694015503,620168.5535714235,0.008940240368247032,11,0,0,0,6221.066694439156,0.6590509636659063
moead,5,4120,205,moead,20,10,10,0.2,4120,20,594973.8571428531,0.00880497694015503,620168.5535714235,0.008940240368247032,11,0,0,2,6250.16292338795,0.6591828165923588
moead,5,4140,206,moead,20,10,10,0.2,4140,20,594973.8571428531,0.00880497694015503,620168.5535714235,0.008940240368247032,11,0,0,0,6337.880654358072,0.6532152032798599
moead,5,4160,207,moead,20,10,10,0.2,4160,20,594973.8571428531,0.00880497694015503,620168.5535714235,0.008940240368247032,11,0,0,0,6419.09845425305,0.6480660843024993
moead,5,4180,208,moead,20,11,11,0.2,4180,20,594973.8571428531,0.00880497694015503,620168.5535714235,0.008940240368247032,13,0,0,2,6489.861052782042,0.6440815860315127
moead,5,4200,209,moead,20,11,11,0.2,4200,20,594973.8571428531,0.00880497694015503,620168.5535714235,0.008940240368247032,14,0,0,0,6561.205156652955,0.6401263029767128
moead,5,4220,210,moead,20,11,11,0.2,4220,20,594973.8571428531,0.00880497694015503,620168.5535714235,0.008940240368247032,14,0,0,0,6646.556475408142,0.6349152400365129
moead,5,4240,211,moead,20,11,11,0.2,4240,20,594973.8571428531,0.00880497694015503,620168.5535714235,0.008940240368247032,14,0,0,0,6674.223673467059,0.6352798778464444
moead,5,4260,212,moead,20,12,12,0.2,4260,20,594973.8571428531,0.00880497694015503,620168.5535714235,0.008940240368247032,15,0,0,1,6701.253361521987,0.6357019754633586
moead,5,4280,213,moead,20,12,12,0.2,4280,20,594973.8571428531,0.00880497694015503,620168.5535714235,0.008940240368247032,15,0,0,0,6728.695886251051,0.636081652723443
moead,5,4300,214,moead,20,12,12,0.2,4300,20,594973.8571428531,0.00880497694015503,620168.5535714235,0.008940240368247032,16,0,0,2,6756.5164332811255,0.6364226362003855
moead,5,4320,215,moead,20,12,12,0.2,4320,20,594973.8571428531,0.00880497694015503,620168.5535714235,0.008940240368247032,16,0,0,0,6783.994701765012,0.6367929501590048
moead,5,4340,216,moead,20,12,12,0.2,4340,20,594973.8571428531,0.00880497694015503,620168.5535714235,0.008940240368247032,16,0,0,0,6811.400186809013,0.6371670847360963
moead,5,4360,217,moead,20,13,13,0.2,4360,20,594973.8571428531,0.00880497694015503,620168.5535714235,0.008940240368247032,16,0,0,2,6838.749598331051,0.6375434481566671
moead,5,4380,218,moead,20,13,13,0.2,4380,18,594973.8571428531,0.00880497694015503,620168.5535714235,0.008940240368247032,15,0,0,2,6866.300719154067,0.6378980733805697
moead,5,4400,219,moead,20,13,13,0.2,4400,18,594973.8571428531,0.00880497694015503,620168.5535714235,0.008940240368247032,15,0,0,0,6893.839692831039,0.6382509887161426
moead,5,4420,220,moead,20,12,12,0.2,4420,18,594973.8571428531,0.00880497694015503,620168.5535714235,0.008940240368247032,15,0,0,4,6925.966274941107,0.638178100287903
moead,5,4440,221,moead,20,11,11,0.2,4440,18,594973.8571428531,0.00880497694015503,620168.5535714235,0.008940240368247032,16,0,0,2,6962.252735932125,0.6377246228200248
moead,5,4460,222,moead,20,11,11,0.2,4460,18,594973.8571428531,0.00880497694015503,620168.5535714235,0.008940240368247032,16,0,0,0,6998.147309747059,0.6373115344096982
moead,5,4480,223,moead,20,11,11,0.2,4480,18,594973.8571428531,0.00880497694015503,620168.5535714235,0.008940240368247032,16,0,0,0,7033.811657359125,0.6369235086516427
moead,5,4500,224,moead,20,11,11,0.25,4500,18,594973.8571428531,0.00880497694015503,620168.5535714235,0.008940240368247032,16,0,0,5,7068.549489092082,0.6366228328660964
moead,5,4520,225,moead,20,12,12,0.25,4520,18,594973.8571428531,0.00880497694015503,620168.5535714235,0.008940240368247032,17,0,0,1,7104.036833283957,0.6362579623493528
moead,5,4540,226,moead,20,12,12,0.25,4540,18,594973.8571428531,0.00880497694015503,620168.5535714235,0.008940240368247032,17,0,0,0,7138.948356715962,0.6359480098674474
moead,5,4560,227,moead,20,12,12,0.25,4560,18,594973.8571428531,0.00880497694015503,620168.5535714235,0.008940240368247032,17,0,0,0,7169.556251889095,0.6360226267558041
moead,5,4580,228,moead,20,13,13,0.25,4580,18,594973.8571428531,0.00880497694015503,620168.5535714235,0.008940240368247032,17,0,0,4,7212.680026161019,0.6349928159003229
moead,5,4600,229,moead,20,13,13,0.25,4600,18,594973.8571428531,0.00880497694015503,620168.5535714235,0.008940240368247032,17,0,0,0,7300.988746367162,0.630051649139834
moead,5,4620,230,moead,20,13,13,0.25,4620,18,594973.8571428531,0.00880497694015503,620168.5535714235,0.008940240368247032,18,0,0,1,7339.730631557992,0.6294508929436449
moead,5,4640,231,moead,20,13,13,0.25,4640,18,594973.8571428531,0.00880398415029049,620319.8928571378,0.008940240368247032,18,0,0,2,7413.284588332055,0.6259033960874787
moead,5,4660,232,moead,20,14,14,0.25,4660,18,594973.8571428531,0.00880398415029049,620319.8928571378,0.008940240368247032,19,0,0,2,7439.775971960975,0.6263629466213239
moead,5,4680,233,moead,20,14,14,0.2,4680,14,594973.8571428531,0.00880398415029049,620319.8928571378,0.008940240368247032,19,0,0,5,7466.007224437082,0.6268410757334701
moead,5,4700,234,moead,20,14,14,0.2,4700,14,594973.8571428531,0.00880398415029049,620319.8928571378,0.008940240368247032,17,0,0,0,7492.6475607759785,0.6272816066519006
moead,5,4720,235,moead,20,14,14,0.2,4720,14,594973.8571428531,0.00880398415029049,620319.8928571378,0.008940240368247032,18,0,0,0,7519.102366599953,0.6277345047151323
moead,5,4740,236,moead,20,14,14,0.2,4740,14,594973.8571428531,0.00880398415029049,620319.8928571378,0.008940240368247032,18,0,0,0,7545.44634257094,0.6281934540117546
moead,5,4760,237,moead,20,14,14,0.2,4760,14,594973.8571428531,0.00880398415029049,620319.8928571378,0.008940240368247032,18,0,0,0,7571.750905395951,0.6286524820313122
moead,5,4780,238,moead,20,14,14,0.2,4780,14,594973.8571428531,0.00880398415029049,620319.8928571378,0.008940240368247032,18,0,0,0,7598.877995559014,0.6290402349917394
moead,5,4800,239,moead,20,14,14,0.2,4800,14,594973.8571428531,0.00880398415029049,620319.8928571378,0.008940240368247032,18,0,0,0,7625.525495611131,0.6294648156068245
moead,5,4820,240,moead,20,14,14,0.2,4820,14,594973.8571428531,0.00880398415029049,620319.8928571378,0.008940240368247032,18,0,0,0,7652.105371474987,0.6298920056652222
moead,5,4840,241,moead,20,14,14,0.2,4840,14,594973.8571428531,0.00880398415029049,620319.8928571378,0.008940240368247032,18,0,0,0,7678.653791568009,0.6303188203790152
moead,5,4860,242,moead,20,14,14,0.2,4860,14,594973.8571428531,0.00880398415029049,620319.8928571378,0.008940240368247032,18,0,0,0,7704.9517759101,0.6307631950656748
moead,5,4880,243,moead,20,13,13,0.2,4880,14,594973.8571428531,0.00880398415029049,620319.8928571378,0.008940240368247032,15,0,0,2,7731.363449346973,0.6311952648419584
moead,5,4900,244,moead,20,12,12,0.25,4900,18,594973.8571428531,0.00880398415029049,620319.8928571378,0.008940240368247032,15,0,0,5,7757.750193384942,0.6316264223328879
moead,5,4920,245,moead,20,11,11,0.25,4920,17,594973.8571428531,0.00880398415029049,620319.8928571378,0.008940240368247032,12,0,0,5,7783.967258454068,0.6320684345963109
moead,5,4940,246,moead,20,11,11,0.25,4940,18,594973.8571428531,0.00880398415029049,620319.8928571378,0.008940240368247032,12,0,0,1,7810.591490037041,0.6324745067388708
moead,5,4960,247,moead,20,10,10,0.25,4960,17,594973.8571428531,0.00879955105483532,620197.6428571378,0.008940240368247032,12,0,0,6,7837.001539133955,0.6328951162293782
moead,5,4980,248,moead,20,12,12,0.2,4980,18,594973.8571428531,0.00879955105483532,620197.6428571378,0.008940240368247032,14,0,0,8,7867.316553230165,0.6329985537387981
moead,5,5000,249,moead,20,12,12,0.2,5000,18,594973.8571428531,0.00879955105483532,620197.6428571378,0.008940240368247032,14,0,0,0,7894.811562740011,0.6333273391347007
moead,5,5020,250,moead,20,12,12,0.2,5020,18,594973.8571428531,0.00879955105483532,620197.6428571378,0.008940240368247032,14,0,0,0,7921.6162903450895,0.6337090583544679
moead,5,5040,251,moead,20,13,13,0.2,5040,19,594973.8571428531,0.00879955105483532,620197.6428571378,0.008940240368247032,15,0,0,1,7948.535388855031,0.6340790791554871
moead,5,5060,252,moead,20,13,13,0.2,5060,19,594973.8571428531,0.00879955105483532,620197.6428571378,0.008940240368247032,15,0,0,4,7975.041409129975,0.6344794641702071
moead,5,5080,253,moead,20,10,10,0.2,5080,20,594973.8571428531,0.00879955105483532,620197.6428571378,0.008940240368247032,13,0,0,4,8001.460158710135,0.6348841210525898
moead,5,5100,254,moead,20,11,11,0.2,5100,17,594973.8571428531,0.00879955105483532,620197.6428571378,0.008940240368247032,13,0,0,1,8028.12785331998,0.6352664149327079
moead,5,5120,255,moead,20,11,11,0.2,5120,17,594973.8571428531,0.00879955105483532,620197.6428571378,0.008940240368247032,13,0,0,0,8054.678115043091,0.6356554448076301
moead,5,5140,256,moead,20,11,11,0.2,5140,17,594973.8571428531,0.00879955105483532,620197.6428571378,0.008940240368247032,13,0,0,0,8081.182225288125,0.6360455508496765
moead,5,5160,257,moead,20,11,11,0.2,5160,17,594973.8571428531,0.00879955105483532,620197.6428571378,0.008940240368247032,14,0,0,0,8107.673825826962,0.6364340883525483
moead,5,5180,258,moead,20,11,11,0.2,5180,17,594973.8571428531,0.00879955105483532,620197.6428571378,0.008940240368247032,14,0,0,0,8134.571076708147,0.6367883384573257
moead,5,5200,259,moead,20,12,12,0.2,5200,16,594973.8571428531,0.00879955105483532,620197.6428571378,0.008940240368247032,11,0,0,3,8161.110419497127,0.6371681955897878
moead,5,5220,260,moead,20,12,12,0.2,5220,16,594973.8571428531,0.00879955105483532,620197.6428571378,0.008940240368247032,11,0,0,1,8187.9576086991,0.6375216200990264
moead,5,5240,261,moead,20,12,12,0.2,5240,16,594973.8571428531,0.00879955105483532,620197.6428571378,0.008940240368247032,11,0,0,0,8214.341017315164,0.6379087487303614
moead,5,5260,262,moead,20,12,12,0.2,5260,16,594973.8571428531,0.00879955105483532,620197.6428571378,0.008940240368247032,11,0,0,0,8240.826781871961,0.638285470527164
moead,5,5280,263,moead,20,12,12,0.2,5280,17,594973.8571428531,0.00879955105483532,620197.6428571378,0.008940240368247032,11,0,0,1,8267.200164264068,0.6386684603118009
moead,5,5300,264,moead,20,12,12,0.2,5300,17,594973.8571428531,0.00879955105483532,620197.6428571378,0.008940240368247032,11,0,0,0,8293.529611679027,0.639052399660633
moead,5,5320,265,moead,20,12,12,0.2,5320,17,594973.8571428531,0.00879955105483532,620197.6428571378,0.008940240368247032,11,0,0,0,8320.388001824962,0.6393932589241189
moead,5,5340,266,moead,20,12,12,0.2,5340,17,594973.8571428531,0.00879955105483532,620197.6428571378,0.008940240368247032,12,0,0,1,8346.88188989507,0.6397598612800223
moead,5,5360,267,moead,20,12,12,0.2,5360,17,594973.8571428531,0.00879955105483532,620197.6428571378,0.008940240368247032,12,0,0,0,8373.433137438027,0.6401197587683812
moead,5,5380,268,moead,20,12,12,0.2,5380,17,594973.8571428531,0.00879955105483532,620197.6428571378,0.008940240368247032,12,0,0,0,8400.12645334797,0.6404665489119794
moead,5,5400,269,moead,20,12,12,0.2,5400,17,594973.8571428531,0.00879955105483532,620197.6428571378,0.008940240368247032,12,0,0,0,8426.673173540039,0.6408222899822593
moead,5,5420,270,moead,20,12,12,0.2,5420,17,594973.8571428531,0.00879955105483532,620197.6428571378,0.008940240368247032,12,0,0,0,8453.152936785016,0.6411808754120786
moead,5,5440,271,moead,20,12,12,0.2,5440,17,594973.8571428531,0.00879955105483532,620197.6428571378,0.008940240368247032,13,0,0,1,8480.473961794982,0.6414735808997835
moead,5,5460,272,moead,20,12,12,0.2,5460,17,594973.8571428531,0.00879955105483532,620197.6428571378,0.008940240368247032,13,0,0,0,8507.49287388497,0.6417871964089786
moead,5,5480,273,moead,20,12,12,0.2,5480,17,594973.8571428531,0.00879955105483532,620197.6428571378,0.008940240368247032,13,0,0,0,8533.85878791497,0.6421479586421533
moead,5,5500,274,moead,20,12,12,0.2,5500,17,594973.8571428531,0.00879955105483532,620197.6428571378,0.008940240368247032,13,0,0,0,8560.471387942089,0.6424879835177141
moead,5,5520,275,moead,20,12,12,0.2,5520,17,594973.8571428531,0.00879955105483532,620197.6428571378,0.008940240368247032,13,0,0,0,8587.064902502112,0.6428273295560598
moead,5,5540,276,moead,20,12,12,0.2,5540,17,594973.8571428531,0.00879955105483532,620197.6428571378,0.008940240368247032,14,0,0,0,8614.150269838981,0.6431278566613112
moead,5,5560,277,moead,20,12,12,0.2,5560,17,594973.8571428531,0.00879955105483532,620197.6428571378,0.008940240368247032,14,0,0,0,8640.796943220077,0.6434591666180286
moead,5,5580,278,moead,20,12,12,0.2,5580,17,594973.8571428531,0.00879955105483532,620197.6428571378,0.008940240368247032,14,0,0,0,8667.340039520059,0.6437961329031905
moead,5,5600,279,moead,20,12,12,0.2,5600,17,594973.8571428531,0.00879955105483532,620197.6428571378,0.008940240368247032,14,0,0,0,8693.828642588109,0.6441350790568272
moead,5,5620,280,moead,20,12,12,0.2,5620,17,594973.8571428531,0.00879955105483532,620197.6428571378,0.008940240368247032,14,0,0,0,8720.311513015069,0.6444723897319663
moead,5,5640,281,moead,20,11,11,0.2,5640,18,594973.8571428531,0.008785278536379337,607153.6607142811,0.009502707980573177,13,0,0,13,8746.967583989957,0.6447948898682548
moead,5,5660,282,moead,20,8,8,0.3,5660,20,594973.8571428531,0.008785278536379337,607153.6607142811,0.008940240368247032,13,0,0,47,8773.579575706972,0.6451186714795277
moead,5,5680,283,moead,20,10,10,0.25,5680,17,594973.8571428531,0.008785278536379337,607153.6607142811,0.008940240368247032,13,0,0,11,8800.024540188024,0.6454527455077573
moead,5,5700,284,moead,20,11,11,0.2,5700,19,594973.8571428531,0.008785278536379337,607153.6607142811,0.008940240368247032,14,0,0,9,8826.476780882105,0.6457842853386343
moead,5,5720,285,moead,20,13,13,0.15,5720,19,594973.8571428531,0.008785278536379337,607153.6607142811,0.008940240368247032,15,0,0,3,8853.094050290994,0.6461017998348259
moead,5,5740,286,moead,20,12,12,0.2,5740,20,594973.8571428531,0.008785278536379337,607153.6607142811,0.008940240368247032,15,0,0,7,8879.764005552046,0.6464135754521271
moead,5,5760,287,moead,20,12,12,0.2,5760,20,594973.8571428531,0.008785278536379337,607153.6607142811,0.008940240368247032,15,0,0,1,8906.19566949713,0.6467407873967389
moead,5,5780,288,moead,20,11,11,0.2,5780,20,594973.8571428531,0.008781501092016697,607153.6607142811,0.008940240368247032,16,0,0,2,8932.864767787978,0.6470488639705766
moead,5,5800,289,moead,20,11,11,0.2,5800,20,594973.8571428531,0.008781501092016697,607153.6607142811,0.008940240368247032,16,0,0,0,8959.162618099945,0.647381931463374
moead,5,5820,290,moead,20,11,11,0.2,5820,20,594973.8571428531,0.008781501092016697,607153.6607142811,0.008940240368247032,16,0,0,0,8985.478208489018,0.6477117705879653
moead,5,5840,291,moead,20,11,11,0.2,5840,20,594973.8571428531,0.008781501092016697,607153.6607142811,0.008940240368247032,16,0,0,0,9011.950243231142,0.6480284336219468
moead,5,5860,292,moead,20,12,12,0.2,5860,20,594973.8571428531,0.008781501092016697,607153.6607142811,0.008940240368247032,16,0,0,1,9038.245020451024,0.6483559570182549
moead,5,5880,293,moead,20,12,12,0.2,5880,20,594973.8571428531,0.008781501092016697,607153.6607142811,0.008940240368247032,16,0,0,0,9064.745735435048,0.64866684313212
moead,5,5900,294,moead,20,12,12,0.2,5900,20,594973.8571428531,0.008781501092016697,607153.6607142811,0.008940240368247032,17,0,0,4,9091.216430905974,0.6489780597393657
moead,5,5920,295,moead,20,11,11,0.2,5920,20,594973.8571428531,0.008780978620052338,607249.0178571383,0.008940240368247032,16,0,0,7,9117.994945639977,0.6492655496404736
moead,5,5940,296,moead,20,11,11,0.2,5940,20,594973.8571428531,0.008780978620052338,607249.0178571383,0.008940240368247032,16,0,0,0,9144.397914264118,0.6495780318936408
moead,5,5960,297,moead,20,11,11,0.2,5960,20,594973.8571428531,0.008780978620052338,607249.0178571383,0.008940240368247032,16,0,0,0,9170.977859148989,0.6498761736791557
moead,5,5980,298,moead,20,10,10,0.3,5980,20,594973.8571428531,0.008780978620052338,607249.0178571383,0.008940240368247032,16,0,0,8,9197.477258731145,0.6501782860428602
moead,5,6000,299,moead,20,10,10,0.3,6000,20,594973.8571428531,0.008780978620052338,607249.0178571383,0.008940240368247032,16,0,0,0,9223.873792682076,0.6504859167479293
moead,5,6020,300,moead,20,10,10,0.3,6020,20,594973.8571428531,0.008780978620052338,607249.0178571383,0.008940240368247032,16,0,0,0,9250.546594833955,0.650772355804566
moead,5,6040,301,moead,20,10,10,0.3,6040,20,594973.8571428531,0.008780978620052338,607249.0178571383,0.008940240368247032,16,0,0,0,9276.917648546165,0.6510783245927122
moead,5,6060,302,moead,20,10,10,0.3,6060,20,594973.8571428531,0.008780978620052338,607249.0178571383,0.008940240368247032,16,0,0,6,9303.818915748969,0.6513454372743628
moead,5,6080,303,moead,20,10,10,0.3,6080,20,594948.7499999959,0.008780978620052338,607249.0178571383,0.008940636180341244,17,0,0,1,9330.400988984155,0.6516333014174087
moead,5,6100,304,moead,20,10,10,0.3,6100,20,594948.7499999959,0.008780978620052338,607249.0178571383,0.008940636180341244,18,0,0,0,9356.983449880034,0.651919502975952
moead,5,6120,305,moead,20,10,10,0.3,6120,20,594948.7499999959,0.008780978620052338,607249.0178571383,0.008940636180341244,18,0,0,0,9383.34237264609,0.6522196203605185
moead,5,6140,306,moead,20,11,11,0.3,6140,20,594948.7499999959,0.008780978620052338,607249.0178571383,0.008940636180341244,19,0,0,1,9409.905626334017,0.652503887267153
moead,5,6160,307,moead,20,11,11,0.3,6160,20,594948.7499999959,0.008780978620052338,607249.0178571383,0.008940636180341244,19,0,0,0,9436.285623969045,0.6527992311246945
moead,5,6180,308,moead,20,11,11,0.3,6180,20,594948.7499999959,0.008780978620052338,607249.0178571383,0.008940636180341244,19,0,0,0,9462.812492843019,0.6530827916831388
moead,5,6200,309,moead,20,11,11,0.3,6200,20,594948.7499999959,0.008780978620052338,607249.0178571383,0.008940636180341244,19,0,0,0,9488.987393605988,0.6533890016734322
moead,5,6220,310,moead,20,11,11,0.3,6220,20,594948.7499999959,0.008780978620052338,607249.0178571383,0.008940636180341244,19,0,0,0,9515.30572003615,0.6536836737576067
moead,5,6240,311,moead,20,11,11,0.3,6240,20,594948.7499999959,0.008780978620052338,607249.0178571383,0.008940636180341244,19,0,0,0,9541.714463903103,0.6539705231807457
moead,5,6260,312,moead,20,12,12,0.3,6260,20,594948.7499999959,0.008780978620052338,607249.0178571383,0.008940636180341244,20,0,0,1,9567.89069716609,0.6542716883099581
moead,5,6280,313,moead,20,12,12,0.3,6280,20,594948.7499999959,0.008780978620052338,607249.0178571383,0.008940636180341244,21,0,0,0,9595.10540552414,0.6545003660287513
moead,5,6300,314,moead,20,12,12,0.3,6300,20,594948.7499999959,0.008780978620052338,607249.0178571383,0.008940636180341244,21,0,0,0,9621.801939174999,0.6547630100708746
moead,5,6320,315,moead,20,12,12,0.3,6320,20,594948.7499999959,0.008780978620052338,607249.0178571383,0.008940636180341244,21,0,0,0,9648.28897319315,0.6550384236582794
moead,5,6340,316,moead,20,12,12,0.3,6340,20,594948.7499999959,0.008780978620052338,607249.0178571383,0.008940636180341244,22,0,0,0,9674.687439466128,0.6553183283355618
moead,5,6360,317,moead,20,12,12,0.3,6360,20,594948.7499999959,0.008780978620052338,607249.0178571383,0.008940636180341244,22,0,0,0,9701.098029262153,0.6555958903637353
moead,5,6380,318,moead,20,12,12,0.3,6380,20,594948.7499999959,0.008780978620052338,607249.0178571383,0.008940636180341244,22,0,0,0,9727.508049349068,0.6558719836193739
moead,5,6400,319,moead,20,13,13,0.25,6400,20,594948.7499999959,0.008780978620052338,607249.0178571383,0.008940636180341244,23,0,0,1,9753.964854574995,0.6561434345335114
moead,5,6420,320,moead,20,7,7,0.5,6420,19,594948.7499999959,0.00876366626471281,597956.33928571,0.008940636180341244,9,0,0,11,9780.558751145145,0.6564042160933108
moead,5,6440,321,moead,20,8,8,0.4,6440,20,594948.7499999959,0.00876366626471281,597956.33928571,0.008940636180341244,9,0,0,8,9807.265115131158,0.6566560528749277
moead,5,6460,322,moead,20,9,9,0.35,6460,12,591464.2499999963,0.00876366626471281,597956.33928571,0.009217746555805206,3,0,0,10,9833.739149623085,0.656922041728919
moead,5,6480,323,moead,20,7,7,0.35,6480,14,591373.410714282,0.00876366626471281,597956.33928571,0.008853607811033726,2,0,0,35,9860.441568947164,0.6571713806820817
moead,5,6500,324,moead,20,5,5,0.35,6500,20,591373.410714282,0.00876366626471281,597956.33928571,0.008850282989442348,2,0,0,6,9886.692705820082,0.6574493810426202
moead,5,6520,325,moead,20,5,5,0.35,6520,13,591373.410714282,0.00876366626471281,599339.4285714243,0.008850282989442348,2,0,0,7,9913.072896244936,0.6577173464012124
moead,5,6540,326,moead,20,5,5,0.35,6540,20,591373.410714282,0.00876366626471281,597956.33928571,0.008850282989442348,2,0,0,14,9939.67573458911,0.6579691505670988
moead,5,6560,327,moead,20,5,5,0.3,6560,20,591373.410714282,0.008760341443121433,597757.9107142813,0.008850282989442348,2,0,0,10,9965.893763519125,0.6582450260520892
moead,5,6580,328,moead,20,5,5,0.3,6580,20,591373.410714282,0.008760341443121433,597757.9107142813,0.008850282989442348,2,0,0,0,9992.279328386066,0.6585084127209632
moead,5,6600,329,moead,20,5,5,0.3,6600,20,591373.410714282,0.008760341443121433,597757.9107142813,0.008850282989442348,2,0,0,0,10018.574559716973,0.6587763519310926
moead,5,6620,330,moead,20,5,5,0.3,6620,20,591373.410714282,0.008760341443121433,597757.9107142813,0.008850282989442348,2,0,0,0,10044.74611274898,0.6590510029514606
moead,5,6640,331,moead,20,5,5,0.3,6640,20,591373.410714282,0.008760341443121433,597757.9107142813,0.008850282989442348,3,0,0,0,10070.95469556516,0.6593218022243696
moead,5,6660,332,moead,20,5,5,0.3,6660,20,591373.410714282,0.008760341443121433,597757.9107142813,0.008850282989442348,3,0,0,0,10097.09339323407,0.6595957609407455
moead,5,6680,333,moead,20,5,5,0.3,6680,20,591373.410714282,0.008760341443121433,597757.9107142813,0.008850282989442348,3,0,0,0,10123.482900762,0.659851956632158
moead,5,6700,334,moead,20,5,5,0.3,6700,20,591373.410714282,0.008760341443121433,597757.9107142813,0.008850282989442348,3,0,0,0,10149.70882081613,0.6601174593559679
moead,5,6720,335,moead,20,5,5,0.3,6720,20,591373.410714282,0.008760341443121433,597757.9107142813,0.008850282989442348,3,0,0,0,10175.95561204711,0.6603802390848017
moead,5,6740,336,moead,20,5,5,0.3,6740,20,591373.410714282,0.008760341443121433,597757.9107142813,0.008850282989442348,3,0,0,0,10202.306837941054,0.6606349041507765
moead,5,6760,337,moead,20,5,5,0.3,6760,20,591373.410714282,0.00874412152916193,597662.446428567,0.008850282989442348,2,0,0,10,10228.463414886035,0.6609008338595421
moead,5,6780,338,moead,20,5,5,0.3,6780,20,591373.410714282,0.00874412152916193,597662.446428567,0.008850282989442348,2,0,0,0,10254.605682756053,0.6611663295255825
moead,5,6800,339,moead,20,5,5,0.3,6800,20,591373.410714282,0.00874412152916193,597662.446428567,0.008850282989442348,2,0,0,0,10280.738727413118,0.6614310683597193
moead,5,6820,340,moead,20,8,8,0.2,6820,20,590829.785714282,0.00874412152916193,597662.446428567,0.008965560235083103,4,0,0,14,10306.899448430166,0.6616926879051632
moead,5,6840,341,moead,20,10,10,0.2,6840,19,590829.785714282,0.008741778321564198,597662.446428567,0.008965560235083103,4,0,0,2,10333.0907268601,0.6619510251874523
moead,5,6860,342,moead,20,10,10,0.2,6860,19,590829.785714282,0.008741778321564198,597662.446428567,0.008965560235083103,4,0,0,0,10359.331424328964,0.6622048971123021
moead,5,6880,343,moead,20,7,7,0.35,6880,20,590829.785714282,0.008741778321564198,597185.1249999957,0.008965560235083103,3,0,0,7,10385.670315667056,0.6624512227796544
moead,5,6900,344,moead,20,5,5,0.35,6900,20,588874.4821428536,0.008741778321564198,597185.1249999957,0.008860059082508087,3,0,0,7,10411.990567658097,0.6626974885506426
moead,5,6920,345,moead,20,6,6,0.35,6920,19,588874.4821428536,0.008741778321564198,597185.1249999957,0.008860059082508087,3,0,0,23,10438.601447485154,0.6629240549908294
moead,5,6940,346,moead,20,6,6,0.35,6940,19,588700.4107142822,0.008741778321564198,597185.1249999957,0.0088508864864707,3,0,0,5,10464.89271855494,0.6631697224850596
moead,5,6960,347,moead,20,6,6,0.35,6960,19,588700.4107142822,0.008741778321564198,597185.1249999957,0.0088508864864707,3,0,0,0,10491.219673227984,0.6634119022177063
moead,5,6980,348,moead,20,6,6,0.35,6980,19,588700.4107142822,0.008741778321564198,597185.1249999957,0.0088508864864707,3,0,0,0,10517.479449355043,0.6636571084936163
moead,5,7000,349,moead,20,6,6,0.35,7000,19,588700.4107142822,0.008741778321564198,597185.1249999957,0.0088508864864707,3,0,0,0,10543.983872400131,0.6638856891960123
moead,5,7020,350,moead,20,6,6,0.35,7020,19,588700.4107142822,0.008741778321564198,597185.1249999957,0.0088508864864707,3,0,0,0,10570.194017487112,0.6641316127581249
moead,5,7040,351,moead,20,6,6,0.35,7040,19,588700.4107142822,0.008741778321564198,597185.1249999957,0.0088508864864707,3,0,0,0,10596.486207957147,0.6643711756745836
moead,5,7060,352,moead,20,6,6,0.35,7060,19,588700.4107142822,0.008741778321564198,597185.1249999957,0.0088508864864707,3,0,0,0,10622.836553580128,0.6646059142857306
moead,5,7080,353,moead,20,6,6,0.35,7080,20,588700.4107142822,0.008741217665374279,597701.5535714243,0.0088508864864707,4,0,0,1,10649.106073840987,0.6648445372698162
moead,5,7100,354,moead,20,5,5,0.35,7100,20,588700.4107142822,0.008741217665374279,597701.5535714243,0.0088508864864707,5,0,0,5,10675.6463056691,0.6650651208095645
moead,5,7120,355,moead,20,5,5,0.35,7120,20,588700.4107142822,0.008741217665374279,597701.5535714243,0.0088508864864707,4,0,0,0,10701.852763865143,0.6653053594645513
moead,5,7140,356,moead,20,5,5,0.35,7140,20,588700.4107142822,0.008741217665374279,597701.5535714243,0.0088508864864707,4,0,0,0,10728.172597496072,0.6655373909314675
moead,5,7160,357,moead,20,6,6,0.35,7160,20,588700.4107142822,0.008741217665374279,597701.5535714243,0.0088508864864707,5,0,0,4,10754.38295739307,0.6657750638383095
moead,5,7180,358,moead,20,6,6,0.35,7180,20,588700.4107142822,0.008741217665374279,597701.5535714243,0.0088508864864707,5,0,0,0,10780.543114080094,0.666014682564782
moead,5,7200,359,moead,20,6,6,0.35,7200,20,588700.4107142822,0.008741217665374279,597701.5535714243,0.0088508864864707,5,0,0,0,10806.94474288309,0.6662382543171194
moead,5,7220,360,moead,20,6,6,0.35,7220,20,588700.4107142822,0.008741217665374279,597701.5535714243,0.0088508864864707,5,0,0,0,10833.359492892167,0.6664599291417483
moead,5,7240,361,moead,20,6,6,0.35,7240,20,588700.4107142822,0.008741217665374279,597701.5535714243,0.0088508864864707,5,0,0,0,10859.592108567944,0.6666917069829743
moead,5,7260,362,moead,20,6,6,0.35,7260,20,588700.4107142822,0.008741217665374279,597701.5535714243,0.0088508864864707,5,0,0,0,10885.91556133097,0.6669168026425839
moead,5,7280,363,moead,20,6,6,0.35,7280,20,588700.4107142822,0.008741217665374279,597701.5535714243,0.0088508864864707,5,0,0,0,10912.157212830149,0.6671458134272864
moead,5,7300,364,moead,20,6,6,0.35,7300,20,588700.4107142822,0.008741217665374279,597701.5535714243,0.0088508864864707,5,0,0,0,10938.32680250099,0.6673781220662464
moead,5,7320,365,moead,20,6,6,0.35,7320,20,588700.4107142822,0.008741217665374279,597701.5535714243,0.0088508864864707,6,0,0,0,10964.421216302086,0.6676138991373755
moead,5,7340,366,moead,20,6,6,0.35,7340,20,588700.4107142822,0.008741217665374279,597701.5535714243,0.0088508864864707,6,0,0,0,10990.736633650959,0.6678351274041731
moead,5,7360,367,moead,20,6,6,0.35,7360,20,588700.4107142822,0.008741217665374279,597701.5535714243,0.0088508864864707,6,0,0,0,11016.990515084937,0.6680590302698701
moead,5,7380,368,moead,20,6,6,0.35,7380,20,588700.4107142822,0.008740097284317017,598139.7678571385,0.0088508864864707,6,0,0,1,11043.568321638973,0.6682622667837795
moead,5,7400,369,moead,20,6,6,0.35,7400,20,588700.4107142822,0.008740097284317017,598139.7678571385,0.0088508864864707,6,0,0,0,11070.178385565989,0.6684625795776332
moead,5,7420,370,moead,20,6,6,0.35,7420,20,588700.4107142822,0.008740097284317017,598139.7678571385,0.0088508864864707,6,0,0,0,11096.547513226978,0.6686764501441039
moead,5,7440,371,moead,20,6,6,0.35,7440,20,588700.4107142822,0.008740097284317017,598139.7678571385,0.0088508864864707,6,0,0,0,11122.738281496102,0.6689000326814538
moead,5,7460,372,moead,20,6,6,0.35,7460,20,588700.4107142822,0.008740097284317017,598139.7678571385,0.0088508864864707,6,0,0,0,11149.173910503043,0.6691078693258459
moead,5,7480,373,moead,20,6,6,0.35,7480,20,588700.4107142822,0.008740097284317017,598139.7678571385,0.0088508864864707,6,0,0,0,11175.34801280615,0.6693303860809037
moead,5,7500,374,moead,20,6,6,0.35,7500,20,588700.4107142822,0.008740097284317017,598139.7678571385,0.0088508864864707,6,0,0,0,11201.576371429954,0.6695486198825582
moead,5,7520,375,moead,20,6,6,0.35,7520,20,588700.4107142822,0.008740097284317017,598139.7678571385,0.0088508864864707,6,0,0,0,11227.879117873963,0.6697613967030256
moead,5,7540,376,moead,20,6,6,0.35,7540,20,588700.4107142822,0.008740097284317017,598139.7678571385,0.0088508864864707,6,0,0,0,11254.290517101996,0.6699667107884084
moead,5,7560,377,moead,20,6,6,0.35,7560,20,588700.4107142822,0.008740097284317017,598139.7678571385,0.0088508864864707,7,0,0,0,11280.305500559974,0.6701946148200248
moead,5,7580,378,moead,20,7,7,0.35,7580,20,588700.4107142822,0.008740097284317017,598139.7678571385,0.0088508864864707,7,0,0,1,11306.625509581994,0.670403383713045
moead,5,7600,379,moead,20,7,7,0.35,7600,20,588700.4107142822,0.008740097284317017,598139.7678571385,0.0088508864864707,7,0,0,0,11332.837969209999,0.6706175470476429
moead,5,7620,380,moead,20,7,7,0.35,7620,20,588700.4107142822,0.008740097284317017,598139.7678571385,0.0088508864864707,7,0,0,0,11359.200907337945,0.6708218352822289
moead,5,7640,381,moead,20,7,7,0.35,7640,20,588700.4107142822,0.008740097284317017,598139.7678571385,0.0088508864864707,7,0,0,0,11385.455431292066,0.6710315670818082
moead,5,7660,382,moead,20,10,10,0.4,7660,20,588700.4107142822,0.008740097284317017,598139.7678571385,0.0088508864864707,10,0,0,14,11411.651940793963,0.6712437462815798
moead,5,7680,383,moead,20,10,10,0.25,7680,20,588700.4107142822,0.008740097284317017,598139.7678571385,0.0088508864864707,9,0,0,13,11437.614200741984,0.6714687053792897
moead,5,7700,384,moead,20,7,7,0.35,7700,20,588183.4821428538,0.008740097284317017,598139.7678571385,0.008868482895195484,11,0,0,19,11463.754655661061,0.6716822045905846
moead,5,7720,385,moead,20,7,7,0.4,7720,19,588183.4821428538,0.008740097284317017,598139.7678571385,0.008868482895195484,10,0,0,11,11489.807583925081,0.6718998506816368
moead,5,7740,386,moead,20,8,8,0.4,7740,20,588183.4821428538,0.008740097284317017,598139.7678571385,0.008868482895195484,11,0,0,11,11515.906536367955,0.6721138258248792
moead,5,7760,387,moead,20,6,6,0.25,7760,20,587323.7678571395,0.00872653815895319,599544.321428567,0.00884135439991951,8,0,0,11,11541.908967262134,0.672332455749801
moead,5,7780,388,moead,20,7,7,0.25,7780,20,586942.4464285681,0.00872653815895319,599544.321428567,0.00882344413548708,9,0,0,5,11568.031727103982,0.6725431070327551
moead,5,7800,389,moead,20,7,7,0.2,7800,20,586942.4464285681,0.00872653815895319,599544.321428567,0.00882344413548708,10,0,0,5,11594.228533086134,0.6727485125673823
moead,5,7820,390,moead,20,7,7,0.2,7820,20,586942.4464285681,0.00872653815895319,599544.321428567,0.00882344413548708,10,0,0,0,11620.065563363954,0.6729738276740107
moead,5,7840,391,moead,20,9,9,0.2,7840,20,586942.4464285681,0.00872591882944107,600137.6071428527,0.00882344413548708,11,0,0,2,11646.015917847166,0.6731915923269036
moead,5,7860,392,moead,20,9,9,0.2,7860,20,586942.4464285681,0.00872591882944107,600137.6071428527,0.00882344413548708,11,0,0,0,11671.834035987966,0.6734160180623823
moead,5,7880,393,moead,20,9,9,0.2,7880,20,586942.4464285681,0.00872591882944107,600137.6071428527,0.00882344413548708,11,0,0,0,11697.701090488117,0.6736366350143408
moead,5,7900,394,moead,20,9,9,0.2,7900,20,586942.4464285681,0.00872591882944107,600137.6071428527,0.00882344413548708,11,0,0,0,11723.613467826042,0.673853673330372
moead,5,7920,395,moead,20,9,9,0.2,7920,20,586942.4464285681,0.00872591882944107,600137.6071428527,0.00882344413548708,11,0,0,0,11749.576304274146,0.6740668595104098
moead,5,7940,396,moead,20,9,9,0.2,7940,20,586942.4464285681,0.00872591882944107,600137.6071428527,0.00882344413548708,11,0,0,0,11775.521205336088,0.6742801326196909
moead,5,7960,397,moead,20,9,9,0.2,7960,20,586942.4464285681,0.00872591882944107,600137.6071428527,0.00882344413548708,11,0,0,0,11801.418505418114,0.6744951885525886
moead,5,7980,398,moead,20,9,9,0.2,7980,20,586942.4464285681,0.00872591882944107,600137.6071428527,0.00882344413548708,11,0,0,0,11827.251699224114,0.6747129597760653
moead,5,8000,399,moead,20,8,8,0.2,8000,20,586942.4464285681,0.00872591882944107,600137.6071428527,0.00882344413548708,9,0,0,9,11853.738900412107,0.6748925437966136
moead,5,8020,400,moead,20,8,8,0.2,8020,20,586942.4464285681,0.00872591882944107,600137.6071428527,0.00882344413548708,9,0,0,0,11879.774466868956,0.67509699130793
moead,5,8040,401,moead,20,8,8,0.2,8040,20,586942.4464285681,0.00872591882944107,600137.6071428527,0.00882344413548708,9,0,0,0,11905.992532099131,0.6752901934319018
moead,5,8060,402,moead,20,8,8,0.2,8060,20,586942.4464285681,0.00872591882944107,600137.6071428527,0.00882344413548708,9,0,0,0,11932.191484892042,0.675483628485612
moead,5,8080,403,moead,20,8,8,0.2,8080,20,586178.7321428538,0.00872591882944107,600137.6071428527,0.008803702890872955,9,0,0,2,11958.257209381089,0.6756837437533415
moead,5,8100,404,moead,20,10,10,0.2,8100,20,586178.7321428538,0.00872591882944107,600137.6071428527,0.008803702890872955,10,0,0,2,11984.26520242705,0.6758862444365459
moead,5,8120,405,moead,20,10,10,0.2,8120,20,586178.7321428538,0.00872591882944107,600137.6071428527,0.008803702890872955,10,0,0,0,12010.423256684095,0.6760794208881041
moead,5,8140,406,moead,20,11,11,0.15,8140,20,586178.7321428538,0.00872591882944107,600137.6071428527,0.008803702890872955,10,0,0,2,12036.464413732989,0.6762783256113546
moead,5,8160,407,moead,20,11,11,0.15,8160,20,586178.7321428538,0.00872591882944107,600137.6071428527,0.008803702890872955,11,0,0,2,12062.532173334155,0.6764748796308933
moead,5,8180,408,moead,20,11,11,0.15,8180,20,586178.7321428538,0.00872591882944107,600137.6071428527,0.008803702890872955,11,0,0,0,12088.511133338092,0.6766755566316953
moead,5,8200,409,moead,20,11,11,0.15,8200,20,586178.7321428538,0.00872591882944107,600137.6071428527,0.008803702890872955,12,0,0,0,12114.402403308079,0.6768802725061227
moead,5,8220,410,moead,20,11,11,0.15,8220,20,586178.7321428538,0.00872591882944107,600137.6071428527,0.008803702890872955,12,0,0,0,12140.808621502947,0.677055396906703
moead,5,8240,411,moead,20,11,11,0.15,8240,20,586178.7321428538,0.00872591882944107,600137.6071428527,0.008803702890872955,12,0,0,0,12166.923462602077,0.6772459796700121
moead,5,8260,412,moead,20,11,11,0.15,8260,20,586178.7321428538,0.00872591882944107,600137.6071428527,0.008803702890872955,12,0,0,0,12193.028445607051,0.6774362937680132
moead,5,8280,413,moead,20,11,11,0.15,8280,20,586178.7321428538,0.00872591882944107,600137.6071428527,0.008803702890872955,12,0,0,0,12218.853596901055,0.6776413134289434
moead,5,8300,414,moead,20,11,11,0.15,8300,20,586178.7321428538,0.00872591882944107,600137.6071428527,0.008803702890872955,12,0,0,0,12244.717778450111,0.6778433076348601
moead,5,8320,415,moead,20,11,11,0.15,8320,20,586178.7321428538,0.00872591882944107,600137.6071428527,0.008803702890872955,12,0,0,0,12271.191704352153,0.6780107588938729
moead,5,8340,416,moead,20,7,7,0.3,8340,20,585714.4285714253,0.00872591882944107,600137.6071428527,0.00898298155516386,12,0,0,21,12297.203532080166,0.6782029734031104
moead,5,8360,417,moead,20,8,8,0.3,8360,20,585714.4285714253,0.00872591882944107,600137.6071428527,0.00898298155516386,12,0,0,3,12323.305167023093,0.678389432598909
moead,5,8380,418,moead,20,8,8,0.3,8380,20,585714.4285714253,0.00872591882944107,600137.6071428527,0.00898298155516386,12,0,0,7,12349.70713685709,0.6785586011987527
moead,5,8400,419,moead,20,8,8,0.3,8400,20,585714.4285714253,0.00872591882944107,600137.6071428527,0.00898298155516386,12,0,0,2,12375.79904507706,0.6787440527600855
moead,5,8420,420,moead,20,8,8,0.25,8420,20,585714.4285714253,0.00872591882944107,600137.6071428527,0.00898298155516386,12,0,0,4,12401.895829959074,0.6789284570234764
moead,5,8440,421,moead,20,8,8,0.25,8440,15,585714.4285714253,0.00872591882944107,600137.6071428527,0.00898298155516386,12,0,0,1,12428.008417987032,0.6791112233062865
moead,5,8460,422,moead,20,8,8,0.25,8460,16,585714.4285714253,0.00872591882944107,600137.6071428527,0.00898298155516386,12,0,0,5,12454.192197383149,0.6792893401611065
moead,5,8480,423,moead,20,8,8,0.25,8480,16,585714.4285714253,0.00872591882944107,600137.6071428527,0.00898298155516386,12,0,0,0,12480.260478184093,0.6794729977650162
moead,5,8500,424,moead,20,9,9,0.25,8500,16,585714.4285714253,0.00872591882944107,600137.6071428527,0.00898298155516386,12,0,0,2,12506.763660327997,0.679632255861872
moead,5,8520,425,moead,20,9,9,0.25,8520,16,585714.4285714253,0.00872591882944107,600137.6071428527,0.00898298155516386,12,0,0,0,12533.035394869978,0.679803394115316
moead,5,8540,426,moead,20,9,9,0.25,8540,16,585714.4285714253,0.00872591882944107,600137.6071428527,0.00898298155516386,12,0,0,0,12559.00786721101,0.6799900191396635
moead,5,8560,427,moead,20,9,9,0.25,8560,16,585714.4285714253,0.00872591882944107,600137.6071428527,0.00898298155516386,12,0,0,0,12585.806985174073,0.6801311993806655
moead,5,8580,428,moead,20,7,7,0.4,8580,16,585714.4285714253,0.00872591882944107,600137.6071428527,0.00898298155516386,8,0,0,8,12611.998486173106,0.6803045535889097
moead,5,8600,429,moead,20,8,8,0.2,8600,12,585714.4285714253,0.00872591882944107,600137.6071428527,0.00898298155516386,8,0,0,4,12638.145338765113,0.6804795932850315
moead,5,8620,430,moead,20,8,8,0.2,8620,12,585714.4285714253,0.00872591882944107,600137.6071428527,0.00898298155516386,8,0,0,0,12664.590119616129,0.6806378981542024
moead,5,8640,431,moead,20,8,8,0.2,8640,13,585714.4285714253,0.00872591882944107,600137.6071428527,0.00898298155516386,8,0,0,3,12690.559340807144,0.6808210550828628
moead,5,8660,432,moead,20,8,8,0.2,8660,13,585714.4285714253,0.00872591882944107,600137.6071428527,0.00898298155516386,8,0,0,0,12717.160603580065,0.680969618136464
moead,5,8680,433,moead,20,8,8,0.2,8680,13,585714.4285714253,0.00872591882944107,600137.6071428527,0.00898298155516386,8,0,0,0,12743.730522541096,0.6811192362116278
moead,5,8700,434,moead,20,8,8,0.2,8700,13,585714.4285714253,0.00872591882944107,600137.6071428527,0.00898298155516386,8,0,0,3,12770.123097511008,0.6812776927495472
moead,5,8720,435,moead,20,9,9,0.2,8720,13,585714.4285714253,0.00872591882944107,600137.6071428527,0.00898298155516386,9,0,0,2,12796.615552071016,0.6814301769493065
moead,5,8740,436,moead,20,8,8,0.2,8740,13,585714.4285714253,0.00872591882944107,600137.6071428527,0.00898298155516386,7,0,0,4,12822.885132891126,0.6815938776197573
moead,5,8760,437,moead,20,8,8,0.2,8760,13,585714.4285714253,0.00872591882944107,600137.6071428527,0.00898298155516386,7,0,0,0,12849.124003630131,0.6817585383661273
moead,5,8780,438,moead,20,8,8,0.25,8780,20,585666.6964285681,0.00872591882944107,600137.6071428527,0.008983956649899483,9,0,0,8,12875.189990499057,0.6819316846181683
moead,5,8800,439,moead,20,8,8,0.45,8800,13,585666.6964285681,0.00872591882944107,600137.6071428527,0.008983956649899483,6,0,0,11,12901.401988717029,0.6820964115137311
moead,5,8820,440,moead,20,6,6,0.45,8820,20,585666.6964285681,0.00872591882944107,600137.6071428527,0.008983956649899483,7,0,0,13,12927.653726791032,0.6822583731278008
moead,5,8840,441,moead,20,6,6,0.45,8840,20,585666.6964285681,0.00872591882944107,600137.6071428527,0.008983956649899483,7,0,0,0,12953.989566548029,0.6824152477957938
moead,5,8860,442,moead,20,6,6,0.45,8860,20,585666.6964285681,0.00872591882944107,600137.6071428527,0.008983956649899483,7,0,0,0,12980.189712041058,0.6825786214650646
moead,5,8880,443,moead,20,6,6,0.45,8880,20,585666.6964285681,0.00872591882944107,600137.6071428527,0.008983956649899483,8,0,0,0,13006.497078737011,0.6827357086418757
moead,5,8900,444,moead,20,6,6,0.45,8900,20,585666.6964285681,0.00872591882944107,600137.6071428527,0.008983956649899483,8,0,0,0,13032.76222926611,0.682894373689588
moead,5,8920,445,moead,20,6,6,0.45,8920,20,585666.6964285681,0.00872591882944107,600137.6071428527,0.008983956649899483,8,0,0,0,13059.271801463095,0.6830396162671679
moead,5,8940,446,moead,20,6,6,0.45,8940,20,585666.6964285681,0.00872591882944107,600137.6071428527,0.008983956649899483,8,0,0,0,13085.677864958066,0.6831896744103939
moead,5,8960,447,moead,20,7,7,0.35,8960,10,585666.6964285681,0.00872591882944107,600137.6071428527,0.008983956649899483,9,0,0,2,13112.173255119007,0.6833344729106601
moead,5,8980,448,moead,20,7,7,0.35,8980,10,585666.6964285681,0.00872591882944107,600137.6071428527,0.008983956649899483,9,0,0,0,13138.714701458113,0.6834762915586723
moead,5,9000,449,moead,20,7,7,0.35,9000,10,585666.6964285681,0.00872591882944107,600137.6071428527,0.008983956649899483,9,0,0,0,13165.814154040068,0.6835885646493237
moead,5,9020,450,moead,20,7,7,0.35,9020,10,585666.6964285681,0.00872591882944107,600137.6071428527,0.008983956649899483,9,0,0,0,13191.961483462015,0.6837497222310603
moead,5,9040,451,moead,20,7,7,0.35,9040,10,585666.6964285681,0.00872591882944107,600137.6071428527,0.008983956649899483,9,0,0,0,13218.55762683414,0.683887021201805
moead,5,9060,452,moead,20,7,7,0.35,9060,10,585666.6964285681,0.00872591882944107,600137.6071428527,0.008983956649899483,9,0,0,0,13245.154070314951,0.684023753283873
moead,5,9080,453,moead,20,7,7,0.35,9080,10,585666.6964285681,0.00872591882944107,600137.6071428527,0.008983956649899483,9,0,0,0,13272.555979188066,0.6841184180528473
moead,5,9100,454,moead,20,7,7,0.35,9100,10,585666.6964285681,0.00872591882944107,600137.6071428527,0.008983956649899483,9,0,0,0,13299.441893805051,0.6842392389592549
moead,5,9120,455,moead,20,7,7,0.35,9120,10,585666.6964285681,0.00872591882944107,600137.6071428527,0.008983956649899483,9,0,0,0,13326.212215434993,0.6843655085604012
moead,5,9140,456,moead,20,6,6,0.35,9140,10,585666.6964285681,0.00872591882944107,600137.6071428527,0.008983956649899483,8,0,0,6,13352.290003089001,0.684526773900619
moead,5,9160,457,moead,20,7,7,0.3,9160,15,585666.6964285681,0.00872591882944107,600137.6071428527,0.008983956649899483,8,0,0,10,13378.516921072965,0.6846797783371463
moead,5,9180,458,moead,20,8,7,0.25,9180,15,585666.6964285681,0.00872591882944107,600137.6071428527,0.008983956649899483,6,0,0,1,13404.644659917103,0.6848372510351028
moead,5,9200,459,moead,20,8,7,0.25,9200,15,585666.6964285681,0.00872591882944107,600137.6071428527,0.008983956649899483,6,0,0,0,13430.912381638074,0.6849869717397368
moead,5,9220,460,moead,20,9,8,0.25,9220,16,585666.6964285681,0.00872591882944107,600137.6071428527,0.008983956649899483,6,0,0,1,13457.185305878986,0.6851358430779798
moead,5,9240,461,moead,20,9,8,0.25,9240,17,585666.6964285681,0.00872591882944107,600137.6071428527,0.008983956649899483,6,0,0,2,13483.382033210946,0.6852880069140618
moead,5,9260,462,moead,20,9,8,0.25,9260,17,585666.6964285681,0.00872591882944107,600137.6071428527,0.008983956649899483,6,0,0,0,13509.672024779953,0.6854348486784103
moead,5,9280,463,moead,20,9,8,0.25,9280,17,585666.6964285681,0.00872591882944107,600137.6071428527,0.008983956649899483,6,0,0,0,13536.266044060001,0.6855657217281319
moead,5,9300,464,moead,20,11,10,0.25,9300,17,585666.6964285681,0.00872591882944107,600137.6071428527,0.008983956649899483,6,0,0,2,13563.059519380098,0.6856859978171841
moead,5,9320,465,moead,20,10,10,0.25,9320,17,585666.6964285681,0.00872591882944107,600137.6071428527,0.008983956649899483,6,0,0,4,13589.323291548993,0.6858325319109875
moead,5,9340,466,moead,20,10,10,0.25,9340,17,585666.6964285681,0.00872591882944107,600137.6071428527,0.008983956649899483,6,0,0,0,13615.523872222053,0.685981684410628
moead,5,9360,467,moead,20,10,10,0.25,9360,17,585666.6964285681,0.00872591882944107,600137.6071428527,0.008983956649899483,6,0,0,0,13641.571669345023,0.6861379485351782
moead,5,9380,468,moead,20,10,10,0.25,9380,17,585666.6964285681,0.00872591882944107,600137.6071428527,0.008983956649899483,6,0,0,0,13667.985815563006,0.6862752220096318
moead,5,9400,469,moead,20,10,10,0.25,9400,17,585666.6964285681,0.00872591882944107,600137.6071428527,0.008983956649899483,6,0,0,0,13694.567446277943,0.6864035711149704
moead,5,9420,470,moead,20,10,10,0.25,9420,17,585167.9464285681,0.00872591882944107,600137.6071428527,0.009030487388372421,7,0,0,1,13721.193779252004,0.6865291862756217
moead,5,9440,471,moead,20,7,7,0.45,9440,16,584826.9285714255,0.00872591882944107,600137.6071428527,0.00882964301854372,7,0,0,23,13747.673970425967,0.686661614197962
moead,5,9460,472,moead,20,8,8,0.45,9460,20,584826.9285714255,0.00872591882944107,600137.6071428527,0.00882964301854372,7,0,0,5,13774.048230149085,0.6867988148388826
moead,5,9480,473,moead,20,8,8,0.45,9480,20,584826.9285714255,0.00872591882944107,600137.6071428527,0.00882964301854372,7,0,0,0,13800.559553297004,0.6869286686085996
moead,5,9500,474,moead,20,9,9,0.45,9500,19,584826.9285714255,0.00872591882944107,600137.6071428527,0.00882964301854372,7,0,0,1,13826.657196828164,0.6870785805103565
moead,5,9520,475,moead,20,9,9,0.45,9520,19,584826.9285714255,0.00872591882944107,600137.6071428527,0.00882964301854372,7,0,0,0,13852.833879982121,0.6872240064725504
moead,5,9540,476,moead,20,9,9,0.45,9540,19,584826.9285714255,0.00872591882944107,600137.6071428527,0.00882964301854372,7,0,0,0,13878.657948995009,0.6873863478053955
moead,5,9560,477,moead,20,9,9,0.45,9560,19,584826.9285714255,0.00872591882944107,600137.6071428527,0.00882964301854372,7,0,0,0,13904.811737890122,0.6875317825375037
moead,5,9580,478,moead,20,9,9,0.45,9580,19,584826.9285714255,0.00872591882944107,600137.6071428527,0.00882964301854372,7,0,1,0,13930.915376143996,0.6876791467993034
moead,5,9600,479,moead,20,9,9,0.45,9600,19,584826.9285714255,0.00872591882944107,600137.6071428527,0.00882964301854372,7,0,0,0,13957.335887274938,0.6878103441468676
moead,5,9620,480,moead,20,9,9,0.45,9620,19,584826.9285714255,0.00872591882944107,600137.6071428527,0.00882964301854372,7,0,0,0,13983.512668689014,0.6879530364026836
moead,5,9640,481,moead,20,5,5,0.45,9640,19,584826.9285714255,0.008689483627676964,586680.4642857111,0.00882964301854372,5,0,0,31,14009.61545894295,0.6880988295682567
moead,5,9660,482,moead,20,6,6,0.35,9660,15,584826.9285714255,0.008689483627676964,586680.4642857111,0.00884112250059843,5,0,0,18,14036.047878279118,0.6882279174146247
moead,5,9680,483,moead,20,7,7,0.35,9680,11,584826.9285714255,0.008689483627676964,586680.4642857111,0.00884112250059843,3,0,0,14,14062.572675541975,0.6883519981258999
moead,5,9700,484,moead,20,8,8,0.25,9700,17,584826.9285714255,0.008669684641063213,586680.4642857111,0.00884112250059843,3,0,0,11,14089.042994963005,0.6884782737527213
moead,5,9720,485,moead,20,9,8,0.25,9720,17,584826.9285714255,0.008669684641063213,586326.1607142823,0.008880486711859703,3,0,0,4,14115.973357107025,0.6885816340186157
moead,5,9740,486,moead,20,10,10,0.25,9740,17,584826.9285714255,0.008669684641063213,586326.1607142823,0.00882964301854372,4,0,0,5,14142.83260871307,0.6886880633798503
moead,5,9760,487,moead,20,10,10,0.25,9760,17,584826.9285714255,0.008669684641063213,586326.1607142823,0.00882964301854372,4,0,0,0,14169.611671658,0.6887979872816072
moead,5,9780,488,moead,20,9,9,0.35,9780,17,584826.9285714255,0.008669684641063213,586326.1607142823,0.00882964301854372,4,0,0,7,14196.425412356155,0.6889058136767142
moead,5,9800,489,moead,20,9,9,0.3,9800,17,584826.9285714255,0.008666681125760078,586329.946428568,0.00882964301854372,5,0,0,2,14223.433080231072,0.6890038392784978
moead,5,9820,490,moead,20,10,10,0.3,9820,17,584826.9285714255,0.008666681125760078,586329.946428568,0.00882964301854372,5,0,0,1,14250.03049317305,0.6891213323862427
moead,5,9840,491,moead,20,10,10,0.3,9840,17,584826.9285714255,0.008666681125760078,586329.946428568,0.00882964301854372,5,0,0,0,14276.529238685034,0.6892431511530551
moead,5,9860,492,moead,20,10,10,0.3,9860,17,584826.9285714255,0.008666681125760078,586329.946428568,0.00882964301854372,5,0,0,0,14303.184930999996,0.6893569542424035
moead,5,9880,493,moead,20,10,10,0.3,9880,17,584826.9285714255,0.008666681125760078,586329.946428568,0.00882964301854372,6,0,0,0,14329.838650594,0.6894704288656073
moead,5,9900,494,moead,20,12,11,0.3,9900,17,584826.9285714255,0.008666681125760078,586329.946428568,0.00882964301854372,6,0,0,2,14356.286309407093,0.6895933799754976
moead,5,9920,495,moead,20,12,11,0.3,9920,17,584826.9285714255,0.008666681125760078,586329.946428568,0.00882964301854372,6,0,0,0,14382.717626192141,0.68971666258224
moead,5,9940,496,moead,20,13,12,0.15,9940,17,584826.9285714255,0.008666681125760078,586329.946428568,0.00882964301854372,7,0,0,3,14409.648353077006,0.6898155844224633
moead,5,9960,497,moead,20,13,13,0.15,9960,17,584826.9285714255,0.008664071559906006,586551.5357142823,0.00882964301854372,7,0,0,1,14436.215186835965,0.6899315278344066
moead,5,9980,498,moead,20,14,14,0.15,9980,17,584826.9285714255,0.008664071559906006,586551.5357142823,0.00882964301854372,7,0,0,1,14463.11872264999,0.6900309809647628
moead,5,10000,499,moead,20,14,14,0.15,10000,19,584826.9285714255,0.008658443577587605,586373.6785714253,0.00882964301854372,7,0,0,3,14489.699180464959,0.6901454526731666
nsga2,5,20,0,nsga2,20,20,20,0.05,20,2,654441.3214285643,0.01003920380026102,1116649.8571428643,0.023573698475956917,2,0,0,0,4.350507186958566,4.597165144320098
nsga2,5,40,1,nsga2,20,20,19,0.1,40,7,648120.7857142788,0.009341316297650337,862173.7321428622,0.013698871247470379,5,0,0,14,6.669719032943249,5.99725412756234
nsga2,5,60,2,nsga2,20,20,19,0.1,60,1,629361.3749999929,0.00913748424500227,891580.7678571419,0.011197579093277454,1,0,0,8,9.282082015881315,6.464066994596914
nsga2,5,80,3,nsga2,20,20,19,0.1,80,1,629361.3749999929,0.00913748424500227,891580.7678571419,0.011197579093277454,1,0,0,7,11.83697181683965,6.758485298257572
nsga2,5,100,4,nsga2,20,20,19,0.1,100,1,629361.3749999929,0.00913748424500227,891580.7678571419,0.011496003717184067,1,0,0,8,14.672082228818908,6.815665182381542
nsga2,5,120,5,nsga2,20,20,20,0.05,120,2,613791.6071428519,0.00913748424500227,891580.7678571419,0.01107985433191061,2,0,0,11,17.10891677183099,7.013886478048349
nsga2,5,140,6,nsga2,20,20,20,0.05,140,2,613791.6071428519,0.00913748424500227,891580.7678571419,0.010955289006233215,2,0,0,8,19.674673246918246,7.115747145733613
nsga2,5,160,7,nsga2,20,20,20,0.05,160,5,613791.6071428519,0.00913748424500227,780834.107142858,0.009818593971431255,4,0,0,10,22.567384141962975,7.089877984683552
nsga2,5,180,8,nsga2,20,20,20,0.05,180,11,612807.0892857092,0.009102541022002697,658145.3214285675,0.0097679877653718,9,0,0,10,24.869369650958106,7.237819153693966
nsga2,5,200,9,nsga2,20,20,20,0.05,200,9,605970.6964285669,0.008974000811576843,648593.3035714222,0.010069423355162144,8,0,0,11,27.318581088911742,7.321024446660497
nsga2,5,220,10,nsga2,20,20,20,0.05,220,10,605970.6964285669,0.008974000811576843,648593.3035714222,0.010069423355162144,9,0,0,3,29.86716869683005,7.365947614021737
nsga2,5,240,11,nsga2,20,20,20,0.05,240,9,604366.3928571382,0.008974000811576843,648593.3035714222,0.009741747751832008,8,0,0,6,32.303499039961025,7.429535720050269
nsga2,5,260,12,nsga2,20,20,20,0.05,260,10,604366.3928571382,0.008974000811576843,648593.3035714222,0.009741747751832008,9,0,0,4,34.958284880034626,7.4374358150645765
nsga2,5,280,13,nsga2,20,20,20,0.05,280,11,604366.3928571382,0.008974000811576843,648593.3035714222,0.009741747751832008,10,0,0,6,37.5515194258187,7.456422650303862
nsga2,5,300,14,nsga2,20,20,20,0.05,300,8,604366.3928571382,0.008874545805156231,648593.3035714222,0.009741747751832008,8,0,0,4,40.3622478779871,7.432688112586886
nsga2,5,320,15,nsga2,20,20,20,0.05,320,10,604366.3928571382,0.008874545805156231,648593.3035714222,0.009741747751832008,10,0,0,4,43.350249451817945,7.381733762701114
nsga2,5,340,16,nsga2,20,20,20,0.05,340,11,603288.5178571382,0.008874545805156231,648593.3035714222,0.009741747751832008,11,0,0,4,45.90103855985217,7.407239806930744
nsga2,5,360,17,nsga2,20,20,20,0.05,360,11,603288.5178571382,0.008694389835000038,642479.6249999935,0.009741747751832008,11,0,0,3,48.49551202589646,7.423367337739646
nsga2,5,380,18,nsga2,20,20,20,0.05,380,14,603288.5178571382,0.008694389835000038,643118.9107142793,0.009741747751832008,12,0,0,6,50.87880624784157,7.468728691253851
nsga2,5,400,19,nsga2,20,20,20,0.05,400,16,603288.5178571382,0.008694389835000038,643118.9107142793,0.009741747751832008,14,0,0,3,53.49308834201656,7.477601544381518
nsga2,5,420,20,nsga2,20,20,18,0.15,420,20,603288.5178571382,0.008694389835000038,642193.4107142794,0.009739311411976814,14,0,0,4,56.071734161814675,7.490405037018162
nsga2,5,440,21,nsga2,20,20,18,0.15,440,20,603288.5178571382,0.008694389835000038,642193.4107142794,0.009739311411976814,15,0,0,1,58.57555402186699,7.511666041361597
nsga2,5,460,22,nsga2,20,20,19,0.1,460,20,603288.5178571382,0.008694389835000038,642193.4107142794,0.009739311411976814,16,0,0,1,61.11361905490048,7.526963827600621
nsga2,5,480,23,nsga2,20,20,20,0.05,480,10,602106.7499999952,0.008688877336680889,642193.4107142794,0.009739311411976814,10,0,0,6,63.741862735012546,7.530372966906448
nsga2,5,500,24,nsga2,20,20,20,0.05,500,10,602106.7499999952,0.008688877336680889,642193.4107142794,0.009739311411976814,10,0,0,4,66.26541179302149,7.545414515218568
nsga2,5,520,25,nsga2,20,20,20,0.05,520,9,601437.0535714239,0.008688877336680889,642193.4107142794,0.00958370603621006,9,0,0,4,68.78884561988525,7.559365116743289
nsga2,5,540,26,nsga2,20,20,19,0.1,540,13,601216.428571424,0.008688877336680889,642193.4107142794,0.009595275856554508,11,0,0,5,71.2505806540139,7.578885604065307
nsga2,5,560,27,nsga2,20,20,19,0.1,560,16,601216.428571424,0.008688877336680889,642193.4107142794,0.009595275856554508,13,0,0,5,73.84253043890931,7.583705442804318
nsga2,5,580,28,nsga2,20,20,19,0.1,580,18,601216.428571424,0.008688877336680889,642193.4107142794,0.009595275856554508,13,0,0,5,76.37569752987474,7.594038663583139
nsga2,5,600,29,nsga2,20,20,19,0.1,600,18,601216.428571424,0.008688877336680889,642193.4107142794,0.009595275856554508,13,0,0,2,78.9174647948239,7.6028798132318265
nsga2,5,620,30,nsga2,20,20,19,0.1,620,20,601216.428571424,0.008688877336680889,634327.732142851,0.009586627595126629,13,0,0,2,81.44693113490939,7.612318737621025
nsga2,5,640,31,nsga2,20,20,19,0.1,640,13,601216.428571424,0.008688877336680889,634327.732142851,0.009586627595126629,11,0,0,7,84.03644872899167,7.615743045781596
nsga2,5,660,32,nsga2,20,20,20,0.05,660,11,601216.428571424,0.008628515526652336,634327.732142851,0.009586627595126629,11,0,0,5,86.58931674901396,7.622187410406097
nsga2,5,680,33,nsga2,20,20,20,0.05,680,12,600360.553571424,0.008628515526652336,634327.732142851,0.009610393084585667,11,0,0,5,89.15574239403941,7.627102660360574
nsga2,5,700,34,nsga2,20,20,19,0.1,700,16,600360.553571424,0.008628515526652336,634327.732142851,0.009610393084585667,13,0,0,4,91.6862101238221,7.634735900356782
nsga2,5,720,35,nsga2,20,20,20,0.05,720,15,599367.3214285667,0.008628515526652336,634327.732142851,0.009610393084585667,14,0,0,4,94.30353486002423,7.634920589866582
nsga2,5,740,36,nsga2,20,20,20,0.05,740,15,597942.1964285668,0.008628515526652336,634327.732142851,0.009557586163282394,14,0,0,5,96.79203174286522,7.645257431581368
nsga2,5,760,37,nsga2,20,20,20,0.05,760,12,597942.1964285668,0.008628515526652336,634327.732142851,0.009557586163282394,11,0,0,2,99.34170084190555,7.650362270417332
nsga2,5,780,38,nsga2,20,20,20,0.05,780,12,597942.1964285668,0.008628515526652336,634327.732142851,0.009557586163282394,11,0,0,1,102.02783420495689,7.644972630048288
nsga2,5,800,39,nsga2,20,20,20,0.05,800,12,597942.1964285668,0.008628515526652336,634327.732142851,0.009557586163282394,11,0,0,2,104.55860227486119,7.651211689851963
nsga2,5,820,40,nsga2,20,20,19,0.1,820,14,597838.0892857097,0.008628515526652336,634327.732142851,0.009531475603580475,11,0,0,3,107.2689881180413,7.644334251551369
nsga2,5,840,41,nsga2,20,20,20,0.05,840,13,597838.0892857097,0.008594720624387264,633844.499999994,0.009531475603580475,12,0,0,3,109.8740294878371,7.645118722918839
nsga2,5,860,42,nsga2,20,20,20,0.05,860,12,597838.0892857097,0.008594720624387264,633844.499999994,0.009531475603580475,12,0,0,3,112.4928235639818,7.644932118810792
nsga2,5,880,43,nsga2,20,20,20,0.05,880,12,597838.0892857097,0.008594720624387264,633844.499999994,0.009531475603580475,12,0,0,2,115.09251488186419,7.646022861723623
nsga2,5,900,44,nsga2,20,20,20,0.05,900,12,597838.0892857097,0.008594720624387264,633844.499999994,0.009531475603580475,12,0,0,2,117.7678951700218,7.642150678677476
nsga2,5,920,45,nsga2,20,20,19,0.1,920,14,597838.0892857097,0.008594720624387264,633844.499999994,0.009531475603580475,12,0,0,2,120.44840677082539,7.6381251082088975
nsga2,5,940,46,nsga2,20,20,19,0.1,940,17,597407.2678571383,0.008583780378103256,619973.0892857091,0.0095292329788208,14,0,0,6,123.01915663690306,7.6410863616506095
nsga2,5,960,47,nsga2,20,20,19,0.1,960,18,597407.2678571383,0.008583780378103256,619973.0892857091,0.0095292329788208,12,0,0,4,125.61794780497439,7.642220055134388
nsga2,5,980,48,nsga2,20,20,19,0.1,980,19,597407.2678571383,0.008583780378103256,619973.0892857091,0.00942347850650549,11,0,0,4,128.19628687482327,7.644527184760951
nsga2,5,1000,49,nsga2,20,20,19,0.1,1000,19,597407.2678571383,0.008583780378103256,619877.7321428519,0.00942347850650549,11,0,0,1,130.71373616997153,7.650305387183378
nsga2,5,1020,50,nsga2,20,20,18,0.1,1020,20,597407.2678571383,0.008583780378103256,619877.7321428519,0.00942347850650549,11,0,0,1,133.36289062793367,7.648304526074473
nsga2,5,1040,51,nsga2,20,20,18,0.1,1040,20,597407.2678571383,0.008583780378103256,619877.7321428519,0.00942347850650549,11,0,0,2,135.97590405191295,7.648413939597329
nsga2,5,1060,52,nsga2,20,20,18,0.1,1060,17,597407.2678571383,0.008569801226258278,619877.7321428519,0.00942347850650549,10,0,0,4,138.35938422288746,7.661207846172638
nsga2,5,1080,53,nsga2,20,20,16,0.15,1080,20,597407.2678571383,0.008569801226258278,618568.7321428522,0.00942347850650549,10,0,0,3,140.89557835599408,7.665251192420077
nsga2,5,1100,54,nsga2,20,20,16,0.15,1100,18,597407.2678571383,0.008569801226258278,618664.0892857093,0.00942347850650549,8,0,0,2,143.47772309789434,7.666695402250522
nsga2,5,1120,55,nsga2,20,20,19,0.1,1120,18,597407.2678571383,0.008569801226258278,618664.0892857093,0.00942347850650549,9,0,0,5,145.99395255185664,7.671550639073075
nsga2,5,1140,56,nsga2,20,20,20,0.05,1140,20,597407.2678571383,0.008569801226258278,618568.7321428522,0.00942347850650549,13,0,0,6,148.50176345393993,7.676676515384198
nsga2,5,1160,57,nsga2,20,20,20,0.05,1160,20,597407.2678571383,0.008569801226258278,618568.7321428522,0.00942347850650549,13,0,0,4,151.0939715888817,7.677341377697687
nsga2,5,1180,58,nsga2,20,20,20,0.05,1180,20,597407.2678571383,0.008569801226258278,618568.7321428522,0.00942345429211855,14,0,0,4,153.76150345383212,7.674222568682821
nsga2,5,1200,59,nsga2,20,20,20,0.05,1200,19,597407.2678571383,0.008569801226258278,618568.7321428522,0.00942345429211855,13,0,0,2,156.2505924978759,7.679970877654835
nsga2,5,1220,60,nsga2,20,20,20,0.05,1220,17,597407.2678571383,0.008569801226258278,618568.7321428522,0.00942345429211855,13,0,0,3,158.8553098589182,7.679944731362776
nsga2,5,1240,61,nsga2,20,20,20,0.05,1240,19,597407.2678571383,0.008548352867364883,619135.6964285664,0.00942345429211855,14,0,0,2,161.36440080986358,7.684470637740587
nsga2,5,1260,62,nsga2,20,20,20,0.05,1260,20,597407.2678571383,0.008548352867364883,619135.6964285664,0.00942345429211855,14,0,0,1,163.87193378200755,7.688931050732147
nsga2,5,1280,63,nsga2,20,20,20,0.05,1280,20,597407.2678571383,0.008548352867364883,619135.6964285664,0.00942345429211855,14,0,0,4,166.37571968184784,7.693430282060877
nsga2,5,1300,64,nsga2,20,20,20,0.05,1300,20,597407.2678571383,0.008548352867364883,619135.6964285664,0.00942345429211855,16,0,0,3,168.95911032287404,7.694169302358142
nsga2,5,1320,65,nsga2,20,20,20,0.05,1320,19,597407.2678571383,0.008548352867364883,619135.6964285664,0.00942345429211855,14,0,0,3,171.4546062699519,7.698830779277437
nsga2,5,1340,66,nsga2,20,20,20,0.05,1340,14,597407.2678571383,0.008548352867364883,619135.6964285664,0.00942345429211855,13,0,0,4,173.9785530178342,7.702098774569295
nsga2,5,1360,67,nsga2,20,20,20,0.05,1360,16,597407.2678571383,0.008548352867364883,619135.6964285664,0.00942345429211855,14,0,0,4,176.45049472502433,7.707544272513303
nsga2,5,1380,68,nsga2,20,20,20,0.05,1380,18,597407.2678571383,0.008548352867364883,619135.6964285664,0.00942345429211855,16,0,0,4,179.01670624990948,7.70877773872961
nsga2,5,1400,69,nsga2,20,20,20,0.05,1400,19,597407.2678571383,0.008548352867364883,619135.6964285664,0.00942345429211855,16,0,0,1,181.61101176589727,7.708783660126553
nsga2,5,1420,70,nsga2,20,20,20,0.05,1420,16,597407.2678571383,0.008502008393406868,619135.6964285664,0.00942345429211855,15,0,0,3,184.24269251688384,7.707225619653124
nsga2,5,1440,71,nsga2,20,20,20,0.05,1440,17,597407.2678571383,0.008502008393406868,619135.6964285664,0.00942345429211855,16,0,0,1,186.7965675368905,7.7089210952209495
nsga2,5,1460,72,nsga2,20,20,20,0.05,1460,19,597407.2678571383,0.008502008393406868,618378.0178571378,0.00942345429211855,17,0,0,6,189.34606454498135,7.7107491170124645
nsga2,5,1480,73,nsga2,20,20,20,0.05,1480,14,597407.2678571383,0.008502008393406868,618378.0178571378,0.00969974510371685,13,0,0,6,191.83721898985095,7.714874140655149
nsga2,5,1500,74,nsga2,20,20,20,0.05,1500,17,597407.2678571383,0.008497104980051517,618378.0178571378,0.00969974510371685,16,0,0,3,194.44557213201188,7.7142409752669945
nsga2,5,1520,75,nsga2,20,20,19,0.1,1520,20,597407.2678571383,0.00848037376999855,617344.3035714237,0.00942345429211855,15,0,0,5,196.9694301399868,7.7169335308516205
nsga2,5,1540,76,nsga2,20,20,19,0.1,1540,20,597407.2678571383,0.00848037376999855,617344.3035714237,0.00942345429211855,16,0,0,2,199.52676454093307,7.718262778145073
nsga2,5,1560,77,nsga2,20,20,19,0.1,1560,20,597407.2678571383,0.00848037376999855,617344.3035714237,0.00942345429211855,16,0,0,1,202.0890947538428,7.719367548754563
nsga2,5,1580,78,nsga2,20,20,19,0.1,1580,20,597407.2678571383,0.00848037376999855,617344.3035714237,0.00942345429211855,16,0,0,2,204.59909241599962,7.722419397577172
nsga2,5,1600,79,nsga2,20,20,20,0.05,1600,20,597407.2678571383,0.00848037376999855,617344.3035714237,0.00942345429211855,16,0,0,3,207.15276303584687,7.7237685684314386
nsga2,5,1620,80,nsga2,20,20,20,0.05,1620,20,597407.2678571383,0.00848037376999855,617344.3035714237,0.00942345429211855,16,0,0,1,209.695261930814,7.7254964422348085
nsga2,5,1640,81,nsga2,20,20,20,0.05,1640,16,597407.2678571383,0.00848037376999855,617344.3035714237,0.009585760533809662,14,0,0,5,212.24194430792704,7.727030608147079
nsga2,5,1660,82,nsga2,20,20,20,0.05,1660,18,597407.2678571383,0.00848037376999855,617357.9107142809,0.009507198818027973,15,0,0,5,214.8105494438205,7.727739649183945
nsga2,5,1680,83,nsga2,20,20,20,0.05,1680,20,597407.2678571383,0.00848037376999855,617344.3035714237,0.00942345429211855,16,0,0,5,217.24930835794657,7.733051086321439
nsga2,5,1700,84,nsga2,20,20,20,0.05,1700,20,597407.2678571383,0.00848037376999855,617344.3035714237,0.00942345429211855,18,0,0,2,219.75581892882474,7.735858865018732
nsga2,5,1720,85,nsga2,20,20,20,0.05,1720,19,597096.0178571384,0.00848037376999855,617344.3035714237,0.009506415575742722,18,0,0,4,222.39052652101964,7.734142397641345
nsga2,5,1740,86,nsga2,20,20,20,0.05,1740,20,597096.0178571384,0.00848037376999855,617344.3035714237,0.009506415575742722,18,0,0,2,224.91957161086611,7.736098675353953
nsga2,5,1760,87,nsga2,20,20,20,0.05,1760,20,597096.0178571384,0.00848037376999855,617344.3035714237,0.009506415575742722,18,0,0,0,227.34479646990076,7.741545121456143
nsga2,5,1780,88,nsga2,20,20,20,0.05,1780,20,597096.0178571384,0.00848037376999855,617344.3035714237,0.009506415575742722,19,0,0,3,229.88702102494426,7.742933864051674
nsga2,5,1800,89,nsga2,20,20,20,0.05,1800,20,597096.0178571384,0.00848037376999855,617344.3035714237,0.009506415575742722,19,0,0,0,232.36327916383743,7.74649078149235
nsga2,5,1820,90,nsga2,20,20,20,0.05,1820,20,597096.0178571384,0.00848037376999855,617344.3035714237,0.009506415575742722,20,0,0,1,234.9403632429894,7.746646744210772
nsga2,5,1840,91,nsga2,20,20,20,0.05,1840,20,597096.0178571384,0.00848037376999855,617344.3035714237,0.009506415575742722,20,0,0,3,237.43986220099032,7.749330642899631
nsga2,5,1860,92,nsga2,20,20,20,0.05,1860,20,597096.0178571384,0.00848037376999855,617344.3035714237,0.009506415575742722,22,0,0,1,239.97430478292517,7.750829830229158
nsga2,5,1880,93,nsga2,20,20,20,0.05,1880,17,594804.9464285669,0.00848037376999855,617344.3035714237,0.009506415575742722,18,0,0,3,242.5034103130456,7.752468295489634
nsga2,5,1900,94,nsga2,20,20,20,0.05,1900,14,594804.9464285669,0.008465084247291088,617344.3035714237,0.009506415575742722,15,0,0,6,245.19253296684474,7.7490124883082006
nsga2,5,1920,95,nsga2,20,20,20,0.05,1920,16,594804.9464285669,0.008465084247291088,617344.3035714237,0.009506415575742722,15,0,0,3,247.63312913198024,7.753405235923436
nsga2,5,1940,96,nsga2,20,20,20,0.05,1940,16,594804.9464285669,0.008465084247291088,617182.142857138,0.009506415575742722,15,0,0,2,250.14266228396446,7.755574288234338
nsga2,5,1960,97,nsga2,20,20,20,0.05,1960,18,594804.9464285669,0.008465084247291088,617182.142857138,0.009506415575742722,15,0,0,2,252.64051176188514,7.758059015678804
nsga2,5,1980,98,nsga2,20,20,18,0.1,1980,20,594804.9464285669,0.008465084247291088,614749.660714281,0.00929391197860241,15,0,0,4,255.13602847792208,7.760566047109012
nsga2,5,2000,99,nsga2,20,20,18,0.1,2000,20,594804.9464285669,0.008465084247291088,614749.660714281,0.00929391197860241,16,0,0,3,257.75479384395294,7.75931252402164
nsga2,5,2020,100,nsga2,20,20,18,0.1,2020,20,594804.9464285669,0.008465084247291088,614749.660714281,0.00929391197860241,16,0,0,1,260.2330363839865,7.762273491746036
nsga2,5,2040,101,nsga2,20,20,19,0.1,2040,20,594801.3035714241,0.008465084247291088,614749.660714281,0.009296574629843235,17,0,0,2,262.7705990469549,7.7634256168646525
nsga2,5,2060,102,nsga2,20,20,19,0.1,2060,20,594801.3035714241,0.008465084247291088,614749.660714281,0.009296574629843235,17,0,0,0,265.23314856085926,7.766751671793095
nsga2,5,2080,103,nsga2,20,20,19,0.1,2080,20,594801.3035714241,0.008465084247291088,614749.660714281,0.009296574629843235,19,0,0,3,267.768663933035,7.767899236036736
nsga2,5,2100,104,nsga2,20,20,19,0.1,2100,20,594801.3035714241,0.008465084247291088,614749.660714281,0.009296574629843235,20,0,0,2,270.50730784703046,7.763191378132866
nsga2,5,2120,105,nsga2,20,20,19,0.1,2120,19,594705.9464285669,0.008465084247291088,614822.5892857098,0.009304446168243885,20,0,0,4,272.9779687228147,7.766194502504614
nsga2,5,2140,106,nsga2,20,20,20,0.05,2140,20,594705.9464285669,0.008465083315968513,614855.0178571382,0.009304446168243885,22,0,0,3,275.6224664999172,7.764243703263728
nsga2,5,2160,107,nsga2,20,20,20,0.05,2160,20,594705.9464285669,0.008465083315968513,614855.0178571382,0.009295942261815071,22,0,0,2,278.18749529402703,7.764547424092565
nsga2,5,2180,108,nsga2,20,20,20,0.05,2180,20,594705.9464285669,0.008465083315968513,614855.0178571382,0.009295942261815071,22,0,0,0,280.60992713086307,7.768791440451613
nsga2,5,2200,109,nsga2,20,20,20,0.05,2200,20,594705.9464285669,0.008465083315968513,614855.0178571382,0.009295942261815071,23,0,0,3,283.0156107319053,7.773422795691695
nsga2,5,2220,110,nsga2,20,20,19,0.1,2220,20,594705.9464285669,0.008465083315968513,614855.0178571382,0.009295942261815071,23,0,0,2,285.54971190402284,7.7744781642300245
nsga2,5,2240,111,nsga2,20,20,20,0.05,2240,20,594705.9464285669,0.008465083315968513,614855.0178571382,0.009295942261815071,22,0,0,3,288.1561177549884,7.773563918933047
nsga2,5,2260,112,nsga2,20,20,20,0.05,2260,20,594705.9464285669,0.008465083315968513,614855.0178571382,0.009295942261815071,22,0,0,2,290.8478736898396,7.770385154715161
nsga2,5,2280,113,nsga2,20,20,20,0.05,2280,20,594705.9464285669,0.008465083315968513,614855.0178571382,0.009295942261815071,22,0,0,0,293.295108826831,7.773740275178509
nsga2,5,2300,114,nsga2,20,20,20,0.05,2300,20,594705.9464285669,0.008465083315968513,614855.0178571382,0.009295942261815071,22,0,0,2,295.9267776280176,7.772192899998793
nsga2,5,2320,115,nsga2,20,20,20,0.05,2320,20,594705.9464285669,0.008465083315968513,614855.0178571382,0.009295942261815071,22,0,0,2,298.66719673294574,7.767843356679159
nsga2,5,2340,116,nsga2,20,20,19,0.1,2340,20,594705.9464285669,0.008465083315968513,614855.0178571382,0.009295942261815071,22,0,0,1,301.2255593140144,7.768265101171753
nsga2,5,2360,117,nsga2,20,20,20,0.05,2360,20,594705.9464285669,0.008465083315968513,614855.0178571382,0.009295942261815071,22,0,0,2,303.7497546118684,7.769553601831248
nsga2,5,2380,118,nsga2,20,20,20,0.05,2380,20,594705.9464285669,0.008465083315968513,614855.0178571382,0.009295942261815071,24,0,0,3,306.24506077892147,7.771553911584957
nsga2,5,2400,119,nsga2,20,20,20,0.05,2400,20,594705.9464285669,0.008465083315968513,614855.0178571382,0.009295942261815071,23,0,0,2,308.87575102900155,7.770114656150701
nsga2,5,2420,120,nsga2,20,20,20,0.05,2420,20,594705.9464285669,0.008465083315968513,614855.0178571382,0.009295942261815071,22,0,0,3,311.3747482970357,7.7719854074083194
nsga2,5,2440,121,nsga2,20,20,20,0.05,2440,19,594705.9464285669,0.008465083315968513,614855.0178571382,0.00960057508200407,20,0,0,2,313.8186233630404,7.775191841235284
nsga2,5,2460,122,nsga2,20,20,20,0.05,2460,20,594705.9464285669,0.008465083315968513,614855.0178571382,0.009295942261815071,22,0,0,3,316.37421031389385,7.775602181857005
nsga2,5,2480,123,nsga2,20,20,20,0.05,2480,18,594705.9464285669,0.008465083315968513,614855.0178571382,0.00932533573359251,19,0,0,2,318.8891668978613,7.776996704294858
nsga2,5,2500,124,nsga2,20,20,20,0.05,2500,20,594705.9464285669,0.008465083315968513,614855.0178571382,0.009295942261815071,20,0,0,2,321.4608588949777,7.776996579284192
nsga2,5,2520,125,nsga2,20,20,20,0.05,2520,20,594705.9464285669,0.008465083315968513,614855.0178571382,0.009295942261815071,20,0,0,0,324.15820065303706,7.773981947466705
nsga2,5,2540,126,nsga2,20,20,20,0.05,2540,20,594705.9464285669,0.008465083315968513,614855.0178571382,0.009295942261815071,23,0,0,3,326.69863767689094,7.774749285952309
nsga2,5,2560,127,nsga2,20,20,20,0.05,2560,20,594705.9464285669,0.008465083315968513,614855.0178571382,0.009295942261815071,23,0,0,1,329.29426593286917,7.774201572407242
nsga2,5,2580,128,nsga2,20,20,20,0.05,2580,20,594705.9464285669,0.008465083315968513,614855.0178571382,0.009295942261815071,22,0,0,3,331.77402271400206,7.776377363408069
nsga2,5,2600,129,nsga2,20,20,20,0.05,2600,20,594705.9464285669,0.008465083315968513,614855.0178571382,0.009295942261815071,23,0,0,1,334.2807113749441,7.777894181527347
nsga2,5,2620,130,nsga2,20,20,20,0.05,2620,20,594705.9464285669,0.008465083315968513,614855.0178571382,0.009295942261815071,23,0,0,1,336.66972851892933,7.782107442584313
nsga2,5,2640,131,nsga2,20,20,19,0.1,2640,20,594705.9464285669,0.008465083315968513,614855.0178571382,0.009295942261815071,23,0,0,1,339.12833743100055,7.784663528853992
nsga2,5,2660,132,nsga2,20,20,19,0.1,2660,20,594705.9464285669,0.008465083315968513,614855.0178571382,0.009295942261815071,23,0,0,0,341.65652496088296,7.785596953854604
nsga2,5,2680,133,nsga2,20,20,19,0.1,2680,19,594705.9464285669,0.008446202613413334,614437.6964285668,0.009492702782154083,22,0,0,2,344.1420773228165,7.787481324133674
nsga2,5,2700,134,nsga2,20,20,19,0.1,2700,19,594705.9464285669,0.008446202613413334,614437.6964285668,0.009295942261815071,22,0,0,1,346.6539597159717,7.788747032378411
nsga2,5,2720,135,nsga2,20,20,19,0.1,2720,20,594705.9464285669,0.008446202613413334,614437.6964285668,0.009295942261815071,22,0,0,1,349.19872008194216,7.7892610813743275
nsga2,5,2740,136,nsga2,20,20,19,0.1,2740,20,594705.9464285669,0.008446202613413334,614437.6964285668,0.009295942261815071,20,0,0,5,351.62578049185686,7.792375167051935
nsga2,5,2760,137,nsga2,20,20,19,0.1,2760,20,594705.9464285669,0.008432638831436634,608629.124999996,0.009295942261815071,19,0,0,4,354.1949209780432,7.792319529536941
nsga2,5,2780,138,nsga2,20,20,19,0.1,2780,20,594705.9464285669,0.008432638831436634,608629.124999996,0.009295942261815071,19,1,0,0,356.6678651550319,7.791562603465998
nsga2,5,2800,139,nsga2,20,20,19,0.1,2800,20,594705.9464285669,0.008432638831436634,608629.124999996,0.009295942261815071,19,1,0,0,359.0748688769527,7.795031740188862
nsga2,5,2820,140,nsga2,20,20,19,0.1,2820,20,594705.9464285669,0.008432638831436634,608629.124999996,0.009295942261815071,19,1,0,0,361.67904289695434,7.794203328510684
nsga2,5,2840,141,nsga2,20,20,19,0.1,2840,20,594705.9464285669,0.008432638831436634,608629.124999996,0.009295942261815071,19,1,0,1,364.1326539958827,7.796609199547649
nsga2,5,2860,142,nsga2,20,20,19,0.1,2860,20,594705.9464285669,0.008432638831436634,608629.124999996,0.009295942261815071,20,1,0,2,366.6648828969337,7.797310659836601
nsga2,5,2880,143,nsga2,20,20,20,0.05,2880,20,594705.9464285669,0.008432638831436634,608629.124999996,0.009295942261815071,21,1,0,3,369.3264160710387,7.795272351832624
nsga2,5,2900,144,nsga2,20,20,20,0.05,2900,20,594705.9464285669,0.008432638831436634,608629.124999996,0.009295942261815071,21,1,0,0,371.75077112787403,7.798235337090419
nsga2,5,2920,145,nsga2,20,20,20,0.05,2920,20,594705.9464285669,0.008432638831436634,608629.124999996,0.009295942261815071,21,1,0,1,374.2369632809423,7.799870901070471
nsga2,5,2940,146,nsga2,20,20,20,0.05,2940,20,594705.9464285669,0.008432638831436634,608629.124999996,0.009295942261815071,22,1,0,2,376.76796068204567,7.800557124548658
nsga2,5,2960,147,nsga2,20,20,20,0.05,2960,20,594705.9464285669,0.008432638831436634,608629.124999996,0.009295942261815071,23,1,0,1,379.3315943859052,7.800563000269686
nsga2,5,2980,148,nsga2,20,20,20,0.05,2980,20,594705.9464285669,0.008432638831436634,608629.124999996,0.009295942261815071,24,1,0,0,381.83130916394293,7.801874619770737
nsga2,5,3000,149,nsga2,20,20,20,0.05,3000,20,594705.9464285669,0.008432638831436634,608629.124999996,0.009295942261815071,25,1,0,1,384.43099936284125,7.801139879381643
nsga2,5,3020,150,nsga2,20,20,20,0.05,3020,19,594705.9464285669,0.008432638831436634,608629.124999996,0.009467590600252151,23,1,0,2,386.85505029093474,7.8039565406463165
nsga2,5,3040,151,nsga2,20,20,20,0.05,3040,19,594009.7321428527,0.008432638831436634,608629.124999996,0.009366792626678944,22,1,0,3,389.34277920401655,7.805461311528669
nsga2,5,3060,152,nsga2,20,20,20,0.05,3060,20,594009.7321428527,0.008432638831436634,608629.124999996,0.009366792626678944,23,1,0,1,391.8108245700132,7.80733917537131
nsga2,5,3080,153,nsga2,20,20,20,0.05,3080,20,594009.7321428527,0.008432638831436634,608629.124999996,0.009366792626678944,25,1,0,2,394.0946366719436,7.8128442092021
nsga2,5,3100,154,nsga2,20,20,20,0.05,3100,20,594009.7321428527,0.008421257138252258,608533.7678571389,0.009366792626678944,25,1,0,2,396.9315801949706,7.80739088201999
nsga2,5,3120,155,nsga2,20,20,20,0.05,3120,20,594009.7321428527,0.008421257138252258,608533.7678571389,0.009366792626678944,25,1,0,0,399.2909567968454,7.811346455279003
nsga2,5,3140,156,nsga2,20,20,20,0.05,3140,20,594009.7321428527,0.008421257138252258,608533.7678571389,0.009366792626678944,24,1,0,1,402.1522765289992,7.8055010084560505
nsga2,5,3160,157,nsga2,20,20,20,0.05,3160,19,594009.7321428527,0.008421257138252258,608533.7678571389,0.009370951913297176,23,1,0,2,404.6663697529584,7.806430768952985
nsga2,5,3180,158,nsga2,20,20,20,0.05,3180,17,594009.7321428527,0.008421257138252258,614944.0714285668,0.009370951913297176,21,1,0,3,407.29060061182827,7.805237820918369
nsga2,5,3200,159,nsga2,20,20,20,0.05,3200,18,594009.7321428527,0.008421257138252258,608533.7678571389,0.009370951913297176,21,1,0,2,409.8287769248709,7.805698818915381
nsga2,5,3220,160,nsga2,20,20,19,0.1,3220,20,594009.7321428527,0.008421257138252258,608533.7678571389,0.009366792626678944,22,1,0,3,412.5890760868788,7.801951594380497
nsga2,5,3240,161,nsga2,20,20,19,0.1,3240,20,594009.7321428527,0.008421257138252258,608533.7678571389,0.009366792626678944,22,1,0,0,415.34015608602203,7.798427271089972
nsga2,5,3260,162,nsga2,20,20,19,0.1,3260,20,594009.7321428527,0.008421257138252258,608533.7678571389,0.009366792626678944,23,1,0,3,417.7939108859282,7.800496644600013
nsga2,5,3280,163,nsga2,20,20,19,0.1,3280,20,594009.7321428527,0.008421257138252258,608533.7678571389,0.009366792626678944,26,1,0,3,420.4132524218876,7.799468692079908
nsga2,5,3300,164,nsga2,20,20,19,0.1,3300,20,594009.7321428527,0.008421257138252258,608533.7678571389,0.009366792626678944,26,1,0,1,423.0093597988598,7.798881806229225
nsga2,5,3320,165,nsga2,20,20,19,0.1,3320,20,594009.7321428527,0.008421257138252258,608533.7678571389,0.009366792626678944,26,1,0,0,425.6155181899667,7.798117921345662
nsga2,5,3340,166,nsga2,20,20,19,0.1,3340,20,594009.7321428527,0.008421257138252258,608533.7678571389,0.009366792626678944,26,1,0,2,428.11434963694774,7.79931810935924
nsga2,5,3360,167,nsga2,20,20,20,0.05,3360,20,594009.7321428527,0.008421257138252258,608533.7678571389,0.009366792626678944,28,1,0,4,430.79688355885446,7.797178039569316
nsga2,5,3380,168,nsga2,20,20,20,0.05,3380,20,593284.9821428526,0.008421257138252258,608533.7678571389,0.009346005506813526,26,1,0,5,433.16850248584524,7.800659513812218
nsga2,5,3400,169,nsga2,20,20,20,0.05,3400,20,593284.9821428526,0.008421257138252258,608533.7678571389,0.009346005506813526,26,1,0,1,435.59770966600627,7.803071330669248
nsga2,5,3420,170,nsga2,20,20,20,0.05,3420,20,593284.9821428526,0.008421257138252258,608533.7678571389,0.009346005506813526,26,1,0,1,437.99228157196194,7.806073631546997
nsga2,5,3440,171,nsga2,20,20,20,0.05,3440,20,593284.9821428526,0.008421257138252258,608533.7678571389,0.009346005506813526,26,1,0,1,440.77218493190594,7.802216468199518
nsga2,5,3460,172,nsga2,20,20,19,0.1,3460,20,593284.9821428526,0.008421257138252258,608533.7678571389,0.009346005506813526,26,1,0,2,443.2487830109894,7.80374393022133
nsga2,5,3480,173,nsga2,20,20,20,0.05,3480,20,593284.8749999956,0.008421257138252258,608533.7678571389,0.009370232000946999,27,1,0,3,445.7595464340411,7.804656182534021
nsga2,5,3500,174,nsga2,20,20,20,0.05,3500,20,593284.8749999956,0.008421257138252258,608533.7678571389,0.009370232000946999,25,1,0,5,448.2362726428546,7.806150937695153
nsga2,5,3520,175,nsga2,20,20,20,0.05,3520,20,593284.8749999956,0.008421257138252258,608533.7678571389,0.009370232000946999,26,1,0,2,450.75064006703906,7.806977266802389
nsga2,5,3540,176,nsga2,20,20,20,0.05,3540,19,593049.3035714241,0.008421257138252258,608533.7678571389,0.009370232000946999,25,1,0,1,453.06758319283836,7.811196676354799
nsga2,5,3560,177,nsga2,20,20,20,0.05,3560,20,593049.3035714241,0.008421257138252258,608533.7678571389,0.009316140785813332,26,1,0,1,455.5726810230408,7.812145346397542
nsga2,5,3580,178,nsga2,20,20,19,0.1,3580,20,593049.3035714241,0.008421257138252258,608533.7678571389,0.009316140785813332,26,1,0,2,458.0988504218403,7.8127242552656
nsga2,5,3600,179,nsga2,20,20,19,0.1,3600,20,593049.3035714241,0.008421257138252258,608533.7678571389,0.009316140785813332,26,1,0,0,460.7395047759637,7.811355359575748
nsga2,5,3620,180,nsga2,20,20,20,0.05,3620,20,593049.3035714241,0.008421257138252258,608533.7678571389,0.009316140785813332,24,1,0,2,463.343328775838,7.810622869139969
nsga2,5,3640,181,nsga2,20,20,20,0.05,3640,18,593049.3035714241,0.008421257138252258,608533.7678571389,0.009316140785813332,22,1,0,3,465.9744497470092,7.809441058357849
nsga2,5,3660,182,nsga2,20,20,20,0.05,3660,18,593049.3035714241,0.008421257138252258,612062.6249999957,0.009316140785813332,22,1,0,1,468.4897654009983,7.810202634561551
nsga2,5,3680,183,nsga2,20,20,20,0.05,3680,18,593049.3035714241,0.008421257138252258,608533.7678571389,0.009316140785813332,18,1,0,3,471.036725968821,7.810431325568278
nsga2,5,3700,184,nsga2,20,20,20,0.05,3700,19,593049.3035714241,0.008421257138252258,608533.7678571389,0.009316140785813332,19,1,0,1,473.6067813048139,7.810276681024377
nsga2,5,3720,185,nsga2,20,20,19,0.1,3720,20,593049.3035714241,0.008421257138252258,608533.7678571389,0.00931475032120943,19,1,0,3,476.1180401779711,7.811088188571581
nsga2,5,3740,186,nsga2,20,20,17,0.1,3740,20,592810.6428571384,0.008421257138252258,608533.7678571389,0.009318753145635128,20,1,0,3,478.64233197597787,7.811678470987504
nsga2,5,3760,187,nsga2,20,20,17,0.1,3760,20,592810.6428571384,0.008421257138252258,608533.7678571389,0.009318753145635128,20,1,0,0,481.20845130085945,7.811583503652581
nsga2,5,3780,188,nsga2,20,20,17,0.1,3780,20,592810.6428571384,0.008421257138252258,608533.7678571389,0.009318753145635128,20,1,0,0,483.7406165418215,7.812037837582094
nsga2,5,3800,189,nsga2,20,20,17,0.1,3800,20,592810.6428571384,0.008421257138252258,608533.7678571389,0.009318753145635128,21,1,0,2,486.2279083749745,7.8132084451850226
nsga2,5,3820,190,nsga2,20,20,17,0.1,3820,20,592810.6428571384,0.008421257138252258,608533.7678571389,0.009318753145635128,21,1,0,1,488.7076039649546,7.814488600168909
nsga2,5,3840,191,nsga2,20,20,17,0.1,3840,20,592810.6428571384,0.008421257138252258,608533.7678571389,0.009318753145635128,21,1,0,2,491.26973032881506,7.814444414131709
nsga2,5,3860,192,nsga2,20,20,17,0.1,3860,20,592810.6428571384,0.008421257138252258,608533.7678571389,0.009318753145635128,21,1,0,2,493.8299155810382,7.81443140288396
nsga2,5,3880,193,nsga2,20,20,17,0.1,3880,20,592810.6428571384,0.008421257138252258,608533.7678571389,0.009318753145635128,21,1,0,1,496.4052429490257,7.8141801584443025
nsga2,5,3900,194,nsga2,20,20,17,0.1,3900,20,592810.6428571384,0.008421257138252258,608533.7678571389,0.009318753145635128,22,1,0,0,498.9136331609916,7.814979869956478
nsga2,5,3920,195,nsga2,20,20,18,0.1,3920,20,592810.6428571384,0.008421257138252258,608533.7678571389,0.009318753145635128,22,1,0,1,501.5360842579976,7.813994093362201
nsga2,5,3940,196,nsga2,20,20,18,0.1,3940,20,592810.6428571384,0.008421257138252258,608533.7678571389,0.009318753145635128,22,1,0,1,503.9966276809573,7.815528485030831
nsga2,5,3960,197,nsga2,20,20,18,0.1,3960,20,592810.6428571384,0.008421257138252258,608533.7678571389,0.009318753145635128,20,1,0,4,506.48928359593265,7.8165523501152965
nsga2,5,3980,198,nsga2,20,20,18,0.1,3980,20,592199.6785714241,0.008421257138252258,608533.7678571389,0.009300095960497856,18,1,0,6,508.92319470783696,7.818468565348584
nsga2,5,4000,199,nsga2,20,20,18,0.1,4000,19,592199.6785714241,0.008421257138252258,608533.7678571389,0.009409057907760143,17,1,0,2,511.50366632896475,7.818125779431094
nsga2,5,4020,200,nsga2,20,20,18,0.1,4020,19,592199.6785714241,0.008421257138252258,608533.7678571389,0.009300095960497856,16,1,0,5,514.004256227985,7.819001401843226
nsga2,5,4040,201,nsga2,20,20,18,0.1,4040,19,592199.6785714241,0.008421257138252258,608723.7321428531,0.009300095960497856,16,1,0,1,516.6577415168285,7.817554399053638
nsga2,5,4060,202,nsga2,20,20,18,0.1,4060,19,592199.6785714241,0.008421257138252258,608723.7321428531,0.009300095960497856,16,1,0,0,519.1289414039347,7.81886671358145
nsga2,5,4080,203,nsga2,20,20,18,0.1,4080,19,592199.6785714241,0.00841807946562767,608533.7678571389,0.009298400022089481,17,1,0,4,521.6458732089959,7.819481010953499
nsga2,5,4100,204,nsga2,20,20,20,0.05,4100,12,592199.6785714241,0.00841807946562767,608533.7678571389,0.009298400022089481,10,1,0,6,524.2009119999129,7.819520924451732
nsga2,5,4120,205,nsga2,20,20,20,0.05,4120,15,592199.6785714241,0.00841807946562767,608533.7678571389,0.009298400022089481,10,1,0,4,526.7142843038309,7.820179028264188
nsga2,5,4140,206,nsga2,20,20,19,0.1,4140,11,592199.6785714241,0.008414868265390396,608331.9464285675,0.009298400022089481,10,1,0,5,529.2809055480175,7.820044057161819
nsga2,5,4160,207,nsga2,20,20,20,0.05,4160,12,589417.9999999959,0.008414868265390396,608331.9464285675,0.009298400022089481,8,1,0,6,531.7415209808387,7.821469334063663
nsga2,5,4180,208,nsga2,20,20,20,0.05,4180,14,589417.9999999959,0.008414868265390396,608331.9464285675,0.009298400022089481,8,1,0,6,534.2529404938687,7.822137574267521
nsga2,5,4200,209,nsga2,20,20,20,0.05,4200,20,589417.9999999959,0.0083985086530447,608208.017857139,0.009087358601391315,10,1,0,7,536.7489449810237,7.82302422624874
nsga2,5,4220,210,nsga2,20,20,20,0.05,4220,20,589417.9999999959,0.0083985086530447,608208.017857139,0.009087358601391315,13,1,0,5,539.2553556819912,7.823751689335139
nsga2,5,4240,211,nsga2,20,20,19,0.1,4240,20,589417.9999999959,0.0083985086530447,608208.017857139,0.009087358601391315,14,1,0,2,541.7791765090078,7.824220981164862
nsga2,5,4260,212,nsga2,20,20,19,0.1,4260,20,589417.9999999959,0.0083985086530447,608208.017857139,0.009087358601391315,15,1,0,2,544.262940421002,7.825261805820453
nsga2,5,4280,213,nsga2,20,20,20,0.05,4280,20,589417.9999999959,0.0083985086530447,608208.017857139,0.009087358601391315,17,1,0,3,546.6645711509045,7.827469029118405
nsga2,5,4300,214,nsga2,20,20,20,0.05,4300,20,589417.9999999959,0.0083985086530447,608208.017857139,0.009087358601391315,17,1,0,0,549.2218516918365,7.827438013905045
nsga2,5,4320,215,nsga2,20,20,20,0.05,4320,20,589417.9999999959,0.0083985086530447,608208.017857139,0.009087358601391315,17,1,0,2,551.8292671928648,7.826696148195608
nsga2,5,4340,216,nsga2,20,20,20,0.05,4340,20,589417.9999999959,0.0083985086530447,608208.017857139,0.009087358601391315,19,1,0,5,554.2023347208742,7.829270517572524
nsga2,5,4360,217,nsga2,20,20,20,0.05,4360,20,589417.9999999959,0.008395792916417122,608254.374999996,0.009087358601391315,18,1,0,4,556.7252440380398,7.829715010555834
nsga2,5,4380,218,nsga2,20,20,20,0.05,4380,19,589417.9999999959,0.008393984287977219,615671.1249999953,0.009087358601391315,18,1,0,5,559.1779500679113,7.831138548056441
nsga2,5,4400,219,nsga2,20,20,20,0.05,4400,20,589417.9999999959,0.008393984287977219,609822.2678571388,0.009087358601391315,19,1,0,3,561.6128915098961,7.832797406365245
nsga2,5,4420,220,nsga2,20,20,20,0.05,4420,20,589417.9999999959,0.008393984287977219,609822.2678571388,0.009087358601391315,21,1,0,5,564.0677108408418,7.8341658546856126
nsga2,5,4440,221,nsga2,20,20,20,0.05,4440,20,589417.9999999959,0.008393984287977219,609822.2678571388,0.009087358601391315,22,1,0,2,566.6691096490249,7.833495640426495
nsga2,5,4460,222,nsga2,20,20,20,0.05,4460,20,589417.9999999959,0.008393984287977219,609822.2678571388,0.009087358601391315,24,1,0,3,569.1988699499052,7.833817379842011
nsga2,5,4480,223,nsga2,20,20,20,0.05,4480,20,589417.9999999959,0.008393984287977219,609822.2678571388,0.009087358601391315,25,1,0,4,571.7198564969003,7.83425649660689
nsga2,5,4500,224,nsga2,20,20,20,0.05,4500,20,589417.9999999959,0.008393984287977219,609822.2678571388,0.009087358601391315,26,1,0,3,574.1639868619386,7.835740490428588
nsga2,5,4520,225,nsga2,20,20,20,0.05,4520,20,589417.9999999959,0.008393984287977219,609822.2678571388,0.009087358601391315,25,1,0,4,576.6545690270141,7.836580585193112
nsga2,5,4540,226,nsga2,20,20,20,0.05,4540,18,589417.9999999959,0.008393984287977219,610776.9821428529,0.009087358601391315,23,1,0,2,579.3277700748295,7.8349429018631636
nsga2,5,4560,227,nsga2,20,20,20,0.05,4560,17,589417.9999999959,0.008393984287977219,610776.9821428529,0.009087358601391315,20,1,0,2,581.7986017509829,7.836044958305536
nsga2,5,4580,228,nsga2,20,20,20,0.05,4580,17,589274.4285714244,0.008393984287977219,609822.2678571388,0.009087358601391315,20,1,0,4,584.2924302369356,7.836829236591643
nsga2,5,4600,229,nsga2,20,20,20,0.05,4600,20,589274.4285714244,0.008393984287977219,609822.2678571388,0.009086566977202892,20,1,0,4,586.8665729048662,7.83653425213148
nsga2,5,4620,230,nsga2,20,20,20,0.05,4620,20,589274.4285714244,0.008393984287977219,609822.2678571388,0.00908619537949562,21,1,0,5,589.302541497862,7.838079211841916
nsga2,5,4640,231,nsga2,20,20,20,0.05,4640,20,589274.4285714244,0.008393984287977219,609822.2678571388,0.00908619537949562,22,1,0,2,591.7558549379464,7.8393816660867035
nsga2,5,4660,232,nsga2,20,20,20,0.05,4660,20,589274.4285714244,0.008393984287977219,609822.2678571388,0.00908619537949562,23,1,0,1,594.2379416988697,7.8402937158141786
nsga2,5,4680,233,nsga2,20,20,20,0.05,4680,20,589274.4285714244,0.008393984287977219,609822.2678571388,0.00908619537949562,23,1,0,3,596.8171612890437,7.839922012118414
nsga2,5,4700,234,nsga2,20,20,20,0.05,4700,20,589274.4285714244,0.008393984287977219,609822.2678571388,0.00908619537949562,23,1,0,3,599.4160045669414,7.839296855937096
nsga2,5,4720,235,nsga2,20,20,20,0.05,4720,20,589274.4285714244,0.008393984287977219,609822.2678571388,0.00908619537949562,23,1,0,1,601.9285057999659,7.839801495575336
nsga2,5,4740,236,nsga2,20,20,20,0.05,4740,20,589274.4285714244,0.008393984287977219,609822.2678571388,0.00908619537949562,23,1,0,0,604.4925701539032,7.839633163387691
nsga2,5,4760,237,nsga2,20,20,20,0.05,4760,20,589274.4285714244,0.008393984287977219,609822.2678571388,0.00908619537949562,23,1,0,0,607.0027808169834,7.84016177585664
nsga2,5,4780,238,nsga2,20,20,20,0.05,4780,20,589274.4285714244,0.008393984287977219,609822.2678571388,0.00908619537949562,24,1,0,2,609.4719813428819,7.841213618171874
nsga2,5,4800,239,nsga2,20,20,20,0.05,4800,20,588655.5714285675,0.008393984287977219,609822.2678571388,0.009092509746551514,25,1,0,2,611.8659403990023,7.843221338436548
nsga2,5,4820,240,nsga2,20,20,20,0.05,4820,20,588655.5714285675,0.00838545709848404,610203.9107142815,0.009092509746551514,26,1,0,3,614.4602236649953,7.842655739791754
nsga2,5,4840,241,nsga2,20,20,20,0.05,4840,20,588655.5714285675,0.00838545709848404,610203.9107142815,0.009092509746551514,27,1,0,2,616.9706605370156,7.843160638770246
nsga2,5,4860,242,nsga2,20,20,20,0.05,4860,20,588655.5714285675,0.00838545709848404,610203.9107142815,0.009092509746551514,30,1,0,4,619.418282025028,7.844456873495492
nsga2,5,4880,243,nsga2,20,20,20,0.05,4880,20,588655.5714285675,0.00838545709848404,610203.9107142815,0.009092509746551514,29,1,0,3,621.8768744668923,7.845604492340308
nsga2,5,4900,244,nsga2,20,20,20,0.05,4900,20,588655.5714285675,0.00838545709848404,610203.9107142815,0.009092509746551514,30,1,0,3,624.4666107909288,7.845095182583242
nsga2,5,4920,245,nsga2,20,20,19,0.1,4920,20,588560.1071428532,0.00838545709848404,610203.9107142815,0.009090328589081764,30,1,0,3,627.1669992988463,7.843206044800336
nsga2,5,4940,246,nsga2,20,20,19,0.1,4940,20,588560.1071428532,0.00838545709848404,610203.9107142815,0.009090328589081764,31,1,0,3,629.6013907720335,7.844645949628019
nsga2,5,4960,247,nsga2,20,20,19,0.1,4960,20,588560.1071428532,0.00838545709848404,610203.9107142815,0.009090328589081764,31,1,0,2,632.1360862238798,7.844829789140848
nsga2,5,4980,248,nsga2,20,20,19,0.1,4980,20,588560.1071428532,0.008371992968022823,610972.08928571,0.009090328589081764,32,1,0,2,634.7772770279553,7.843696017777787
nsga2,5,5000,249,nsga2,20,20,19,0.1,5000,20,588560.1071428532,0.008371992968022823,610972.08928571,0.009090328589081764,33,1,0,1,637.338026080979,7.843561493951777
nsga2,5,5020,250,nsga2,20,20,19,0.1,5020,20,588560.1071428532,0.008371992968022823,610972.08928571,0.009090328589081764,34,1,0,1,639.9172191410325,7.843201979682709
nsga2,5,5040,251,nsga2,20,20,19,0.1,5040,20,588560.1071428532,0.008371992968022823,610972.08928571,0.009090328589081764,34,1,0,0,642.415723048849,7.843830434419234
nsga2,5,5060,252,nsga2,20,20,20,0.05,5060,20,588560.1071428532,0.008371992968022823,610972.08928571,0.009090328589081764,35,1,0,2,645.0325671338942,7.843014845713776
nsga2,5,5080,253,nsga2,20,20,20,0.05,5080,20,588560.1071428532,0.008371992968022823,610972.08928571,0.009090328589081764,35,1,0,1,647.6263290899806,7.842485352837359
nsga2,5,5100,254,nsga2,20,20,20,0.05,5100,17,588560.1071428532,0.008371992968022823,611162.6964285672,0.009090328589081764,28,1,0,4,650.103902739007,7.8433616203763385
nsga2,5,5120,255,nsga2,20,20,20,0.05,5120,17,588560.1071428532,0.008371992968022823,611162.6964285672,0.009090328589081764,28,1,0,0,652.9445098829456,7.839869885601292
nsga2,5,5140,256,nsga2,20,20,20,0.05,5140,16,587653.7857142818,0.008371992968022823,611162.6964285672,0.009090328589081764,27,1,0,2,655.6249105439056,7.838323281122269
nsga2,5,5160,257,nsga2,20,20,20,0.05,5160,16,587653.7857142818,0.008371992968022823,610972.08928571,0.009090328589081764,26,1,0,3,658.2314106449485,7.837669118441351
nsga2,5,5180,258,nsga2,20,20,20,0.05,5180,16,587653.7857142818,0.008371992968022823,610972.08928571,0.009090328589081764,26,1,0,1,660.8039057818241,7.837423409101242
nsga2,5,5200,259,nsga2,20,20,20,0.05,5200,18,587653.7857142818,0.008371992968022823,610972.08928571,0.009090328589081764,27,1,0,2,663.5350851130206,7.835305346535593
nsga2,5,5220,260,nsga2,20,20,20,0.05,5220,20,587653.7857142818,0.008371992968022823,610972.08928571,0.008983196690678596,28,1,0,3,666.0404123929329,7.835860862029843
nsga2,5,5240,261,nsga2,20,20,20,0.05,5240,20,587653.7857142818,0.008371992968022823,610972.08928571,0.008983196690678596,31,1,0,5,668.4697493340354,7.837303042088839
nsga2,5,5260,262,nsga2,20,20,20,0.05,5260,20,587653.7857142818,0.008371992968022823,610972.08928571,0.008983196690678596,30,1,0,2,671.0424808410462,7.837059724458384
nsga2,5,5280,263,nsga2,20,20,20,0.05,5280,20,587653.7857142818,0.008371992968022823,610972.08928571,0.008983196690678596,30,1,0,2,673.6463021209929,7.83645658467794
nsga2,5,5300,264,nsga2,20,20,20,0.05,5300,20,587653.7857142818,0.008371992968022823,610972.08928571,0.008983196690678596,30,1,0,3,676.1744546110276,7.836734978472787
nsga2,5,5320,265,nsga2,20,20,20,0.05,5320,20,587653.7857142818,0.008371992968022823,610972.08928571,0.008983196690678596,30,1,0,1,678.6873507238925,7.837187468319129
nsga2,5,5340,266,nsga2,20,20,20,0.05,5340,20,587653.7857142818,0.008371992968022823,610972.08928571,0.008983196690678596,28,1,0,2,681.1841559309978,7.837821760112734
nsga2,5,5360,267,nsga2,20,20,20,0.05,5360,20,587653.7857142818,0.008371992968022823,610972.08928571,0.008983196690678596,25,1,0,3,683.743628073018,7.837733003966955
nsga2,5,5380,268,nsga2,20,20,20,0.05,5380,20,587653.7857142818,0.008371992968022823,610972.08928571,0.008983196690678596,25,1,0,1,686.339898829814,7.837224688774484
nsga2,5,5400,269,nsga2,20,20,19,0.1,5400,20,587558.3214285675,0.008371992968022823,610972.08928571,0.008981015533208847,25,1,0,3,689.0001951528247,7.835991975013108
nsga2,5,5420,270,nsga2,20,20,20,0.05,5420,20,587558.3214285675,0.008371992968022823,610972.08928571,0.008981015533208847,25,1,0,3,691.5075211238582,7.836501895442703
nsga2,5,5440,271,nsga2,20,20,20,0.05,5440,20,587558.3214285675,0.008371992968022823,610972.08928571,0.008981015533208847,25,1,0,1,694.0429798760451,7.836690461117258
nsga2,5,5460,272,nsga2,20,20,20,0.05,5460,20,587558.3214285675,0.008371992968022823,610972.08928571,0.008981015533208847,25,1,0,0,696.5837731310166,7.836817638548761
nsga2,5,5480,273,nsga2,20,20,20,0.05,5480,20,587558.3214285675,0.008371992968022823,610972.08928571,0.008981015533208847,24,1,0,1,699.1869756609667,7.836244367710802
nsga2,5,5500,274,nsga2,20,20,20,0.05,5500,20,587558.3214285675,0.008371992968022823,610972.08928571,0.008981015533208847,24,1,0,0,701.7670523410197,7.835933564643602
nsga2,5,5520,275,nsga2,20,20,20,0.05,5520,20,587558.3214285675,0.008371992968022823,610972.08928571,0.008981015533208847,25,1,0,2,704.3309657350183,7.835804853816899
nsga2,5,5540,276,nsga2,20,20,20,0.05,5540,20,587558.3214285675,0.008371992968022823,610972.08928571,0.008981015533208847,26,1,0,3,706.8335804338567,7.836356609713059
nsga2,5,5560,277,nsga2,20,20,19,0.1,5560,20,587558.3214285675,0.008371992968022823,610972.08928571,0.008981015533208847,25,1,0,3,709.3772974899039,7.836450390603482
nsga2,5,5580,278,nsga2,20,20,19,0.1,5580,20,587558.3214285675,0.008371992968022823,610972.08928571,0.008981015533208847,25,1,0,2,711.9164658638183,7.83659357173402
nsga2,5,5600,279,nsga2,20,20,19,0.1,5600,20,587558.3214285675,0.008371992968022823,610972.08928571,0.008981015533208847,25,1,0,3,714.5206337838899,7.836022831628181
nsga2,5,5620,280,nsga2,20,20,19,0.1,5620,20,587558.3214285675,0.008371992968022823,610972.08928571,0.008981015533208847,25,1,0,1,717.0141749200411,7.836665154669517
nsga2,5,5640,281,nsga2,20,20,19,0.1,5640,20,587558.3214285675,0.008371992968022823,610972.08928571,0.008981015533208847,25,1,0,3,719.5357496368233,7.83699767919275
nsga2,5,5660,282,nsga2,20,20,19,0.1,5660,19,581923.4107142824,0.008371992968022823,610972.08928571,0.008981015533208847,25,1,0,3,722.0148268968333,7.8377891826985975
nsga2,5,5680,283,nsga2,20,20,19,0.1,5680,20,581923.4107142824,0.008371992968022823,610972.08928571,0.008932664059102535,25,1,0,1,724.5043945808429,7.838461771216097
nsga2,5,5700,284,nsga2,20,20,19,0.1,5700,20,581923.4107142824,0.008371992968022823,610972.08928571,0.008932664059102535,25,1,0,2,727.0601683019195,7.838415922729286
nsga2,5,5720,285,nsga2,20,20,19,0.1,5720,20,581923.4107142824,0.008371992968022823,610972.08928571,0.008932664059102535,25,1,0,2,729.5871564608533,7.838679655138445
nsga2,5,5740,286,nsga2,20,20,19,0.1,5740,20,581923.4107142824,0.008371992968022823,610972.08928571,0.008932664059102535,25,1,0,3,732.0841103978455,7.839263164557942
nsga2,5,5760,287,nsga2,20,20,19,0.1,5760,20,581923.4107142824,0.008371992968022823,610972.08928571,0.008932664059102535,25,1,0,0,734.6037131040357,7.839600994753482
nsga2,5,5780,288,nsga2,20,20,19,0.1,5780,20,581923.4107142824,0.008371992968022823,610972.08928571,0.008932664059102535,26,1,0,2,737.2409682979342,7.838685380360723
nsga2,5,5800,289,nsga2,20,20,18,0.1,5800,20,581923.4107142824,0.008371992968022823,610972.08928571,0.008932664059102535,26,1,0,2,739.7618600840215,7.839009163491282
nsga2,5,5820,290,nsga2,20,20,18,0.1,5820,20,581923.4107142824,0.008371992968022823,610972.08928571,0.008932664059102535,26,1,0,0,742.3154164040461,7.838985788802058
nsga2,5,5840,291,nsga2,20,20,18,0.1,5840,20,581923.4107142824,0.008371992968022823,610972.08928571,0.008932664059102535,26,1,0,2,744.853718866827,7.839123108471664
nsga2,5,5860,292,nsga2,20,20,18,0.1,5860,20,581923.4107142824,0.008371992968022823,610972.08928571,0.008932664059102535,26,1,0,1,747.3328983578831,7.839879674605519
nsga2,5,5880,293,nsga2,20,20,18,0.1,5880,20,581923.4107142824,0.008371992968022823,610972.08928571,0.008932664059102535,26,1,0,1,749.8744311828632,7.8399792758987354
nsga2,5,5900,294,nsga2,20,20,18,0.1,5900,20,581923.4107142824,0.008371992968022823,610972.08928571,0.008932664059102535,26,1,0,1,752.3301654928364,7.840972315839128
nsga2,5,5920,295,nsga2,20,20,18,0.1,5920,20,581923.4107142824,0.008371992968022823,610972.08928571,0.008932664059102535,26,1,0,1,754.8636449750047,7.841151232281152
nsga2,5,5940,296,nsga2,20,20,19,0.1,5940,20,581923.4107142824,0.008365713059902191,610590.1249999957,0.008932664059102535,26,1,0,5,757.3604069720022,7.841709106163441
nsga2,5,5960,297,nsga2,20,20,20,0.05,5960,20,581923.4107142824,0.008365713059902191,610590.1249999957,0.008932664059102535,25,1,0,3,759.8253201369662,7.842592030133755
nsga2,5,5980,298,nsga2,20,20,20,0.05,5980,20,581923.4107142824,0.008365713059902191,610590.1249999957,0.008932664059102535,25,1,0,0,762.378570375964,7.842560418574566
nsga2,5,6000,299,nsga2,20,20,20,0.05,6000,20,581923.4107142824,0.008365713059902191,610590.1249999957,0.008932664059102535,25,1,0,0,764.8891742490232,7.842966277944626
nsga2,5,6020,300,nsga2,20,20,20,0.05,6020,20,581923.4107142824,0.008365713059902191,610590.1249999957,0.008932664059102535,25,1,0,0,767.4347906848416,7.8430116448444815
nsga2,5,6040,301,nsga2,20,20,20,0.05,6040,20,581923.4107142824,0.008365713059902191,610590.1249999957,0.008932664059102535,25,1,0,1,769.9639022848569,7.843224834410228
nsga2,5,6060,302,nsga2,20,20,20,0.05,6060,16,580737.8928571398,0.008365713059902191,610590.1249999957,0.008932664059102535,23,1,0,4,772.2802991198841,7.84559700267511
nsga2,5,6080,303,nsga2,20,20,20,0.05,6080,19,580737.8928571398,0.008365713059902191,610590.1249999957,0.008904554881155491,25,1,0,4,774.7638330520131,7.846261971281114
nsga2,5,6100,304,nsga2,20,20,20,0.05,6100,20,580737.8928571398,0.008365713059902191,610590.1249999957,0.008904554881155491,26,1,0,3,777.3264962260146,7.846123899817075
nsga2,5,6120,305,nsga2,20,20,20,0.05,6120,19,580737.8928571398,0.008365713059902191,610590.1249999957,0.008904554881155491,25,1,0,2,779.8439843109809,7.8464412409443
nsga2,5,6140,306,nsga2,20,20,20,0.05,6140,19,580737.8928571398,0.008365713059902191,610590.1249999957,0.008904554881155491,18,1,0,4,782.3564423639327,7.846806989216675
nsga2,5,6160,307,nsga2,20,20,20,0.05,6160,20,580737.8928571398,0.008365713059902191,610590.1249999957,0.008904554881155491,19,1,0,1,784.8808040430304,7.847051384457529
nsga2,5,6180,308,nsga2,20,20,20,0.05,6180,20,580737.8928571398,0.008365713059902191,610590.1249999957,0.008904554881155491,20,1,0,3,787.3956808769144,7.8473887399515725
nsga2,5,6200,309,nsga2,20,20,20,0.05,6200,20,580737.8928571398,0.008365713059902191,610590.1249999957,0.008904554881155491,22,1,0,2,790.3474773860071,7.843385570739789
nsga2,5,6220,310,nsga2,20,20,20,0.05,6220,20,580737.8928571398,0.008365713059902191,610590.1249999957,0.008904554881155491,23,1,0,3,792.9716539739165,7.842651081957292
nsga2,5,6240,311,nsga2,20,20,20,0.05,6240,20,580737.8928571398,0.008365713059902191,610590.1249999957,0.008904554881155491,23,1,0,1,795.5387082789093,7.842484514044108
nsga2,5,6260,312,nsga2,20,20,20,0.05,6260,20,580737.8928571398,0.008365713059902191,610590.1249999957,0.008904554881155491,25,1,0,2,798.1327951948624,7.84205339973767
nsga2,5,6280,313,nsga2,20,20,20,0.05,6280,20,580737.8928571398,0.008365713059902191,610590.1249999957,0.008904554881155491,27,1,0,3,800.7037157109007,7.841851956969154
nsga2,5,6300,314,nsga2,20,20,20,0.05,6300,20,580737.8928571398,0.008365713059902191,610590.1249999957,0.008904554881155491,27,1,0,0,803.2745221878868,7.841652916917309
nsga2,5,6320,315,nsga2,20,20,19,0.1,6320,20,580737.8928571398,0.008365713059902191,610590.1249999957,0.008904554881155491,28,1,0,3,805.8780840178952,7.841136426610754
nsga2,5,6340,316,nsga2,20,20,19,0.1,6340,20,580737.8928571398,0.008365713059902191,610590.1249999957,0.008904554881155491,30,1,0,3,808.4802984769922,7.840636329594364
nsga2,5,6360,317,nsga2,20,20,19,0.1,6360,20,580737.8928571398,0.008365713059902191,610590.1249999957,0.008904554881155491,30,1,0,0,811.0857494368684,7.840108156770123
nsga2,5,6380,318,nsga2,20,20,19,0.1,6380,20,580737.8928571398,0.008365713059902191,610590.1249999957,0.008904554881155491,30,1,0,0,813.9560597739182,7.837032384489907
nsga2,5,6400,319,nsga2,20,20,20,0.05,6400,20,580737.8928571398,0.008365713059902191,610590.1249999957,0.008904554881155491,28,1,0,5,817.0042755808681,7.832272353104251
nsga2,5,6420,320,nsga2,20,20,19,0.1,6420,20,580737.8928571398,0.008365713059902191,610590.1249999957,0.008904554881155491,26,1,0,4,819.8171490938403,7.829794737881544
nsga2,5,6440,321,nsga2,20,20,19,0.1,6440,20,580737.8928571398,0.008365713059902191,610590.1249999957,0.008904554881155491,26,1,0,0,822.3296646180097,7.830193019962447
nsga2,5,6460,322,nsga2,20,20,20,0.05,6460,20,580737.8928571398,0.008365713059902191,610590.1249999957,0.008904554881155491,27,1,0,3,825.1996678740252,7.827196557943877
nsga2,5,6480,323,nsga2,20,20,20,0.05,6480,20,580737.8928571398,0.008365713059902191,610590.1249999957,0.008904554881155491,25,1,0,3,827.7038723339792,7.827678734582165
nsga2,5,6500,324,nsga2,20,20,20,0.05,6500,20,580737.8928571398,0.008365713059902191,610590.1249999957,0.008904554881155491,25,1,0,3,830.2712347388733,7.827562521835392
nsga2,5,6520,325,nsga2,20,20,20,0.05,6520,20,580737.8928571398,0.008365713059902191,610590.1249999957,0.008904554881155491,25,1,0,1,832.8535002898425,7.827306960625505
nsga2,5,6540,326,nsga2,20,20,20,0.05,6540,20,580737.8928571398,0.008365713059902191,610590.1249999957,0.008904554881155491,25,1,0,1,835.3441796149127,7.827911128816901
nsga2,5,6560,327,nsga2,20,20,20,0.05,6560,20,580737.8928571398,0.008365713059902191,610590.1249999957,0.008904554881155491,26,1,0,2,837.9151028618217,7.827761998319807
nsga2,5,6580,328,nsga2,20,20,19,0.1,6580,20,580737.8928571398,0.008365713059902191,610590.1249999957,0.008904554881155491,28,1,0,5,840.7354914578609,7.825291149053092
nsga2,5,6600,329,nsga2,20,20,19,0.1,6600,20,580737.8928571398,0.008365713059902191,610590.1249999957,0.008904554881155491,29,1,0,2,843.526670882944,7.82310770694735
nsga2,5,6620,330,nsga2,20,20,18,0.1,6620,20,580737.8928571398,0.008355599828064442,611034.3928571386,0.008904554881155491,30,1,0,3,846.4171780368779,7.820020873574017
nsga2,5,6640,331,nsga2,20,20,17,0.15,6640,18,580737.8928571398,0.008355599828064442,611034.3928571386,0.008904554881155491,21,1,0,6,849.4053932200186,7.81605585859557
nsga2,5,6660,332,nsga2,20,20,17,0.15,6660,16,580737.8928571398,0.008355599828064442,611034.3928571386,0.008904554881155491,19,1,0,1,852.2942940939683,7.813028957419985
nsga2,5,6680,333,nsga2,20,20,17,0.15,6680,20,580737.8928571398,0.008355599828064442,611034.3928571386,0.008904554881155491,19,1,0,5,855.1922321808524,7.809939974510378
nsga2,5,6700,334,nsga2,20,20,17,0.15,6700,20,580737.8928571398,0.008355599828064442,611034.3928571386,0.008904554881155491,19,1,0,3,857.7636038279161,7.809844076042131
nsga2,5,6720,335,nsga2,20,20,19,0.1,6720,20,580737.8928571398,0.008355599828064442,611034.3928571386,0.008904554881155491,19,1,0,3,860.549012450967,7.807806298985022
nsga2,5,6740,336,nsga2,20,20,20,0.05,6740,20,580737.8928571398,0.008355599828064442,611034.3928571386,0.008904554881155491,19,1,0,3,863.0680553768761,7.808190742336396
nsga2,5,6760,337,nsga2,20,20,20,0.05,6760,20,580737.8928571398,0.008355599828064442,611034.3928571386,0.008904554881155491,19,1,0,3,865.6072683909442,7.808390995334566
nsga2,5,6780,338,nsga2,20,20,20,0.05,6780,20,580737.8928571398,0.008355599828064442,611034.3928571386,0.008904554881155491,19,1,0,6,868.1397237919737,7.8086508590919
nsga2,5,6800,339,nsga2,20,20,19,0.1,6800,20,580737.8928571398,0.008355599828064442,611034.3928571386,0.008904554881155491,20,1,0,3,870.751581354998,7.808197131746701
nsga2,5,6820,340,nsga2,20,20,19,0.1,6820,17,580594.6964285683,0.008355599828064442,611034.3928571386,0.008904554881155491,19,1,0,4,873.233579996042,7.8089072113224365
nsga2,5,6840,341,nsga2,20,20,18,0.1,6840,19,580594.6964285683,0.008355599828064442,611034.3928571386,0.00889949407428503,19,1,0,3,875.7743430109695,7.809089241512912
nsga2,5,6860,342,nsga2,20,20,19,0.1,6860,20,580594.6964285683,0.008355599828064442,611034.3928571386,0.00889949407428503,19,1,0,3,878.3338778829202,7.809103317900585
nsga2,5,6880,343,nsga2,20,20,19,0.1,6880,20,580594.6964285683,0.008355599828064442,611034.3928571386,0.00889949407428503,19,1,0,1,880.9069449908566,7.808997351100917
nsga2,5,6900,344,nsga2,20,20,19,0.1,6900,20,580594.6964285683,0.008355599828064442,611034.3928571386,0.00889949407428503,19,1,0,1,883.5951498239301,7.80787445627642
nsga2,5,6920,345,nsga2,20,20,20,0.05,6920,20,580594.6964285683,0.008355599828064442,611034.3928571386,0.00889949407428503,20,1,0,1,886.0606490888167,7.8087205510313265
nsga2,5,6940,346,nsga2,20,20,20,0.05,6940,20,580594.6964285683,0.008355599828064442,611034.3928571386,0.00889949407428503,21,1,0,2,888.5565174259245,7.809295035167504
nsga2,5,6960,347,nsga2,20,20,20,0.05,6960,20,580594.6964285683,0.008355599828064442,611034.3928571386,0.00889949407428503,22,1,0,2,891.1824184840079,7.80872676083306
nsga2,5,6980,348,nsga2,20,20,19,0.1,6980,20,580594.6964285683,0.008355599828064442,611034.3928571386,0.00889949407428503,22,1,0,2,893.744558256818,7.8087188733344775
nsga2,5,7000,349,nsga2,20,20,19,0.1,7000,20,580594.6964285683,0.008355599828064442,611034.3928571386,0.00889949407428503,19,1,0,2,896.2347690318711,7.809337733639195
nsga2,5,7020,350,nsga2,20,20,19,0.1,7020,20,580594.6964285683,0.008355599828064442,611034.3928571386,0.00889949407428503,21,1,0,2,898.7192935040221,7.810002578929377
nsga2,5,7040,351,nsga2,20,20,19,0.1,7040,20,580594.6964285683,0.008355599828064442,611034.3928571386,0.00889949407428503,21,1,0,0,901.3001844850369,7.809828646625401
nsga2,5,7060,352,nsga2,20,20,19,0.1,7060,20,580594.6964285683,0.008355599828064442,611034.3928571386,0.00889949407428503,21,1,0,3,903.8160795089789,7.810217321907994
nsga2,5,7080,353,nsga2,20,20,19,0.1,7080,20,580594.6964285683,0.008355599828064442,611034.3928571386,0.00889949407428503,21,1,0,3,906.2939892888535,7.8109312029694875
nsga2,5,7100,354,nsga2,20,20,19,0.1,7100,20,580594.6964285683,0.008355599828064442,611034.3928571386,0.00889949407428503,22,1,0,2,908.785214914009,7.811526732058159
nsga2,5,7120,355,nsga2,20,20,19,0.1,7120,20,580594.6964285683,0.008355599828064442,611034.3928571386,0.00889949407428503,22,1,0,1,911.4464913669508,7.81066147868232
nsga2,5,7140,356,nsga2,20,20,19,0.1,7140,20,580594.6964285683,0.008355599828064442,611034.3928571386,0.00889949407428503,22,1,0,0,913.9624628708698,7.811042892916535
nsga2,5,7160,357,nsga2,20,20,19,0.1,7160,19,580588.3392857113,0.008355599828064442,611034.3928571386,0.00889949407428503,22,1,0,1,916.4708741130307,7.811486651911932
nsga2,5,7180,358,nsga2,20,20,19,0.1,7180,19,580588.3392857113,0.008355599828064442,611034.3928571386,0.00889949407428503,22,1,0,0,918.9123966379557,7.812496627824328
nsga2,5,7200,359,nsga2,20,20,19,0.1,7200,19,580588.3392857113,0.008355599828064442,611034.3928571386,0.008898245170712471,22,1,0,1,921.3601840760093,7.813448122049634
nsga2,5,7220,360,nsga2,20,20,19,0.1,7220,20,580588.3392857113,0.008355599828064442,611034.3928571386,0.008898245170712471,23,1,0,2,923.9930085870437,7.812829678266924
nsga2,5,7240,361,nsga2,20,20,18,0.1,7240,20,580588.3392857113,0.008355599828064442,611034.3928571386,0.008898245170712471,21,1,0,4,926.5304965199903,7.813018597001805
nsga2,5,7260,362,nsga2,20,20,18,0.1,7260,20,580588.3392857113,0.008355599828064442,611034.3928571386,0.008898245170712471,22,1,0,4,929.006862378912,7.813720537447749
nsga2,5,7280,363,nsga2,20,20,19,0.1,7280,20,580588.3392857113,0.008355599828064442,611034.3928571386,0.008898245170712471,22,1,0,2,931.4139664010145,7.814999841720295
nsga2,5,7300,364,nsga2,20,20,19,0.1,7300,20,580588.3392857113,0.008355599828064442,611034.3928571386,0.008898245170712471,23,1,0,1,933.9155632599723,7.81548170642081
nsga2,5,7320,365,nsga2,20,20,20,0.05,7320,20,580588.3392857113,0.008355599828064442,611034.3928571386,0.008898245170712471,24,1,0,3,936.4403831979726,7.815767166090586
nsga2,5,7340,366,nsga2,20,20,20,0.05,7340,19,580588.3392857113,0.008355599828064442,611034.3928571386,0.009122366085648537,22,1,0,2,938.9680391768925,7.816027483143548
nsga2,5,7360,367,nsga2,20,20,20,0.05,7360,20,580588.3392857113,0.008355599828064442,611034.3928571386,0.008898245170712471,22,1,0,2,941.5118869128637,7.8161519809691695
nsga2,5,7380,368,nsga2,20,20,20,0.05,7380,20,580588.3392857113,0.008355599828064442,611034.3928571386,0.008898245170712471,23,1,0,3,944.0513582369313,7.816312042366737
nsga2,5,7400,369,nsga2,20,20,20,0.05,7400,20,580588.3392857113,0.008355599828064442,611034.3928571386,0.008898245170712471,24,1,0,2,946.555346056819,7.8167642608780525
nsga2,5,7420,370,nsga2,20,20,20,0.05,7420,20,580588.3392857113,0.008355599828064442,611034.3928571386,0.008898245170712471,24,1,0,2,949.0522695539985,7.81727228099514
nsga2,5,7440,371,nsga2,20,20,19,0.1,7440,20,580588.3392857113,0.008355599828064442,611034.3928571386,0.008898245170712471,24,1,0,1,951.4577451648656,7.818529028539248
nsga2,5,7460,372,nsga2,20,20,19,0.1,7460,20,580588.3392857113,0.008355599828064442,611034.3928571386,0.008898245170712471,24,1,0,2,954.0925031169318,7.817900230462076
nsga2,5,7480,373,nsga2,20,20,19,0.1,7480,20,580588.3392857113,0.008355599828064442,611034.3928571386,0.008898245170712471,24,1,0,0,956.5333180120215,7.818859896635619
nsga2,5,7500,374,nsga2,20,20,19,0.1,7500,20,580588.3392857113,0.008355599828064442,611034.3928571386,0.008898245170712471,24,1,0,3,959.0145088930149,7.819485451430817
nsga2,5,7520,375,nsga2,20,20,19,0.1,7520,20,580588.3392857113,0.008355599828064442,611034.3928571386,0.008898245170712471,24,1,0,0,961.5093530088197,7.819996733750992
nsga2,5,7540,376,nsga2,20,20,19,0.1,7540,20,580588.3392857113,0.008355599828064442,611034.3928571386,0.008898245170712471,24,1,0,2,964.1552213858813,7.819280373925067
nsga2,5,7560,377,nsga2,20,20,19,0.1,7560,20,580588.3392857113,0.008355599828064442,611034.3928571386,0.008898245170712471,24,1,0,0,966.6825244750362,7.8195268959733895
nsga2,5,7580,378,nsga2,20,20,19,0.1,7580,20,580588.3392857113,0.008355599828064442,611034.3928571386,0.008898245170712471,24,1,0,0,969.2417781869881,7.819514357064625
nsga2,5,7600,379,nsga2,20,20,20,0.05,7600,20,580588.3392857113,0.008355599828064442,611034.3928571386,0.008898245170712471,26,1,0,2,971.7315834020264,7.820060734669081
nsga2,5,7620,380,nsga2,20,20,20,0.05,7620,20,580588.3392857113,0.008355599828064442,611034.3928571386,0.008898245170712471,26,1,0,2,974.1666320238728,7.8210439051594305
nsga2,5,7640,381,nsga2,20,20,20,0.05,7640,20,580239.5178571398,0.008355599828064442,611034.3928571386,0.008962040767073631,27,1,0,2,976.66404878092,7.821522671521556
nsga2,5,7660,382,nsga2,20,20,20,0.05,7660,20,580239.5178571398,0.008355599828064442,611034.3928571386,0.008962040767073631,27,1,0,1,979.2108146778774,7.821604791527467
nsga2,5,7680,383,nsga2,20,20,20,0.05,7680,20,580065.4464285683,0.008355599828064442,611034.3928571386,0.008952433243393898,28,1,0,2,981.7664534689393,7.821615795556356
nsga2,5,7700,384,nsga2,20,20,20,0.05,7700,20,580065.4464285683,0.008355599828064442,611034.3928571386,0.008952433243393898,28,1,0,0,984.3129075958859,7.821699726364717
nsga2,5,7720,385,nsga2,20,20,20,0.05,7720,20,580065.4464285683,0.008355599828064442,611034.3928571386,0.008952433243393898,29,1,0,2,986.8969992080238,7.821484923142364
nsga2,5,7740,386,nsga2,20,20,20,0.05,7740,20,580065.4464285683,0.008355599828064442,611034.3928571386,0.008952433243393898,29,1,0,1,989.4641954929102,7.821404791857829
nsga2,5,7760,387,nsga2,20,20,20,0.05,7760,20,580065.4464285683,0.008355599828064442,611034.3928571386,0.008952433243393898,29,1,0,1,991.9232992150355,7.82217738623554
nsga2,5,7780,388,nsga2,20,20,20,0.05,7780,20,580065.4464285683,0.008355599828064442,611034.3928571386,0.008952433243393898,29,1,0,1,994.4519243049435,7.82239926322935
nsga2,5,7800,389,nsga2,20,20,20,0.05,7800,20,580065.4464285683,0.008355599828064442,611034.3928571386,0.008952433243393898,30,1,0,5,996.9266801129561,7.823042712746277
nsga2,5,7820,390,nsga2,20,20,20,0.05,7820,20,580065.4464285683,0.008355599828064442,611034.3928571386,0.008952433243393898,30,1,0,2,999.6750299509149,7.821541766811882
nsga2,5,7840,391,nsga2,20,20,20,0.05,7840,20,580065.4464285683,0.008355599828064442,611034.3928571386,0.008952433243393898,30,1,0,1,1002.3477565678768,7.82063904332105
nsga2,5,7860,392,nsga2,20,20,20,0.05,7860,20,580065.4464285683,0.008355599828064442,611034.3928571386,0.008952433243393898,30,1,0,1,1004.8139174229,7.821348673350781
nsga2,5,7880,393,nsga2,20,20,20,0.05,7880,20,580065.4464285683,0.008355599828064442,611034.3928571386,0.008952433243393898,30,1,0,1,1007.3851368499454,7.821239079064965
nsga2,5,7900,394,nsga2,20,20,20,0.05,7900,20,580065.4464285683,0.008355599828064442,611034.3928571386,0.008952433243393898,31,1,0,2,1009.9325614869595,7.821314314660795
nsga2,5,7920,395,nsga2,20,20,20,0.05,7920,20,580065.4464285683,0.008355599828064442,611034.3928571386,0.008952433243393898,32,1,0,0,1012.4500107518397,7.821620737718591
nsga2,5,7940,396,nsga2,20,20,20,0.05,7940,20,580065.4464285683,0.008355599828064442,611034.3928571386,0.008952433243393898,32,1,0,0,1014.9522177518811,7.822043108181864
nsga2,5,7960,397,nsga2,20,20,20,0.05,7960,20,580065.4464285683,0.008355599828064442,611034.3928571386,0.008952433243393898,33,1,0,2,1017.4493643590249,7.822502307045058
nsga2,5,7980,398,nsga2,20,20,20,0.05,7980,20,580065.4464285683,0.008355599828064442,611034.3928571386,0.008952433243393898,32,1,0,1,1019.9162536638323,7.823191336874119
nsga2,5,8000,399,nsga2,20,20,20,0.05,8000,20,580065.4464285683,0.008355599828064442,611034.3928571386,0.008952433243393898,32,1,0,3,1022.4111939209979,7.823662385114776
nsga2,5,8020,400,nsga2,20,20,20,0.05,8020,20,580065.4464285683,0.008355599828064442,611034.3928571386,0.008952433243393898,32,1,0,1,1024.9679643509444,7.82365915707228
nsga2,5,8040,401,nsga2,20,20,19,0.1,8040,20,580065.4464285683,0.008355599828064442,611034.3928571386,0.008952433243393898,32,1,0,1,1027.5382312180009,7.823553183486814
nsga2,5,8060,402,nsga2,20,20,20,0.05,8060,20,580065.4464285683,0.008355599828064442,611034.3928571386,0.008952433243393898,32,1,0,1,1030.0973602898885,7.82353232876167
nsga2,5,8080,403,nsga2,20,20,20,0.05,8080,20,580065.4464285683,0.008355599828064442,611034.3928571386,0.008952433243393898,32,1,0,0,1032.6181092569605,7.823802359822446
nsga2,5,8100,404,nsga2,20,20,20,0.05,8100,20,580065.4464285683,0.008355599828064442,611034.3928571386,0.008952433243393898,32,1,0,1,1035.1364790420048,7.824089058763961
nsga2,5,8120,405,nsga2,20,20,20,0.05,8120,20,580065.4464285683,0.008355599828064442,611034.3928571386,0.008952433243393898,33,1,0,1,1037.6432718529832,7.824461662533989
nsga2,5,8140,406,nsga2,20,20,20,0.05,8140,20,580065.4464285683,0.008355599828064442,611034.3928571386,0.008952433243393898,33,1,0,1,1040.0489428138826,7.8255932629282805
nsga2,5,8160,407,nsga2,20,20,20,0.05,8160,20,580065.4464285683,0.008355599828064442,611034.3928571386,0.008952433243393898,33,1,0,2,1042.5763026229106,7.825806110760057
nsga2,5,8180,408,nsga2,20,20,20,0.05,8180,20,580065.4464285683,0.008355599828064442,611034.3928571386,0.008952433243393898,32,1,0,1,1045.110229224898,7.825968755531103
nsga2,5,8200,409,nsga2,20,20,20,0.05,8200,20,580065.4464285683,0.008355599828064442,611034.3928571386,0.008952433243393898,32,1,0,1,1047.5982746088412,7.826473371256166
nsga2,5,8220,410,nsga2,20,20,20,0.05,8220,20,580065.4464285683,0.008355599828064442,611034.3928571386,0.008952433243393898,32,1,0,3,1050.0909828839358,7.826940840333287
nsga2,5,8240,411,nsga2,20,20,20,0.05,8240,20,580065.4464285683,0.008331552147865295,618184.5892857092,0.008952433243393898,33,1,0,2,1053.0031057968736,7.824288413437329
nsga2,5,8260,412,nsga2,20,20,20,0.05,8260,19,580065.4464285683,0.008331552147865295,618184.5892857092,0.008952433243393898,32,1,0,2,1055.6225251038559,7.823819408540425
nsga2,5,8280,413,nsga2,20,20,20,0.05,8280,19,580065.4464285683,0.008331552147865295,618184.5892857092,0.009614851325750351,32,1,0,1,1058.0796563548502,7.824552669807174
nsga2,5,8300,414,nsga2,20,20,19,0.1,8300,20,580065.4464285683,0.008331552147865295,618184.5892857092,0.008952433243393898,32,1,0,1,1060.62379877083,7.824640564937175
nsga2,5,8320,415,nsga2,20,20,18,0.1,8320,20,580065.4464285683,0.008331552147865295,618184.5892857092,0.008952433243393898,32,1,0,1,1063.1257366898935,7.825038669369167
nsga2,5,8340,416,nsga2,20,20,18,0.1,8340,20,580065.4464285683,0.008331552147865295,618184.5892857092,0.008952433243393898,32,1,0,2,1065.6184214348905,7.8255028556762944
nsga2,5,8360,417,nsga2,20,20,18,0.1,8360,20,580065.4464285683,0.008331552147865295,618184.5892857092,0.008952433243393898,32,1,0,0,1068.153410458006,7.825654927615504
nsga2,5,8380,418,nsga2,20,20,18,0.1,8380,20,580065.4464285683,0.008331552147865295,618184.5892857092,0.008952433243393898,32,1,0,2,1070.6152010008227,7.826341333625022
nsga2,5,8400,419,nsga2,20,20,18,0.1,8400,20,579841.9642857113,0.008331552147865295,618184.5892857092,0.008912910707294941,30,1,0,4,1073.0577857559547,7.827164679750232
nsga2,5,8420,420,nsga2,20,20,18,0.1,8420,20,579841.9642857113,0.008331552147865295,618184.5892857092,0.008912910707294941,26,1,0,2,1075.5713343999814,7.827467812440935
nsga2,5,8440,421,nsga2,20,20,19,0.1,8440,19,579841.9642857113,0.008331552147865295,618184.5892857092,0.008912910707294941,24,1,0,2,1078.0749862298835,7.82784139117435
nsga2,5,8460,422,nsga2,20,20,19,0.1,8460,19,579841.9642857113,0.008331552147865295,618184.5892857092,0.008912910707294941,24,1,0,0,1080.6499585979618,7.827696593793174
nsga2,5,8480,423,nsga2,20,20,19,0.1,8480,17,579841.9642857113,0.008331552147865295,618184.5892857092,0.008912910707294941,24,1,0,3,1083.2304232488386,7.827512796926137
nsga2,5,8500,424,nsga2,20,20,19,0.1,8500,19,579841.9642857113,0.008331552147865295,618423.4107142806,0.008912910707294941,24,1,0,3,1085.6970784838777,7.82815038230409
nsga2,5,8520,425,nsga2,20,20,19,0.1,8520,19,579841.9642857113,0.008331552147865295,618184.5892857092,0.009157907217741013,24,1,0,1,1088.3492488029879,7.8274506178688075
nsga2,5,8540,426,nsga2,20,20,19,0.1,8540,19,579841.9642857113,0.008331552147865295,618184.5892857092,0.008912910707294941,24,1,0,1,1091.014682746958,7.826659104624052
nsga2,5,8560,427,nsga2,20,20,19,0.1,8560,20,579841.9642857113,0.008331552147865295,618184.5892857092,0.008912910707294941,24,1,0,2,1093.6005488699302,7.826440841534347
nsga2,5,8580,428,nsga2,20,20,19,0.1,8580,20,579269.8214285686,0.008331552147865295,618184.5892857092,0.008975629694759846,25,1,0,1,1096.396137706004,7.824726579163158
nsga2,5,8600,429,nsga2,20,20,20,0.05,8600,20,579269.8214285686,0.008331225253641605,618184.5892857092,0.008975629694759846,25,1,0,2,1099.0917185428552,7.823732864988112
nsga2,5,8620,430,nsga2,20,20,20,0.05,8620,20,579269.8214285686,0.008331225253641605,618184.5892857092,0.008975629694759846,25,1,0,1,1101.9397262898274,7.821661924304804
nsga2,5,8640,431,nsga2,20,20,20,0.05,8640,18,579269.8214285686,0.008331225253641605,618184.5892857092,0.008975629694759846,24,1,0,4,1104.4771047739778,7.821800888998872
nsga2,5,8660,432,nsga2,20,20,20,0.05,8660,19,579269.8214285686,0.008331225253641605,618184.5892857092,0.008975629694759846,25,1,0,2,1107.1119933258742,7.821250291027473
nsga2,5,8680,433,nsga2,20,20,20,0.05,8680,20,579269.8214285686,0.008331225253641605,618184.5892857092,0.008975629694759846,25,1,0,3,1109.7136486149393,7.820936518923122
nsga2,5,8700,434,nsga2,20,20,20,0.05,8700,20,579269.8214285686,0.008331225253641605,618184.5892857092,0.008975629694759846,25,1,0,3,1112.2021545078605,7.821419842374994
nsga2,5,8720,435,nsga2,20,20,20,0.05,8720,20,579269.8214285686,0.008331225253641605,618184.5892857092,0.008975629694759846,25,1,0,2,1114.7446722539607,7.821522019361256
nsga2,5,8740,436,nsga2,20,20,20,0.05,8740,20,579269.8214285686,0.008331225253641605,618184.5892857092,0.008975629694759846,25,1,0,1,1117.4355274089612,7.820585425866529
nsga2,5,8760,437,nsga2,20,20,20,0.05,8760,20,579269.8214285686,0.008331225253641605,618184.5892857092,0.008975629694759846,26,1,0,5,1120.010297826957,7.820463809122295
nsga2,5,8780,438,nsga2,20,20,20,0.05,8780,20,579269.8214285686,0.008331225253641605,618184.5892857092,0.008975629694759846,26,1,0,0,1122.8515468910336,7.818486802024196
nsga2,5,8800,439,nsga2,20,20,20,0.05,8800,20,579269.8214285686,0.008331225253641605,618184.5892857092,0.008975629694759846,27,1,0,2,1125.3804959310219,7.818688907275427
nsga2,5,8820,440,nsga2,20,20,20,0.05,8820,20,579269.8214285686,0.008331225253641605,618184.5892857092,0.008975629694759846,27,1,0,1,1127.9495561770163,7.818612057342729
nsga2,5,8840,441,nsga2,20,20,20,0.05,8840,20,579269.8214285686,0.008331225253641605,618184.5892857092,0.008975629694759846,27,1,0,3,1130.6242162960116,7.817805308431355
nsga2,5,8860,442,nsga2,20,20,20,0.05,8860,20,579269.8214285686,0.008331225253641605,618184.5892857092,0.008975629694759846,27,1,0,2,1133.1081578868907,7.818318082292303
nsga2,5,8880,443,nsga2,20,20,20,0.05,8880,20,579269.8214285686,0.008331225253641605,618184.5892857092,0.008975629694759846,27,1,0,2,1135.64653846086,7.818453805207468
nsga2,5,8900,444,nsga2,20,20,20,0.05,8900,20,579269.8214285686,0.008331225253641605,618184.5892857092,0.008975629694759846,28,1,0,2,1138.1883179459255,7.818565574508721
nsga2,5,8920,445,nsga2,20,20,20,0.05,8920,20,579213.7499999972,0.008331225253641605,618184.5892857092,0.00895660649985075,28,1,0,4,1140.8178810658865,7.818075214307493
nsga2,5,8940,446,nsga2,20,20,20,0.05,8940,20,579213.7499999972,0.008331225253641605,618184.5892857092,0.00895660649985075,24,1,0,1,1143.578210199019,7.816693183096178
nsga2,5,8960,447,nsga2,20,20,20,0.05,8960,20,579213.7499999972,0.008331225253641605,618184.5892857092,0.00895660649985075,24,1,0,2,1146.1858385798987,7.816359004312967
nsga2,5,8980,448,nsga2,20,20,20,0.05,8980,20,579213.7499999972,0.008331225253641605,618184.5892857092,0.00895660649985075,25,1,0,2,1148.7817958469968,7.816105749986909
nsga2,5,9000,449,nsga2,20,20,20,0.05,9000,20,579213.7499999972,0.008331225253641605,618184.5892857092,0.00895660649985075,25,1,0,0,1151.3143187779933,7.8162842702690885
nsga2,5,9020,450,nsga2,20,20,20,0.05,9020,20,579213.7499999972,0.008328777737915516,618757.2678571377,0.00895660649985075,26,1,0,2,1154.0087162640411,7.815365579904703
nsga2,5,9040,451,nsga2,20,20,20,0.05,9040,20,579213.7499999972,0.008328777737915516,618757.2678571377,0.00895660649985075,26,1,0,2,1156.738559853984,7.814211710156009
nsga2,5,9060,452,nsga2,20,20,20,0.05,9060,20,579213.7499999972,0.00832816306501627,618757.2678571377,0.00895660649985075,26,1,0,2,1159.2401859329548,7.814601417314851
nsga2,5,9080,453,nsga2,20,20,20,0.05,9080,19,579213.7499999972,0.00832816306501627,618757.2678571377,0.00895660649985075,20,1,0,4,1161.8793512068223,7.814064335139284
nsga2,5,9100,454,nsga2,20,20,20,0.05,9100,20,579213.7499999972,0.00832816306501627,618757.2678571377,0.00895660649985075,20,1,0,2,1164.5485057330225,7.813328474688699
nsga2,5,9120,455,nsga2,20,20,19,0.1,9120,20,579213.7499999972,0.00832816306501627,618757.2678571377,0.00895660649985075,21,1,0,2,1166.9876912669279,7.814135545937124
nsga2,5,9140,456,nsga2,20,20,20,0.05,9140,20,579213.7499999972,0.00832816306501627,618757.2678571377,0.00895660649985075,22,1,0,5,1169.7570796930231,7.812733223549567
nsga2,5,9160,457,nsga2,20,20,20,0.05,9160,19,579166.01785714,0.00832816306501627,618757.2678571377,0.00895660649985075,22,1,0,1,1172.274158337852,7.813018767714196
nsga2,5,9180,458,nsga2,20,20,20,0.05,9180,20,579166.01785714,0.00832816306501627,618757.2678571377,0.008956064470112324,22,1,0,4,1175.1318403789774,7.811038459344097
nsga2,5,9200,459,nsga2,20,20,20,0.05,9200,20,579166.01785714,0.00832816306501627,618757.2678571377,0.008956064470112324,22,1,0,1,1177.6831220178865,7.811099461320366
nsga2,5,9220,460,nsga2,20,20,20,0.05,9220,20,579166.01785714,0.00832816306501627,618757.2678571377,0.008956064470112324,23,1,0,3,1180.289962779032,7.810792509235236
nsga2,5,9240,461,nsga2,20,20,20,0.05,9240,20,579166.01785714,0.00832816306501627,618757.2678571377,0.008956064470112324,23,1,0,0,1182.8424615389667,7.810845738475916
nsga2,5,9260,462,nsga2,20,20,20,0.05,9260,19,579166.01785714,0.00832816306501627,618757.2678571377,0.008956064470112324,22,1,0,3,1185.3117068950087,7.811447356961045
nsga2,5,9280,463,nsga2,20,20,20,0.05,9280,20,579166.01785714,0.00832816306501627,618757.2678571377,0.008955692872405052,22,1,0,3,1187.8904003549833,7.8113266991863135
nsga2,5,9300,464,nsga2,20,20,20,0.05,9300,20,579166.01785714,0.00832816306501627,618757.2678571377,0.008955692872405052,23,1,0,4,1190.3090108199976,7.812257082380623
nsga2,5,9320,465,nsga2,20,20,20,0.05,9320,18,579166.01785714,0.00832816306501627,622204.446428566,0.008983740583062172,22,1,0,3,1193.0024229160044,7.811383967873233
nsga2,5,9340,466,nsga2,20,20,20,0.05,9340,19,579166.01785714,0.00832816306501627,618757.2678571377,0.008955692872405052,22,1,0,2,1195.53346052696,7.811575592274608
nsga2,5,9360,467,nsga2,20,20,20,0.05,9360,20,579166.01785714,0.00832816306501627,618757.2678571377,0.008955692872405052,23,1,0,1,1198.12921702303,7.8113444418408715
nsga2,5,9380,468,nsga2,20,20,20,0.05,9380,20,579166.01785714,0.00832816306501627,618757.2678571377,0.008955692872405052,23,1,0,2,1200.9693503179587,7.809524862159799
nsga2,5,9400,469,nsga2,20,20,20,0.05,9400,19,579166.01785714,0.00832816306501627,618757.2678571377,0.008956064470112324,23,1,0,2,1203.5759717989713,7.809228682051057
nsga2,5,9420,470,nsga2,20,20,20,0.05,9420,19,579166.01785714,0.00832816306501627,618757.2678571377,0.008956064470112324,23,1,0,0,1206.4410814929288,7.807260664850965
nsga2,5,9440,471,nsga2,20,20,20,0.05,9440,20,579166.01785714,0.00832816306501627,618757.2678571377,0.008955692872405052,23,1,0,2,1208.9085554578342,7.807869302757387
nsga2,5,9460,472,nsga2,20,20,20,0.05,9460,20,579166.01785714,0.00832816306501627,618757.2678571377,0.008955692872405052,23,1,0,0,1211.6458322119433,7.8067367117765265
nsga2,5,9480,473,nsga2,20,20,20,0.05,9480,20,579166.01785714,0.00832816306501627,618757.2678571377,0.008955692872405052,23,1,0,1,1214.3990264208987,7.805506916401852
nsga2,5,9500,474,nsga2,20,20,20,0.05,9500,20,579166.01785714,0.00832816306501627,618757.2678571377,0.008955692872405052,24,1,0,1,1217.164807004854,7.804201982617887
nsga2,5,9520,475,nsga2,20,20,20,0.05,9520,20,579166.01785714,0.00832816306501627,618757.2678571377,0.008955692872405052,24,1,0,1,1219.841725133825,7.8034713880242945
nsga2,5,9540,476,nsga2,20,20,20,0.05,9540,20,579166.01785714,0.00832816306501627,618757.2678571377,0.008955692872405052,24,1,0,2,1222.3489713559393,7.803827076827728
nsga2,5,9560,477,nsga2,20,20,20,0.05,9560,20,579166.01785714,0.00832816306501627,618757.2678571377,0.008955692872405052,25,1,0,2,1224.9615336088464,7.803510345209233
nsga2,5,9580,478,nsga2,20,20,20,0.05,9580,20,579166.01785714,0.00832816306501627,618757.2678571377,0.008955692872405052,26,1,0,1,1227.6095260758884,7.80296975262136
nsga2,5,9600,479,nsga2,20,20,20,0.05,9600,20,579166.01785714,0.00832816306501627,618757.2678571377,0.008955692872405052,26,1,0,0,1230.350540310843,7.80184157725883
nsga2,5,9620,480,nsga2,20,20,19,0.1,9620,20,579166.01785714,0.00832816306501627,618757.2678571377,0.008955692872405052,28,1,0,3,1233.1948875768576,7.800064772325377
nsga2,5,9640,481,nsga2,20,20,18,0.1,9640,20,579166.01785714,0.00832816306501627,618757.2678571377,0.008955692872405052,28,1,0,1,1235.841133643873,7.799546185665017
nsga2,5,9660,482,nsga2,20,20,18,0.1,9660,20,579166.01785714,0.00832816306501627,618757.2678571377,0.008955692872405052,28,1,0,0,1238.3528023469262,7.79987737072526
nsga2,5,9680,483,nsga2,20,20,19,0.1,9680,20,579166.01785714,0.00832816306501627,618757.2678571377,0.008955692872405052,28,1,0,1,1240.9765621949919,7.799502661742584
nsga2,5,9700,484,nsga2,20,20,20,0.05,9700,20,579166.01785714,0.00832816306501627,618757.2678571377,0.008955692872405052,28,1,0,2,1243.4968294608407,7.799778632491829
nsga2,5,9720,485,nsga2,20,20,20,0.05,9720,20,579166.01785714,0.00832816306501627,618757.2678571377,0.008955692872405052,28,1,0,0,1246.0826362438966,7.799643231765324
nsga2,5,9740,486,nsga2,20,20,20,0.05,9740,20,579166.01785714,0.00832816306501627,618757.2678571377,0.008955692872405052,28,1,0,1,1248.6906545748934,7.799369655181382
nsga2,5,9760,487,nsga2,20,20,20,0.05,9760,20,579166.01785714,0.00832816306501627,618757.2678571377,0.008955692872405052,28,1,0,2,1251.3061222899705,7.799050788739372
nsga2,5,9780,488,nsga2,20,20,19,0.1,9780,20,579166.01785714,0.00832816306501627,618757.2678571377,0.008955692872405052,29,1,0,2,1253.7542409079615,7.7997742148557805
nsga2,5,9800,489,nsga2,20,20,20,0.05,9800,20,579166.01785714,0.00832816306501627,618757.2678571377,0.008955692872405052,29,1,0,3,1256.492285941029,7.798694914120545
nsga2,5,9820,490,nsga2,20,20,20,0.05,9820,20,579166.01785714,0.00832816306501627,618757.2678571377,0.008955692872405052,29,1,0,2,1259.114164978033,7.798339716217319
nsga2,5,9840,491,nsga2,20,20,20,0.05,9840,20,579166.01785714,0.00832816306501627,618757.2678571377,0.008955692872405052,30,1,0,1,1261.688939295942,7.7982771296151965
nsga2,5,9860,492,nsga2,20,20,20,0.05,9860,20,579166.01785714,0.00832816306501627,618757.2678571377,0.008955692872405052,30,1,0,2,1264.7654083948582,7.795121478308198
nsga2,5,9880,493,nsga2,20,20,20,0.05,9880,20,579166.01785714,0.00832816306501627,618757.2678571377,0.008955692872405052,30,1,0,1,1267.3575268900022,7.794959031207481
nsga2,5,9900,494,nsga2,20,20,20,0.05,9900,20,579166.01785714,0.00832816306501627,618757.2678571377,0.008955692872405052,30,1,0,2,1269.9403221718967,7.794854472429367
nsga2,5,9920,495,nsga2,20,20,20,0.05,9920,20,579166.01785714,0.00832816306501627,618757.2678571377,0.008955692872405052,30,1,0,0,1272.6647725889925,7.793882736159732
nsga2,5,9940,496,nsga2,20,20,19,0.1,9940,20,579166.01785714,0.00832816306501627,618757.2678571377,0.008955645374953747,31,1,0,4,1275.3054810639005,7.7934268671915135
nsga2,5,9960,497,nsga2,20,20,19,0.1,9960,20,578846.0357142829,0.00832816306501627,618757.2678571377,0.009001226164400578,32,1,0,2,1277.8909853268415,7.793309534500569
nsga2,5,9980,498,nsga2,20,20,19,0.1,9980,20,578846.0357142829,0.00832816306501627,618757.2678571377,0.009001226164400578,33,1,0,1,1280.817883664975,7.791115448392833
nsga2,5,10000,499,nsga2,20,20,19,0.1,10000,20,578846.0357142829,0.00832816306501627,618757.2678571377,0.009001226164400578,34,1,0,0,1283.3475134859327,7.79134248122701
